Name,Goals,Big chances missed,Successful dribbles %,Total shots,Headed goals,Set piece conversion %,Tackles,Interceptions,Penalty committed,Clearances,Errors lead to goal,Dribbled past,Big chances created,Assists,Total passes,Accurate passes %,Accurate final third passes,Accurate long balls %,Saves,Clean sheets,Penalties faced,Penalties saved,Goals conceded inside the box,Goals conceded outside the box,Yellow cards,Red cards,Aerial duels won %,Total duels won %,Was fouled,Fouls,Appearances,Age Range,Position,League,Level
Antony,0.5,0.0,66.67,4.5,0.0,0.0,1.0,0.0,0.0,0.0,0.0,0.0,1.0,1.0,46.0,78.26,20.5,60.0,0.0,0.0,0.0,0.0,1.0,0.5,0.0,0.0,100.0,76.19,2.5,0.0,2,1,3,Holanda Eredivisie,3
Cody Gakpo,0.64,0.36,50.0,3.64,0.0,0.0,0.93,0.57,0.0,0.21,0.0,0.5,0.86,0.86,25.86,76.52,10.5,50.0,0.0,0.21,0.0,0.0,0.93,0.29,0.0,0.0,46.88,51.88,2.07,0.64,14,1,4,Holanda Eredivisie,3
Dušan Tadić,0.32,0.15,51.11,1.35,0.0,0.0,0.76,0.21,0.0,0.44,0.0,0.24,0.94,0.53,44.35,76.53,22.06,50.0,0.0,0.24,0.0,0.0,0.85,0.18,0.09,0.0,39.39,40.82,1.12,0.76,34,3,4,Holanda Eredivisie,3
Joey Veerman,0.12,0.09,73.81,1.76,0.0,0.0,1.58,0.85,0.03,0.97,0.03,1.21,0.52,0.3,55.03,83.92,17.09,63.91,0.0,0.21,0.0,0.0,0.61,0.27,0.03,0.0,60.53,53.13,0.39,0.61,33,2,3,Holanda Eredivisie,3
Fredrik Aursnes,0.0,0.0,100.0,1.0,0.0,0.0,1.0,1.0,0.0,0.0,0.0,0.5,1.0,0.0,85.0,87.65,25.0,65.0,0.0,0.5,0.0,0.0,1.0,0.0,0.0,0.0,37.5,50.0,0.0,0.5,2,2,3,Holanda Eredivisie,3
Steven Berghuis,0.31,0.07,45.95,2.59,0.07,0.0,1.52,0.21,0.0,0.24,0.0,0.62,0.38,0.31,52.62,83.49,21.34,66.67,0.0,0.1,0.0,0.0,0.83,0.1,0.17,0.0,73.68,50.89,0.38,0.45,29,3,3,Holanda Eredivisie,3
Václav Černý,0.41,0.16,57.14,3.03,0.03,0.0,1.06,0.5,0.0,0.09,0.0,1.25,0.53,0.34,37.06,75.3,13.09,62.75,0.0,0.09,0.0,0.0,0.59,0.09,0.03,0.03,21.05,43.19,0.28,0.47,32,2,4,Holanda Eredivisie,3
Fabian De Keijzer,0.0,0.0,0.0,0.0,0.0,0.0,0.0,0.0,0.0,2.0,0.0,0.0,0.0,0.0,21.0,45.24,1.0,36.11,3.0,1.0,0.0,0.0,0.0,0.0,0.0,0.0,100.0,100.0,0.0,0.0,2,1,1,Holanda Eredivisie,3
Xavi Simons,0.56,0.26,57.36,2.74,0.06,0.0,1.41,0.32,0.0,0.18,0.0,0.53,0.32,0.24,32.06,82.2,12.18,78.18,0.0,0.12,0.0,0.0,0.71,0.32,0.06,0.0,45.68,53.74,2.29,1.06,34,1,3,Holanda Eredivisie,3
Orkun Kökçü,0.25,0.0,57.69,2.63,0.0,0.3,1.22,0.59,0.0,0.47,0.0,0.88,0.28,0.06,72.5,84.57,24.41,54.09,0.0,0.25,0.0,0.0,0.66,0.16,0.19,0.0,45.0,45.26,0.84,0.72,32,1,3,Holanda Eredivisie,3
Philippe Rommens,0.11,0.07,55.56,1.5,0.0,0.51,2.21,1.18,0.0,1.18,0.0,0.71,0.25,0.04,53.04,80.54,11.36,52.68,0.0,0.21,0.0,0.0,1.29,0.25,0.07,0.0,47.37,52.11,0.43,1.11,28,2,3,Holanda Eredivisie,3
Oussama Tannane,0.24,0.08,56.16,3.08,0.0,0.4,1.68,0.28,0.0,0.2,0.0,0.4,0.4,0.36,42.92,76.89,14.32,55.64,0.0,0.08,0.0,0.0,1.08,0.32,0.28,0.04,48.15,52.74,2.32,1.88,25,2,3,Holanda Eredivisie,3
Ki-Jana Hoever,0.0,0.2,58.33,0.8,0.0,0.0,1.4,0.8,0.0,0.6,0.0,0.4,1.0,0.4,28.2,80.85,8.0,53.33,0.0,0.0,0.0,0.0,0.2,0.0,0.0,0.0,50.0,67.86,0.8,0.4,5,1,2,Holanda Eredivisie,3
Gijs Smal,0.06,0.0,51.43,1.26,0.0,0.0,2.15,1.15,0.0,1.06,0.0,1.0,0.47,0.29,56.97,79.87,14.26,47.57,0.0,0.44,0.0,0.0,0.71,0.09,0.06,0.0,45.16,55.29,0.65,0.41,34,2,2,Holanda Eredivisie,3
Dávid Hancko,0.06,0.13,72.22,1.35,0.03,0.0,2.29,1.0,0.0,3.26,0.0,0.29,0.13,0.13,71.65,87.89,11.35,51.86,0.0,0.32,0.0,0.0,0.71,0.16,0.06,0.0,60.66,70.71,0.61,0.39,31,2,2,Holanda Eredivisie,3
Kik Pierie,0.14,0.29,100.0,0.71,0.14,0.0,1.29,1.86,0.0,5.0,0.0,0.57,0.14,0.14,37.57,76.43,3.0,40.63,0.0,0.43,0.0,0.0,0.86,0.14,0.0,0.0,46.15,54.0,0.57,0.57,7,1,2,Holanda Eredivisie,3
Vito van Crooij,0.35,0.18,37.21,1.97,0.03,0.0,0.71,0.38,0.0,0.82,0.0,0.85,0.38,0.32,27.53,74.25,6.35,54.46,0.0,0.24,0.0,0.0,0.88,0.18,0.12,0.0,46.91,38.62,0.5,0.82,34,2,4,Holanda Eredivisie,3
Ramiz Zerrouki,0.03,0.06,60.0,0.97,0.0,0.0,2.97,1.66,0.0,1.16,0.0,1.13,0.09,0.09,65.75,85.41,17.41,62.46,0.0,0.34,0.0,0.0,0.59,0.06,0.16,0.0,49.54,53.26,1.0,1.63,32,2,3,Holanda Eredivisie,3
Tijjani Reijnders,0.09,0.15,62.96,2.06,0.0,0.0,1.06,1.56,0.0,0.79,0.0,0.71,0.35,0.21,56.09,88.83,16.82,62.83,0.0,0.35,0.0,0.0,0.88,0.12,0.12,0.0,34.62,45.22,0.53,0.88,34,2,3,Holanda Eredivisie,3
Aslak Fonn Witry,0.0,0.0,0.0,0.0,0.0,0.0,0.5,0.0,0.0,0.5,0.0,0.0,0.5,0.5,25.5,88.24,8.0,100.0,0.0,0.0,0.0,0.0,0.0,0.0,0.0,0.0,0.0,25.0,0.0,0.0,2,2,2,Holanda Eredivisie,3
Barry Lauwers,0.0,0.0,0.0,0.0,0.0,0.0,0.0,0.0,0.0,0.0,0.0,0.0,0.0,0.0,32.0,50.0,2.0,48.39,1.0,1.0,0.0,0.0,0.0,0.0,0.0,0.0,0.0,0.0,0.0,0.0,1,1,1,Holanda Eredivisie,3
Edson Álvarez,0.1,0.1,50.0,2.03,0.06,0.0,2.29,1.16,0.0,2.39,0.03,0.9,0.26,0.1,77.29,88.86,13.23,59.74,0.0,0.26,0.0,0.0,0.84,0.16,0.32,0.0,56.73,53.48,0.45,1.1,31,2,3,Holanda Eredivisie,3
Tobias Lauritsen,0.35,0.32,45.45,2.65,0.15,0.0,0.41,0.21,0.0,1.0,0.0,0.62,0.15,0.15,21.21,54.09,5.62,60.0,0.0,0.29,0.0,0.0,0.82,0.21,0.12,0.0,60.9,57.07,1.35,0.71,34,2,4,Holanda Eredivisie,3
Nick Olij,0.0,0.0,0.0,0.0,0.0,0.0,0.03,0.03,0.0,0.88,0.09,0.0,0.03,0.03,35.78,68.21,2.81,48.05,3.78,0.44,0.09,0.03,0.84,0.22,0.0,0.0,77.78,81.82,0.03,0.0,32,2,1,Holanda Eredivisie,3
Thom Haye,0.06,0.0,34.69,1.26,0.0,0.4,2.65,1.45,0.0,1.16,0.0,1.13,0.23,0.1,58.0,82.2,14.1,64.4,0.0,0.13,0.0,0.0,1.26,0.13,0.23,0.0,64.41,53.58,0.65,0.9,31,2,3,Holanda Eredivisie,3
Daley Blind,0.0,0.0,66.67,0.69,0.0,0.0,1.38,0.92,0.0,1.31,0.0,0.31,0.23,0.15,81.92,88.73,24.62,65.04,0.0,0.23,0.0,0.0,0.77,0.15,0.08,0.0,60.0,61.43,0.46,0.38,13,3,2,Holanda Eredivisie,3
Ibrahim Sangaré,0.17,0.0,77.27,1.31,0.1,0.0,2.34,0.76,0.0,1.62,0.03,0.59,0.14,0.03,52.62,84.27,12.31,60.98,0.0,0.21,0.0,0.0,0.69,0.34,0.17,0.0,62.5,57.34,0.9,1.17,29,2,3,Holanda Eredivisie,3
Steven Bergwijn,0.38,0.34,53.42,2.69,0.03,0.0,0.94,0.16,0.0,0.13,0.0,0.22,0.19,0.16,37.41,88.72,18.03,69.23,0.0,0.16,0.0,0.0,0.81,0.16,0.0,0.0,35.29,51.39,1.13,0.44,32,2,4,Holanda Eredivisie,3
Jesper Karlsson,0.39,0.09,45.16,2.13,0.0,0.0,0.74,0.43,0.0,0.3,0.0,1.04,0.43,0.17,27.09,79.94,11.0,65.0,0.0,0.0,0.0,0.0,0.96,0.17,0.22,0.0,16.67,34.56,0.57,0.52,23,2,3,Holanda Eredivisie,3
Maximilian Wittek,0.1,0.0,53.49,2.42,0.0,0.46,2.39,0.84,0.03,1.71,0.0,1.23,0.16,0.23,38.77,74.88,8.42,39.87,0.0,0.29,0.0,0.0,1.13,0.23,0.29,0.03,55.1,51.52,0.94,1.32,31,2,2,Holanda Eredivisie,3
Noni Madueke,0.2,0.6,50.0,3.4,0.0,0.0,2.4,0.0,0.0,0.0,0.0,0.4,0.4,0.0,20.6,82.52,12.0,50.0,0.0,0.2,0.0,0.0,0.6,0.0,0.4,0.0,50.0,58.7,0.6,0.4,5,1,4,Holanda Eredivisie,3
Michal Sadílek,0.14,0.14,33.33,1.14,0.0,0.0,1.93,0.71,0.0,0.93,0.0,0.79,0.57,0.14,43.14,84.44,10.86,46.43,0.0,0.29,0.0,0.0,0.36,0.0,0.14,0.0,46.15,52.63,0.71,0.64,14,1,3,Holanda Eredivisie,3
Sven Mijnans,0.21,0.06,64.29,1.79,0.06,0.0,1.94,0.88,0.0,0.68,0.0,1.32,0.29,0.24,33.71,81.76,9.5,63.1,0.0,0.12,0.0,0.0,0.5,0.18,0.03,0.0,45.12,47.85,0.76,0.91,34,1,3,Holanda Eredivisie,3
Carel Eiting,0.09,0.03,46.67,0.79,0.0,0.0,1.97,0.94,0.0,1.09,0.0,0.94,0.59,0.29,31.62,70.98,8.88,30.61,0.0,0.15,0.0,0.0,1.85,0.21,0.12,0.0,46.15,49.8,0.62,0.79,34,2,3,Holanda Eredivisie,3
Jørgen Strand Larsen,0.25,0.25,62.5,2.5,0.0,0.0,0.75,0.25,0.0,1.75,0.0,0.0,0.0,0.25,15.25,70.49,2.75,77.78,0.0,0.25,0.0,0.0,2.0,0.25,0.0,0.0,60.0,67.65,2.25,0.75,4,1,4,Holanda Eredivisie,3
Sebastian Szymański,0.31,0.24,31.11,2.03,0.03,0.0,1.76,0.38,0.0,0.34,0.0,0.79,0.17,0.14,24.31,76.6,9.38,61.22,0.0,0.17,0.0,0.0,0.52,0.07,0.1,0.0,22.86,44.49,1.14,0.86,29,1,3,Holanda Eredivisie,3
Lars Unnerstall,0.0,0.0,100.0,0.0,0.0,0.0,0.03,0.03,0.0,0.82,0.03,0.0,0.0,0.0,24.33,59.4,0.58,34.36,2.94,0.48,0.06,0.03,0.73,0.09,0.0,0.0,100.0,100.0,0.03,0.0,33,3,1,Holanda Eredivisie,3
Etienne Vaessen,0.0,0.0,100.0,0.0,0.0,0.0,0.13,0.03,0.0,0.94,0.0,0.0,0.0,0.0,31.34,58.62,1.66,36.07,4.22,0.19,0.22,0.06,1.5,0.22,0.09,0.0,100.0,100.0,0.16,0.0,32,2,1,Holanda Eredivisie,3
Jordy Clasie,0.09,0.03,70.0,0.67,0.0,0.0,2.0,1.45,0.0,1.27,0.0,0.91,0.09,0.06,61.79,87.59,15.24,64.83,0.0,0.18,0.0,0.0,0.91,0.15,0.21,0.0,51.52,51.34,0.55,1.12,33,3,3,Holanda Eredivisie,3
Sam Beukema,0.08,0.04,80.0,0.42,0.08,0.0,1.04,1.27,0.08,4.08,0.0,0.31,0.0,0.0,64.19,88.08,7.08,52.13,0.0,0.31,0.0,0.0,0.65,0.15,0.08,0.0,61.63,60.13,0.42,0.69,26,2,2,Holanda Eredivisie,3
João Virgínia,0.0,0.0,50.0,0.0,0.0,0.0,0.06,0.0,0.0,1.0,0.18,0.0,0.06,0.0,33.53,61.93,1.94,41.01,4.53,0.24,0.18,0.0,1.24,0.41,0.06,0.0,75.0,70.0,0.06,0.06,17,1,1,Holanda Eredivisie,3
Luuk de Jong,0.58,0.54,38.46,2.63,0.21,0.0,0.46,0.13,0.0,0.96,0.0,0.42,0.21,0.17,20.79,69.14,6.0,54.55,0.0,0.04,0.0,0.0,0.58,0.17,0.13,0.0,55.79,49.13,0.88,0.58,24,3,4,Holanda Eredivisie,3
Lasse Schøne,0.03,0.0,58.82,0.63,0.0,0.0,1.41,1.22,0.0,1.41,0.0,0.84,0.19,0.03,52.53,87.03,9.06,53.61,0.0,0.28,0.0,0.0,1.0,0.28,0.13,0.0,48.28,50.83,0.94,0.63,32,3,3,Holanda Eredivisie,3
Cyril Ngonge,0.25,0.17,65.52,2.5,0.0,0.0,0.83,0.67,0.0,0.58,0.0,0.25,0.25,0.17,13.17,59.49,4.17,61.11,0.0,0.17,0.0,0.0,0.92,0.08,0.0,0.0,57.58,55.24,0.83,0.75,12,1,4,Holanda Eredivisie,3
Mark Diemers,0.06,0.03,52.31,2.06,0.03,0.0,0.94,0.41,0.0,0.25,0.0,0.72,0.31,0.16,43.31,84.27,13.41,64.65,0.0,0.13,0.0,0.0,1.59,0.25,0.06,0.0,45.0,56.62,2.53,0.38,32,2,3,Holanda Eredivisie,3
Andries Noppert,0.0,0.0,0.0,0.0,0.0,0.0,0.0,0.0,0.0,0.89,0.0,0.06,0.06,0.06,32.39,66.04,0.44,40.12,2.83,0.39,0.06,0.0,0.78,0.11,0.06,0.0,100.0,92.31,0.11,0.0,18,2,1,Holanda Eredivisie,3
Lutsharel Geertruida,0.1,0.03,62.96,0.87,0.03,0.0,1.6,1.03,0.0,1.5,0.0,0.23,0.17,0.07,64.47,90.59,11.53,51.0,0.0,0.33,0.0,0.0,0.53,0.13,0.03,0.0,58.82,61.73,0.5,0.53,30,1,2,Holanda Eredivisie,3
Kristijan Bistrović,0.08,0.08,57.69,1.54,0.0,0.0,1.08,1.23,0.0,0.69,0.0,1.46,0.15,0.0,34.85,82.56,8.23,74.47,0.0,0.23,0.0,0.0,1.38,0.15,0.08,0.0,40.0,47.87,0.77,0.46,13,2,3,Holanda Eredivisie,3
Vangelis Pavlidis,0.48,0.52,38.71,2.56,0.0,0.0,0.72,0.16,0.0,0.56,0.0,0.48,0.32,0.32,24.6,69.92,6.92,64.29,0.0,0.16,0.0,0.0,0.72,0.08,0.08,0.0,54.2,44.14,1.2,0.8,25,2,4,Holanda Eredivisie,3
Jasper Cillessen,0.0,0.0,0.0,0.0,0.0,0.0,0.0,0.03,0.0,0.75,0.06,0.03,0.0,0.0,29.88,61.3,1.09,39.43,4.28,0.28,0.09,0.0,1.06,0.28,0.0,0.0,100.0,83.33,0.16,0.0,32,3,1,Holanda Eredivisie,3
Stijn van Gassel,0.0,0.0,100.0,0.0,0.0,0.0,0.03,0.03,0.0,0.85,0.03,0.0,0.0,0.0,31.76,57.87,1.53,38.93,5.0,0.24,0.03,0.0,1.88,0.21,0.0,0.0,71.43,80.0,0.0,0.0,34,2,1,Holanda Eredivisie,3
Mika Godts,0.0,0.0,0.0,0.33,0.0,0.0,0.0,0.0,0.0,0.0,0.0,0.0,0.33,0.33,5.0,86.67,3.33,0.0,0.0,0.0,0.0,0.0,0.0,0.33,0.0,0.0,0.0,50.0,0.33,0.0,3,1,4,Holanda Eredivisie,3
Przemysław Tytoń,0.0,0.0,0.0,0.0,0.0,0.0,0.0,0.0,0.0,0.0,0.0,0.0,0.0,0.0,14.0,85.71,0.0,33.33,1.0,1.0,0.0,0.0,0.0,0.0,0.0,0.0,0.0,0.0,0.0,0.0,1,3,1,Holanda Eredivisie,3
Paweł Bochniewicz,0.06,0.0,42.86,0.64,0.06,0.0,1.42,1.52,0.0,5.09,0.0,0.48,0.03,0.03,55.18,83.36,4.88,48.94,0.0,0.24,0.0,0.0,1.21,0.15,0.12,0.0,71.95,66.31,0.58,0.79,33,2,2,Holanda Eredivisie,3
Bas Dost,0.41,0.27,100.0,1.64,0.14,0.0,0.45,0.09,0.0,1.14,0.0,0.36,0.27,0.09,19.41,65.57,4.82,35.71,0.0,0.23,0.0,0.0,0.68,0.18,0.09,0.0,68.18,60.92,0.14,0.41,22,3,4,Holanda Eredivisie,3
Gernot Trauner,0.0,0.05,100.0,0.58,0.0,0.0,1.89,1.37,0.0,2.74,0.0,0.47,0.0,0.0,66.63,89.26,6.79,68.0,0.0,0.42,0.0,0.0,0.89,0.05,0.21,0.0,60.76,60.81,0.21,0.68,19,3,2,Holanda Eredivisie,3
Sven van Beek,0.0,0.0,42.86,0.6,0.0,0.0,1.73,1.4,0.0,4.13,0.0,0.8,0.0,0.0,58.67,84.77,5.13,52.55,0.0,0.4,0.0,0.0,0.73,0.13,0.13,0.0,53.06,56.25,0.53,0.53,15,2,2,Holanda Eredivisie,3
Mats Wieffer,0.04,0.0,65.0,0.92,0.0,0.0,2.0,1.04,0.04,1.44,0.0,1.4,0.16,0.2,51.08,83.4,12.16,59.76,0.0,0.16,0.0,0.0,0.32,0.2,0.2,0.0,58.33,53.62,0.96,1.44,25,1,3,Holanda Eredivisie,3
Mohammed Kudus,0.37,0.43,67.91,2.3,0.0,3.33,0.83,0.23,0.0,0.4,0.0,0.33,0.13,0.1,21.23,87.6,8.6,87.5,0.0,0.1,0.0,0.0,0.63,0.13,0.03,0.0,43.48,52.17,1.4,0.87,30,1,3,Holanda Eredivisie,3
Calvin Bassey,0.04,0.08,81.82,0.28,0.04,0.0,1.6,0.92,0.0,1.52,0.0,0.28,0.16,0.12,58.88,88.99,9.48,60.64,0.0,0.2,0.0,0.0,0.76,0.08,0.0,0.0,62.07,68.75,1.0,0.56,25,1,2,Holanda Eredivisie,3
Yukinari Sugawara,0.1,0.19,50.0,0.87,0.0,0.0,1.58,0.65,0.03,1.42,0.0,0.58,0.26,0.26,39.87,83.66,9.77,49.66,0.0,0.19,0.0,0.0,0.81,0.13,0.16,0.0,31.03,53.47,0.39,0.52,31,1,2,Holanda Eredivisie,3
Alireza Jahanbakhsh,0.18,0.07,56.0,1.89,0.07,0.0,0.75,0.39,0.0,0.32,0.0,0.86,0.32,0.25,20.82,73.93,7.25,56.52,0.0,0.04,0.0,0.0,0.43,0.14,0.07,0.0,59.52,46.74,0.43,0.61,28,2,3,Holanda Eredivisie,3
Johan Hove,0.11,0.11,94.12,1.28,0.0,0.0,1.83,1.0,0.0,1.17,0.0,0.56,0.17,0.11,37.89,72.87,9.22,52.27,0.0,0.0,0.0,0.0,1.72,0.28,0.06,0.0,55.36,64.71,0.5,0.5,18,1,3,Holanda Eredivisie,3
Davy Pröpper,0.0,0.0,0.0,0.0,0.0,0.0,1.5,2.5,0.0,1.5,0.0,0.5,0.5,0.0,22.5,80.0,4.5,100.0,0.0,0.0,0.0,0.0,0.5,0.0,0.5,0.0,100.0,50.0,0.5,1.0,2,3,3,Holanda Eredivisie,3
Johan Bakayoko,0.22,0.17,63.38,1.96,0.0,0.0,1.52,0.35,0.0,0.04,0.0,0.74,0.26,0.22,26.0,83.11,10.57,54.55,0.0,0.04,0.0,0.0,0.52,0.26,0.17,0.0,48.15,51.0,0.39,0.7,23,1,4,Holanda Eredivisie,3
Mats Seuntjens,0.13,0.13,50.79,1.71,0.0,0.0,0.97,0.42,0.03,0.68,0.0,0.77,0.29,0.29,26.84,75.12,7.94,54.95,0.0,0.03,0.0,0.0,1.35,0.32,0.13,0.03,24.0,41.23,1.1,1.48,31,3,4,Holanda Eredivisie,3
Robin Pröpper,0.03,0.1,46.67,1.07,0.03,0.0,1.62,1.03,0.03,2.83,0.0,0.66,0.07,0.07,61.24,84.4,6.97,48.31,0.0,0.38,0.0,0.0,0.72,0.07,0.34,0.0,55.63,53.29,0.69,1.41,29,2,2,Holanda Eredivisie,3
Justin Bijlow,0.0,0.0,0.0,0.0,0.0,0.0,0.04,0.0,0.0,0.4,0.0,0.04,0.0,0.0,27.28,77.57,0.68,41.96,2.4,0.48,0.0,0.0,0.72,0.04,0.04,0.0,100.0,83.33,0.04,0.0,25,2,1,Holanda Eredivisie,3
Rodrigo Guth,0.03,0.03,100.0,0.38,0.03,0.0,1.44,1.21,0.03,5.82,0.0,0.26,0.03,0.0,42.82,82.42,2.47,42.39,0.0,0.21,0.0,0.0,1.53,0.26,0.09,0.0,55.36,57.01,0.18,0.91,34,1,2,Holanda Eredivisie,3
Marouan Azarkan,0.11,0.15,44.83,1.04,0.0,0.0,1.07,0.44,0.0,0.44,0.0,0.63,0.44,0.3,20.44,73.73,7.59,60.53,0.0,0.04,0.0,0.0,1.11,0.19,0.15,0.0,25.0,47.89,2.15,0.63,27,1,3,Holanda Eredivisie,3
Javairô Dilrosun,0.16,0.13,57.83,1.71,0.0,0.0,0.68,0.48,0.0,0.48,0.0,0.48,0.13,0.16,22.29,84.23,8.94,54.84,0.0,0.1,0.0,0.0,0.61,0.06,0.03,0.0,38.1,52.58,0.81,0.35,31,2,3,Holanda Eredivisie,3
Jurriën Timber,0.06,0.12,55.88,0.85,0.03,0.0,1.38,1.24,0.0,1.94,0.0,0.21,0.06,0.06,80.18,91.71,16.0,52.17,0.0,0.26,0.0,0.0,0.94,0.18,0.09,0.0,47.37,51.16,0.62,1.06,34,1,2,Holanda Eredivisie,3
Mike Eerdhuijzen,0.0,0.0,80.0,0.24,0.0,0.0,0.92,1.0,0.0,2.52,0.0,0.28,0.08,0.04,35.48,87.15,2.44,60.32,0.0,0.12,0.0,0.0,0.48,0.12,0.2,0.0,64.81,63.64,0.32,0.44,25,1,2,Holanda Eredivisie,3
Oussama Idrissi,0.15,0.15,54.17,1.44,0.0,0.0,1.41,0.11,0.0,0.19,0.0,0.89,0.19,0.22,28.15,85.0,11.44,75.0,0.0,0.04,0.0,0.0,0.41,0.07,0.19,0.0,45.45,46.08,0.44,0.85,27,2,3,Holanda Eredivisie,3
Mica Pinto,0.09,0.0,62.16,0.39,0.0,0.0,1.64,1.0,0.0,1.09,0.0,0.73,0.09,0.12,48.85,84.8,7.42,57.64,0.0,0.3,0.0,0.0,0.76,0.18,0.06,0.0,50.0,55.38,0.33,0.58,33,2,2,Holanda Eredivisie,3
Quilindschy Hartman,0.09,0.0,26.32,0.48,0.0,0.0,1.74,1.22,0.0,1.43,0.0,0.48,0.17,0.17,43.96,79.72,9.26,38.04,0.0,0.22,0.0,0.0,0.35,0.17,0.22,0.0,66.67,54.72,0.09,0.87,23,1,2,Holanda Eredivisie,3
Bart Vriends,0.07,0.03,66.67,0.27,0.07,0.0,1.07,1.0,0.03,3.93,0.0,0.5,0.0,0.0,47.57,85.77,2.4,56.03,0.0,0.33,0.0,0.0,0.8,0.1,0.1,0.0,63.31,59.81,0.2,0.73,30,3,2,Holanda Eredivisie,3
Jens Toornstra,0.03,0.03,50.0,0.68,0.0,0.0,1.26,1.03,0.03,0.61,0.03,1.03,0.16,0.19,46.48,78.83,10.94,50.0,0.0,0.26,0.0,0.0,1.03,0.1,0.23,0.0,26.67,41.14,0.23,0.58,31,3,3,Holanda Eredivisie,3
Milan van Ewijk,0.18,0.12,43.55,1.09,0.0,0.0,1.76,1.41,0.0,2.32,0.03,0.35,0.09,0.03,33.94,77.99,5.68,48.72,0.0,0.29,0.0,0.0,1.32,0.15,0.03,0.0,43.59,58.06,1.18,0.59,34,1,2,Holanda Eredivisie,3
Arno Verschueren,0.29,0.19,37.5,1.68,0.16,0.0,1.94,1.03,0.0,1.1,0.0,1.23,0.1,0.13,27.26,72.07,6.9,40.91,0.0,0.23,0.0,0.0,0.77,0.16,0.19,0.0,52.38,45.08,0.55,1.58,31,2,3,Holanda Eredivisie,3
Can Bozdoğan,0.04,0.13,56.6,1.42,0.0,0.0,1.79,0.63,0.0,0.88,0.0,0.71,0.33,0.21,31.67,84.21,6.79,48.39,0.0,0.17,0.0,0.0,1.04,0.13,0.13,0.0,64.29,53.73,1.08,1.04,24,1,3,Holanda Eredivisie,3
Anas Tahiri,0.03,0.0,60.0,0.41,0.0,0.0,1.13,1.34,0.0,0.84,0.0,0.44,0.13,0.22,53.5,89.43,11.75,71.88,0.0,0.28,0.0,0.0,1.19,0.13,0.13,0.0,35.29,59.6,0.94,0.25,32,2,3,Holanda Eredivisie,3
Anastasios Douvikas,0.59,0.41,42.19,2.5,0.09,0.0,0.94,0.06,0.0,0.81,0.0,0.53,0.22,0.13,13.31,67.14,3.25,46.67,0.0,0.16,0.0,0.0,1.13,0.06,0.03,0.0,42.11,43.35,1.31,0.66,32,1,4,Holanda Eredivisie,3
Kenneth Taylor,0.25,0.09,55.1,1.5,0.03,0.0,1.63,0.69,0.0,0.47,0.0,0.78,0.13,0.09,59.16,88.43,16.88,51.76,0.0,0.19,0.0,0.0,0.78,0.13,0.13,0.0,42.86,49.03,0.91,0.81,32,1,3,Holanda Eredivisie,3
Pantelis Hatzidiakos,0.0,0.06,55.56,0.58,0.0,0.0,1.52,0.85,0.03,2.58,0.0,0.52,0.06,0.12,56.0,86.15,8.3,56.22,0.0,0.27,0.0,0.0,0.85,0.15,0.15,0.0,52.87,57.07,0.52,0.64,33,2,2,Holanda Eredivisie,3
Bas Kuipers,0.13,0.13,34.62,1.09,0.0,0.0,1.17,1.17,0.04,2.39,0.0,0.48,0.3,0.04,30.35,74.36,8.0,43.56,0.0,0.13,0.0,0.0,1.17,0.22,0.04,0.0,56.1,46.36,0.48,0.96,23,2,2,Holanda Eredivisie,3
Joshua Brenet,0.22,0.19,53.95,1.06,0.06,0.0,1.44,0.88,0.0,0.81,0.0,0.56,0.22,0.13,39.47,76.64,10.03,38.05,0.0,0.34,0.0,0.0,0.5,0.09,0.09,0.0,60.0,51.59,0.5,0.94,32,2,2,Holanda Eredivisie,3
Ivor Pandur,0.0,0.0,0.0,0.0,0.0,0.0,0.03,0.06,0.0,0.68,0.0,0.06,0.0,0.0,34.26,64.97,1.61,46.63,3.71,0.23,0.1,0.0,1.55,0.13,0.06,0.0,100.0,88.89,0.03,0.0,31,1,1,Holanda Eredivisie,3
Sydney van Hooijdonk,0.48,0.3,41.67,2.76,0.09,0.0,0.21,0.03,0.0,0.61,0.0,0.39,0.03,0.03,18.0,69.87,3.91,82.61,0.0,0.12,0.0,0.0,1.06,0.12,0.06,0.0,45.21,42.45,1.06,1.06,33,1,4,Holanda Eredivisie,3
Xavier Mbuyamba,0.18,0.14,64.29,0.71,0.18,0.0,2.29,1.18,0.04,5.36,0.04,0.5,0.07,0.04,42.21,74.28,4.29,41.62,0.0,0.14,0.0,0.0,1.68,0.21,0.11,0.04,50.26,52.58,0.18,1.43,28,1,2,Holanda Eredivisie,3
Iván Márquez,0.1,0.13,100.0,0.97,0.03,0.0,0.77,0.87,0.03,4.32,0.0,0.29,0.06,0.03,50.71,84.48,2.23,45.81,0.0,0.26,0.0,0.0,1.03,0.26,0.16,0.03,65.85,61.27,0.61,0.9,31,2,2,Holanda Eredivisie,3
Jacob Rasmussen,0.1,0.0,100.0,0.2,0.0,0.0,0.3,0.8,0.0,2.7,0.0,0.0,0.0,0.1,59.0,88.31,5.8,35.29,0.0,0.4,0.0,0.0,0.6,0.0,0.0,0.0,74.07,75.76,0.1,0.1,10,2,2,Holanda Eredivisie,3
Miloš Kerkez,0.09,0.03,70.45,0.76,0.0,0.0,1.64,0.94,0.0,1.55,0.0,0.61,0.09,0.03,37.3,83.35,9.15,44.0,0.0,0.18,0.0,0.0,0.73,0.12,0.12,0.0,49.3,57.3,1.12,1.15,33,1,2,Holanda Eredivisie,3
Sander van de Streek,0.32,0.21,42.86,1.89,0.11,0.0,1.64,0.75,0.0,1.04,0.0,1.36,0.21,0.07,26.29,67.8,6.43,54.17,0.0,0.14,0.0,0.0,1.11,0.11,0.14,0.0,53.33,49.57,1.29,1.14,28,2,3,Holanda Eredivisie,3
Igor Paixão,0.25,0.07,40.82,1.18,0.04,0.0,0.43,0.32,0.0,0.32,0.0,0.25,0.32,0.18,14.29,78.75,4.71,36.36,0.0,0.0,0.0,0.0,0.25,0.11,0.07,0.0,49.02,46.39,0.71,0.21,28,1,3,Holanda Eredivisie,3
Jetro Willems,0.0,0.0,65.0,0.71,0.0,0.0,1.43,0.29,0.0,1.29,0.0,0.29,0.29,0.0,29.71,74.52,6.57,57.14,0.0,0.0,0.0,0.0,0.71,0.14,0.0,0.0,85.71,75.0,1.43,0.14,7,2,2,Holanda Eredivisie,3
Melle Meulensteen,0.03,0.09,65.63,1.0,0.0,0.0,1.5,1.06,0.0,2.44,0.0,0.5,0.06,0.09,50.47,84.52,8.0,51.83,0.0,0.25,0.0,0.0,1.03,0.19,0.0,0.0,48.08,54.33,0.63,0.59,32,1,3,Holanda Eredivisie,3
Philippe Sandler,0.05,0.0,60.0,0.43,0.05,0.0,1.0,0.95,0.05,3.81,0.0,0.19,0.1,0.1,51.29,87.09,3.86,60.17,0.0,0.14,0.0,0.0,1.05,0.14,0.14,0.0,64.91,63.48,0.43,0.57,21,2,2,Holanda Eredivisie,3
Ricardo Pepi,0.41,0.21,51.02,2.0,0.07,0.0,1.1,0.52,0.0,1.28,0.0,0.9,0.1,0.1,18.52,76.16,5.38,71.43,0.0,0.07,0.0,0.0,1.83,0.21,0.07,0.0,37.65,39.94,0.24,0.66,29,1,4,Holanda Eredivisie,3
Marcos López,0.0,0.0,42.86,0.42,0.0,0.0,1.37,1.21,0.0,1.32,0.0,0.21,0.05,0.05,23.58,84.38,4.63,65.71,0.0,0.05,0.0,0.0,0.58,0.05,0.05,0.0,82.76,73.47,1.0,0.37,19,1,2,Holanda Eredivisie,3
Bruno Martins Indi,0.0,0.0,0.0,0.5,0.0,0.0,0.5,0.25,0.0,2.75,0.0,0.25,0.25,0.0,68.5,86.86,12.25,62.16,0.0,0.5,0.0,0.0,0.75,0.0,0.25,0.0,47.83,44.83,0.0,1.0,4,3,2,Holanda Eredivisie,3
Michiel Kramer,0.44,0.3,50.0,1.59,0.15,0.0,0.19,0.37,0.0,0.74,0.0,0.37,0.11,0.15,18.0,75.31,5.07,56.25,0.0,0.04,0.0,0.0,1.19,0.26,0.22,0.0,51.65,44.57,0.81,1.07,27,3,4,Holanda Eredivisie,3
Gerónimo Rulli,0.0,0.0,100.0,0.0,0.0,0.0,0.05,0.05,0.05,0.79,0.0,0.11,0.05,0.0,40.26,84.44,0.58,50.23,2.37,0.37,0.05,0.0,0.89,0.16,0.05,0.0,92.31,80.0,0.05,0.05,19,3,1,Holanda Eredivisie,3
Patrik Wålemark,0.13,0.07,39.13,1.67,0.0,0.0,1.13,0.07,0.0,0.13,0.0,0.07,0.2,0.13,10.07,76.82,3.87,60.0,0.0,0.0,0.0,0.0,0.33,0.0,0.07,0.0,62.5,58.67,0.87,0.33,15,1,4,Holanda Eredivisie,3
Anwar El Ghazi,0.35,0.13,44.0,1.7,0.04,0.0,0.48,0.17,0.0,0.17,0.0,0.22,0.13,0.0,17.78,74.33,5.3,56.25,0.0,0.09,0.0,0.0,0.35,0.09,0.09,0.04,57.5,48.97,0.65,0.43,23,2,4,Holanda Eredivisie,3
Jarrad Branthwaite,0.07,0.04,25.0,0.67,0.04,0.0,0.85,1.37,0.0,3.41,0.04,0.33,0.04,0.04,47.63,87.17,3.67,63.57,0.0,0.26,0.0,0.0,0.63,0.33,0.07,0.0,56.88,55.83,0.19,0.44,27,1,2,Holanda Eredivisie,3
Manfred Ugalde,0.33,0.13,44.44,1.79,0.13,0.0,0.38,0.04,0.0,0.08,0.0,0.33,0.08,0.04,7.75,71.51,3.0,75.0,0.0,0.17,0.0,0.0,0.17,0.0,0.04,0.0,35.62,40.29,0.71,0.33,24,1,4,Holanda Eredivisie,3
Jordan Teze,0.0,0.04,62.5,0.56,0.0,0.0,1.78,0.85,0.0,1.37,0.0,0.59,0.26,0.11,54.04,85.95,9.22,53.17,0.0,0.3,0.0,0.0,0.81,0.33,0.07,0.0,68.0,59.4,0.33,0.7,27,1,2,Holanda Eredivisie,3
Myron Van Brederode,0.16,0.0,59.7,0.56,0.0,0.0,0.88,0.48,0.0,0.16,0.0,0.32,0.2,0.04,19.36,83.47,9.2,36.36,0.0,0.12,0.0,0.0,0.36,0.12,0.04,0.0,20.0,52.8,0.84,0.4,25,1,3,Holanda Eredivisie,3
Ricky van Wolfswinkel,0.29,0.44,53.57,2.21,0.0,0.0,0.97,0.29,0.0,0.91,0.0,0.65,0.18,0.18,18.35,70.35,6.35,57.14,0.0,0.18,0.0,0.0,0.65,0.09,0.12,0.0,46.4,46.18,0.62,0.85,34,3,4,Holanda Eredivisie,3
Sean Klaiber,0.04,0.0,52.38,0.79,0.0,0.0,2.61,1.68,0.0,1.75,0.0,1.07,0.14,0.14,46.32,78.72,9.61,38.36,0.0,0.21,0.0,0.0,1.25,0.14,0.14,0.0,56.52,51.87,0.14,1.07,28,2,2,Holanda Eredivisie,3
Wouter Goes,0.13,0.0,100.0,0.25,0.0,0.0,0.63,0.88,0.0,2.88,0.0,0.25,0.13,0.0,60.25,86.72,4.75,47.46,0.0,0.38,0.0,0.0,0.75,0.13,0.13,0.0,39.13,47.83,0.38,0.75,8,1,2,Holanda Eredivisie,3
Calvin Verdonk,0.0,0.06,85.71,0.24,0.0,0.0,1.35,0.82,0.0,1.71,0.0,0.24,0.06,0.12,39.24,83.96,3.88,55.56,0.0,0.06,0.0,0.0,0.59,0.18,0.24,0.0,50.0,56.1,0.24,0.53,17,2,2,Holanda Eredivisie,3
Dirk Abels,0.04,0.0,50.0,0.38,0.0,0.0,0.88,0.62,0.0,2.23,0.0,0.38,0.04,0.08,22.42,82.85,2.73,48.31,0.0,0.19,0.0,0.0,0.46,0.15,0.08,0.0,50.0,60.44,0.46,0.19,26,2,2,Holanda Eredivisie,3
Robin Maulun,0.0,0.0,75.0,1.14,0.0,0.0,0.57,0.14,0.0,0.57,0.0,0.14,0.14,0.14,27.43,79.69,8.0,64.29,0.0,0.14,0.0,0.0,0.43,0.14,0.0,0.0,42.86,51.61,0.43,0.86,7,2,3,Holanda Eredivisie,3
Redouan El Yaakoubi,0.09,0.06,85.71,0.85,0.09,0.0,1.58,1.67,0.0,5.76,0.09,0.24,0.06,0.0,43.88,75.62,4.24,42.36,0.0,0.24,0.0,0.0,1.82,0.18,0.09,0.03,58.82,60.95,0.39,0.97,33,2,2,Holanda Eredivisie,3
Amin Sarr,0.26,0.32,45.76,2.84,0.05,0.0,0.74,0.32,0.0,0.32,0.0,0.37,0.16,0.21,22.21,78.2,7.32,73.33,0.0,0.32,0.0,0.0,0.84,0.05,0.05,0.0,37.78,40.1,1.05,1.0,19,1,4,Holanda Eredivisie,3
Armando Obispo,0.09,0.0,60.0,0.82,0.09,0.0,1.05,1.77,0.0,2.86,0.09,0.5,0.05,0.05,60.77,85.71,7.5,57.99,0.0,0.23,0.0,0.0,0.73,0.27,0.05,0.05,65.06,61.15,0.23,0.45,22,1,2,Holanda Eredivisie,3
Jeroen Veldmate,0.12,0.0,100.0,0.48,0.04,0.8,1.0,1.04,0.0,4.8,0.0,0.08,0.04,0.0,52.52,86.44,3.76,53.71,0.0,0.12,0.0,0.0,1.4,0.24,0.04,0.0,72.46,70.25,0.36,0.64,25,3,2,Holanda Eredivisie,3
Mike van der Hoorn,0.04,0.08,83.33,0.92,0.04,0.0,0.84,0.76,0.0,3.88,0.0,0.28,0.04,0.04,53.8,81.93,4.96,49.33,0.0,0.32,0.0,0.0,1.16,0.12,0.12,0.04,67.16,65.69,0.72,0.6,25,3,2,Holanda Eredivisie,3
Quinten Timber,0.08,0.13,62.9,1.0,0.0,0.0,1.83,0.88,0.0,0.08,0.0,0.5,0.04,0.13,31.5,86.11,10.13,50.0,0.0,0.17,0.0,0.0,0.71,0.04,0.08,0.0,33.33,56.86,1.08,0.88,24,1,3,Holanda Eredivisie,3
Nicolas Isimat-Mirin,0.0,0.06,100.0,0.56,0.0,0.0,1.25,0.44,0.0,4.25,0.0,0.38,0.0,0.0,38.69,85.14,1.5,44.64,0.0,0.38,0.0,0.0,0.63,0.0,0.06,0.0,61.4,57.94,0.31,0.81,16,3,2,Holanda Eredivisie,3
Navarone Foor,0.13,0.07,50.0,1.8,0.0,0.0,1.53,0.4,0.0,0.47,0.0,1.13,0.13,0.13,30.07,74.5,8.47,61.76,0.0,0.0,0.0,0.0,2.07,0.4,0.13,0.0,21.05,44.03,0.8,0.6,15,3,3,Holanda Eredivisie,3
Dirk Proper,0.03,0.09,71.05,0.59,0.0,0.0,2.06,0.91,0.0,0.94,0.0,0.63,0.03,0.03,43.78,87.94,7.59,75.26,0.0,0.19,0.0,0.0,0.91,0.28,0.09,0.03,42.62,54.1,0.81,1.41,32,1,3,Holanda Eredivisie,3
Julian Baas,0.09,0.03,64.29,0.7,0.0,0.0,1.48,0.97,0.0,1.58,0.0,1.24,0.15,0.15,24.58,76.94,4.97,54.79,0.0,0.18,0.0,0.0,1.42,0.09,0.12,0.0,38.18,48.95,1.15,0.79,33,1,3,Holanda Eredivisie,3
Landry Dimata,0.33,0.2,41.18,1.93,0.03,0.0,0.27,0.0,0.0,0.33,0.0,0.23,0.03,0.07,13.53,77.59,3.93,75.0,0.0,0.13,0.0,0.0,0.8,0.2,0.03,0.0,54.55,52.25,2.87,1.03,30,2,4,Holanda Eredivisie,3
Iliass Bel Hassani,0.24,0.1,63.04,1.9,0.0,1.19,0.76,0.24,0.0,0.52,0.0,0.86,0.33,0.14,25.0,72.57,9.29,54.9,0.0,0.0,0.0,0.0,0.9,0.14,0.14,0.1,31.82,45.52,0.67,0.43,21,3,3,Holanda Eredivisie,3
Joshua Kitolano,0.12,0.06,57.14,1.09,0.09,0.0,1.97,0.76,0.0,0.74,0.0,0.65,0.03,0.03,24.91,80.64,5.03,48.94,0.0,0.32,0.0,0.0,0.71,0.21,0.06,0.0,46.77,56.98,0.91,0.56,34,1,3,Holanda Eredivisie,3
Virgil Misidjan,0.23,0.19,44.09,2.29,0.0,0.0,1.1,0.32,0.0,0.1,0.0,0.84,0.13,0.13,27.03,84.73,12.42,55.88,0.0,0.16,0.0,0.0,0.52,0.1,0.13,0.0,48.28,42.7,1.74,1.35,31,2,3,Holanda Eredivisie,3
Iñigo Cordoba,0.16,0.13,50.65,1.65,0.0,0.0,2.48,1.23,0.0,0.55,0.0,1.81,0.16,0.13,25.32,72.61,5.87,37.5,0.0,0.1,0.0,0.0,1.03,0.13,0.1,0.0,46.38,49.73,1.19,0.58,31,2,3,Holanda Eredivisie,3
Modibo Sagnan,0.04,0.0,60.0,0.3,0.0,0.0,1.78,1.0,0.0,4.43,0.0,0.35,0.0,0.0,43.26,82.71,1.91,46.92,0.0,0.22,0.0,0.0,1.04,0.13,0.13,0.0,55.06,59.17,0.3,0.74,23,1,2,Holanda Eredivisie,3
Jeff Hardeveld,0.0,0.0,50.0,0.5,0.0,0.0,2.5,2.0,0.0,1.67,0.0,0.83,0.17,0.0,28.67,81.4,5.0,48.39,0.0,0.0,0.0,0.0,1.17,0.0,0.0,0.0,42.86,55.56,0.17,0.67,6,2,2,Holanda Eredivisie,3
Dario Van Den Buijs,0.12,0.0,100.0,0.69,0.0,0.0,1.19,0.92,0.0,3.19,0.0,0.38,0.15,0.04,39.08,78.15,4.27,43.6,0.0,0.08,0.0,0.0,1.23,0.19,0.12,0.0,49.21,52.24,0.27,0.81,26,2,2,Holanda Eredivisie,3
Isac Lidberg,0.21,0.3,45.83,2.36,0.09,0.0,0.58,0.18,0.0,0.88,0.0,0.24,0.12,0.15,19.91,69.25,6.27,16.67,0.0,0.15,0.0,0.0,1.27,0.24,0.06,0.0,46.2,43.51,1.09,1.03,33,2,4,Holanda Eredivisie,3
Shawn Adewoye,0.03,0.06,71.43,0.33,0.03,0.0,1.91,1.39,0.06,4.94,0.0,0.7,0.0,0.03,39.91,86.71,3.24,50.31,0.0,0.18,0.0,0.0,1.61,0.24,0.21,0.0,60.0,57.96,0.3,1.15,33,1,2,Holanda Eredivisie,3
Julio Pleguezuelo,0.09,0.0,77.78,0.48,0.04,0.0,1.04,0.74,0.0,2.96,0.04,0.43,0.0,0.0,30.3,81.35,2.78,38.95,0.0,0.3,0.0,0.0,0.39,0.04,0.04,0.0,50.5,58.29,0.87,0.43,23,2,2,Holanda Eredivisie,3
Adil Auassar,0.0,0.03,50.0,0.14,0.0,0.0,1.17,1.17,0.0,3.83,0.03,0.34,0.0,0.0,40.52,85.87,2.83,54.31,0.0,0.28,0.0,0.0,0.66,0.14,0.0,0.03,50.82,52.9,0.24,0.72,29,3,2,Holanda Eredivisie,3
Mats Köhlert,0.03,0.0,51.52,0.48,0.0,0.0,1.74,1.19,0.0,1.32,0.0,1.23,0.13,0.1,44.35,85.89,11.19,46.3,0.0,0.26,0.0,0.0,1.1,0.13,0.1,0.0,45.24,51.46,1.1,0.87,31,2,2,Holanda Eredivisie,3
Miguel Araujo,0.03,0.06,71.43,0.42,0.0,0.0,2.06,1.16,0.0,3.81,0.0,0.32,0.0,0.0,53.52,80.89,4.48,43.75,0.0,0.23,0.0,0.0,1.48,0.19,0.1,0.03,54.86,61.34,0.58,0.68,31,2,2,Holanda Eredivisie,3
Danilo,0.29,0.21,46.15,1.88,0.09,0.0,0.24,0.24,0.0,0.18,0.0,0.24,0.06,0.09,10.44,76.06,3.29,40.0,0.0,0.0,0.0,0.0,0.41,0.03,0.0,0.0,39.29,35.34,0.15,0.26,34,1,4,Holanda Eredivisie,3
Sondre Tronstad,0.07,0.0,53.33,0.68,0.0,0.0,1.93,0.75,0.0,0.79,0.0,0.68,0.0,0.0,35.64,85.37,8.57,68.29,0.0,0.11,0.0,0.0,0.89,0.29,0.14,0.04,44.44,53.73,0.64,0.86,28,2,3,Holanda Eredivisie,3
Carlens Arcus,0.03,0.0,39.47,0.7,0.0,0.0,1.9,2.4,0.0,2.0,0.0,0.7,0.07,0.1,41.4,81.48,9.6,57.38,0.0,0.17,0.0,0.0,1.07,0.3,0.07,0.07,65.15,52.74,0.33,1.03,30,2,2,Holanda Eredivisie,3
Santiago Giménez,0.47,0.47,26.42,2.69,0.13,0.0,0.34,0.13,0.0,0.13,0.0,0.31,0.09,0.06,9.13,70.21,3.41,44.44,0.0,0.06,0.0,0.0,0.38,0.13,0.09,0.0,52.38,41.26,0.84,0.59,32,1,4,Holanda Eredivisie,3
Jorge Sánchez,0.12,0.06,37.93,0.88,0.0,0.0,2.65,1.06,0.0,1.29,0.0,1.0,0.12,0.18,35.76,84.54,9.88,39.47,0.0,0.06,0.0,0.0,0.71,0.06,0.18,0.0,55.0,51.72,0.47,1.12,17,2,2,Holanda Eredivisie,3
Jens Odgaard,0.31,0.45,39.74,3.17,0.03,0.0,1.52,0.38,0.0,0.93,0.0,1.1,0.21,0.14,20.97,71.05,5.62,40.0,0.0,0.03,0.0,0.0,0.76,0.07,0.03,0.0,53.06,43.78,1.45,1.31,29,1,3,Holanda Eredivisie,3
Siebe Horemans,0.09,0.03,71.11,0.74,0.06,0.0,1.97,1.91,0.0,3.24,0.0,1.24,0.18,0.03,36.97,72.0,6.79,55.37,0.0,0.24,0.0,0.0,1.76,0.18,0.12,0.0,55.05,55.21,0.47,0.76,34,2,2,Holanda Eredivisie,3
Dario Serra,0.25,0.0,100.0,0.5,0.0,0.0,0.25,0.0,0.0,0.0,0.0,0.25,0.0,0.0,3.25,84.62,0.75,0.0,0.0,0.0,0.0,0.0,0.0,0.0,0.0,0.0,0.0,60.0,0.0,0.0,4,1,4,Holanda Eredivisie,3
Romano Postema,0.0,0.0,0.0,0.5,0.0,0.0,1.0,0.0,0.0,0.0,0.0,0.0,0.0,0.0,4.5,100.0,2.0,100.0,0.0,0.0,0.0,0.0,0.0,0.0,0.0,0.0,100.0,80.0,0.5,0.0,2,1,4,Holanda Eredivisie,3
Ramon Hendriks,0.0,0.0,100.0,0.25,0.0,0.0,1.75,0.5,0.0,3.75,0.0,0.25,0.0,0.0,36.0,74.31,2.75,50.0,0.0,0.25,0.0,0.0,1.0,0.0,0.0,0.0,66.67,65.71,0.5,1.0,4,1,2,Holanda Eredivisie,3
Filip Stanković,0.0,0.0,0.0,0.0,0.0,0.0,0.15,0.03,0.0,1.09,0.06,0.12,0.0,0.0,31.12,51.12,1.42,34.86,4.24,0.12,0.12,0.06,1.94,0.21,0.06,0.0,87.5,75.0,0.15,0.0,33,1,1,Holanda Eredivisie,3
Vasilis Barkas,0.0,0.0,0.0,0.0,0.0,0.0,0.0,0.0,0.0,0.41,0.0,0.03,0.0,0.0,27.81,68.99,0.84,44.3,3.25,0.31,0.03,0.0,1.38,0.19,0.0,0.0,100.0,93.33,0.16,0.0,32,2,1,Holanda Eredivisie,3
Jay Idzes,0.03,0.06,71.43,0.69,0.0,0.0,1.47,1.31,0.0,4.28,0.03,0.5,0.0,0.0,46.84,84.32,3.34,41.9,0.0,0.22,0.0,0.0,1.31,0.25,0.13,0.0,42.54,52.12,0.44,0.59,32,1,2,Holanda Eredivisie,3
Osame Sahraoui,0.07,0.07,57.89,1.27,0.0,0.0,0.8,0.4,0.0,0.27,0.0,0.47,0.4,0.33,30.47,83.59,10.8,0.0,0.0,0.13,0.0,0.0,1.27,0.2,0.07,0.0,27.78,50.75,2.0,0.47,15,1,4,Holanda Eredivisie,3
Ryan Flamingo,0.09,0.0,43.48,0.97,0.03,0.0,1.24,1.7,0.0,3.45,0.0,0.52,0.0,0.03,40.91,79.33,6.36,44.44,0.0,0.27,0.0,0.0,0.85,0.27,0.12,0.0,56.8,52.27,0.48,0.82,33,1,2,Holanda Eredivisie,3
Marco Tol,0.04,0.0,50.0,0.25,0.04,0.0,0.96,1.5,0.0,4.67,0.08,0.17,0.0,0.0,42.46,86.36,2.21,62.79,0.0,0.08,0.0,0.0,1.42,0.33,0.04,0.0,50.0,56.49,0.25,0.38,24,2,2,Holanda Eredivisie,3
Burak Yılmaz,0.35,0.38,32.5,2.88,0.0,0.38,0.31,0.08,0.0,1.08,0.0,0.38,0.04,0.15,20.88,75.14,6.15,70.83,0.0,0.23,0.0,0.0,1.31,0.27,0.31,0.0,46.55,43.63,1.58,0.73,26,3,4,Holanda Eredivisie,3
Dimitrios Siovas,0.04,0.08,28.57,0.54,0.04,0.0,0.88,1.83,0.0,4.79,0.0,0.33,0.0,0.0,38.83,79.61,2.92,41.32,0.0,0.08,0.0,0.0,1.38,0.33,0.17,0.0,73.33,63.89,0.13,0.38,24,3,2,Holanda Eredivisie,3
Håkon Evjen,0.0,0.25,45.45,1.75,0.0,0.0,1.25,0.38,0.0,0.38,0.0,0.38,0.13,0.13,23.25,84.95,10.5,80.0,0.0,0.13,0.0,0.0,0.5,0.0,0.13,0.0,75.0,52.38,0.5,0.38,8,1,3,Holanda Eredivisie,3
Paul Gladon,0.26,0.11,15.38,1.7,0.11,0.0,0.3,0.0,0.0,0.81,0.0,0.3,0.0,0.0,14.15,55.24,3.15,20.0,0.0,0.04,0.0,0.0,1.04,0.19,0.04,0.0,57.07,51.39,0.93,1.04,27,3,4,Holanda Eredivisie,3
Devyne Rensch,0.12,0.04,47.62,0.5,0.0,0.0,2.12,1.42,0.0,0.58,0.08,0.42,0.04,0.04,51.46,87.37,13.38,60.76,0.0,0.15,0.0,0.0,0.77,0.15,0.08,0.04,58.82,61.58,0.92,0.73,26,1,2,Holanda Eredivisie,3
Daryl van Mieghem,0.27,0.13,53.57,1.4,0.0,0.0,0.5,0.27,0.0,0.3,0.0,0.63,0.13,0.1,18.57,69.3,5.1,42.7,0.0,0.07,0.0,0.0,1.2,0.17,0.1,0.0,20.0,37.01,0.43,0.27,30,3,3,Holanda Eredivisie,3
Patrick van Aanholt,0.07,0.0,44.44,0.73,0.0,0.0,1.73,1.13,0.0,0.93,0.0,1.07,0.2,0.13,39.13,84.84,9.47,60.0,0.0,0.27,0.0,0.0,0.6,0.4,0.07,0.0,61.54,51.35,0.0,0.33,15,3,2,Holanda Eredivisie,3
Bart van Rooij,0.0,0.03,46.15,0.48,0.0,0.0,2.12,1.06,0.03,2.09,0.0,1.24,0.18,0.0,40.82,80.55,6.48,55.88,0.0,0.24,0.0,0.0,1.09,0.27,0.09,0.0,55.88,51.71,0.76,1.0,33,1,2,Holanda Eredivisie,3
Davy Klaassen,0.24,0.21,50.0,1.15,0.06,0.0,1.0,0.24,0.0,0.55,0.0,0.52,0.21,0.09,26.03,83.59,8.82,61.9,0.0,0.15,0.0,0.0,0.58,0.15,0.09,0.0,36.96,46.41,0.48,0.42,33,2,3,Holanda Eredivisie,3
Érick Gutiérrez,0.07,0.03,66.67,0.6,0.0,0.0,1.73,0.8,0.0,0.37,0.0,0.93,0.13,0.07,32.53,86.27,5.63,60.0,0.0,0.13,0.0,0.0,0.4,0.13,0.13,0.0,50.72,52.5,0.47,0.9,30,2,3,Holanda Eredivisie,3
Sávio,0.0,0.0,58.33,0.17,0.0,0.0,0.67,0.0,0.0,0.0,0.0,0.33,0.33,0.33,7.67,73.91,2.17,60.0,0.0,0.0,0.0,0.0,0.33,0.0,0.0,0.0,0.0,44.83,0.33,0.33,6,1,3,Holanda Eredivisie,3
Luuk Brouwers,0.0,0.04,37.5,0.38,0.0,0.0,1.25,1.08,0.0,1.21,0.0,0.54,0.17,0.04,33.67,85.89,6.33,68.35,0.0,0.21,0.0,0.0,0.83,0.17,0.21,0.0,41.86,48.48,0.58,0.79,24,2,3,Holanda Eredivisie,3
Michel Vlap,0.09,0.28,62.96,1.97,0.0,0.78,1.06,0.44,0.0,0.5,0.0,0.63,0.09,0.09,29.0,82.87,11.34,55.56,0.0,0.16,0.0,0.0,0.59,0.06,0.09,0.0,45.65,47.98,0.72,0.72,32,2,3,Holanda Eredivisie,3
Radinio Balker,0.03,0.0,61.9,0.26,0.03,0.0,1.52,1.23,0.03,3.71,0.0,0.35,0.0,0.0,49.32,85.81,3.87,56.4,0.0,0.13,0.0,0.0,1.65,0.23,0.06,0.03,50.42,55.69,0.55,0.52,31,2,2,Holanda Eredivisie,3
Brian Brobbey,0.41,0.59,38.1,2.03,0.06,0.0,0.28,0.09,0.0,0.31,0.0,0.03,0.13,0.09,10.56,76.33,3.97,50.0,0.0,0.03,0.0,0.0,0.5,0.06,0.03,0.0,45.57,44.0,0.75,0.69,32,1,4,Holanda Eredivisie,3
Koki Saito,0.27,0.04,46.25,1.27,0.0,0.0,0.88,0.15,0.0,0.12,0.0,0.62,0.15,0.19,18.38,82.01,5.81,60.87,0.0,0.04,0.0,0.0,0.69,0.12,0.0,0.0,40.0,50.94,1.54,0.5,26,1,3,Holanda Eredivisie,3
Dani de Wit,0.28,0.11,60.0,1.22,0.11,0.0,1.5,0.61,0.0,0.72,0.0,0.44,0.17,0.0,22.67,73.04,6.28,50.0,0.0,0.17,0.0,0.0,0.5,0.11,0.17,0.06,52.56,51.46,0.94,1.56,18,2,3,Holanda Eredivisie,3
Taylor Booth,0.08,0.13,41.67,1.13,0.0,0.0,1.25,0.38,0.0,0.29,0.0,0.63,0.25,0.17,23.42,79.18,6.33,46.94,0.0,0.0,0.0,0.0,0.83,0.17,0.21,0.0,41.18,47.18,1.29,1.0,24,1,3,Holanda Eredivisie,3
Arianit Ferati,0.04,0.0,66.67,0.59,0.0,0.0,1.7,0.78,0.0,0.74,0.04,0.89,0.11,0.04,25.48,81.69,5.48,70.37,0.0,0.07,0.0,0.0,0.85,0.22,0.19,0.0,28.57,49.49,0.81,0.93,27,2,3,Holanda Eredivisie,3
Willum Thor Willumsson,0.3,0.26,43.48,1.63,0.0,0.0,1.04,0.3,0.0,1.07,0.0,0.59,0.22,0.11,32.33,75.95,10.7,48.08,0.0,0.22,0.0,0.0,1.04,0.22,0.04,0.0,51.72,46.22,0.89,0.7,27,2,3,Holanda Eredivisie,3
Sem Steijn,0.22,0.07,50.0,1.48,0.04,0.0,0.67,0.26,0.0,0.33,0.0,0.74,0.0,0.04,14.48,76.47,4.41,53.85,0.0,0.04,0.0,0.0,0.22,0.07,0.04,0.0,46.15,42.11,0.33,0.56,27,1,3,Holanda Eredivisie,3
Robbin Ruiter,0.0,0.0,100.0,0.0,0.0,0.0,0.0,0.06,0.06,1.25,0.0,0.06,0.0,0.0,39.5,63.45,1.06,41.84,4.0,0.19,0.25,0.0,2.0,0.31,0.0,0.0,100.0,83.33,0.0,0.06,16,3,1,Holanda Eredivisie,3
Mimoun Mahi,0.07,0.0,41.67,0.79,0.0,0.0,0.5,0.57,0.0,0.5,0.0,0.43,0.21,0.07,12.14,70.0,2.79,53.33,0.0,0.0,0.0,0.0,1.07,0.21,0.07,0.0,25.0,37.84,0.64,0.43,14,2,4,Holanda Eredivisie,3
Mees Hilgers,0.04,0.04,68.75,0.25,0.0,0.0,1.89,1.46,0.0,1.96,0.0,0.82,0.0,0.0,48.14,87.09,5.5,47.25,0.0,0.14,0.0,0.0,0.57,0.07,0.14,0.0,41.67,51.32,0.29,0.86,28,1,2,Holanda Eredivisie,3
Mika Biereth,0.17,0.0,66.67,1.17,0.0,0.0,0.17,0.08,0.0,0.17,0.0,0.08,0.17,0.0,6.0,63.89,2.17,66.67,0.0,0.0,0.0,0.0,0.42,0.0,0.08,0.0,41.18,48.89,0.75,0.17,12,1,4,Holanda Eredivisie,3
Mees Hoedemakers,0.1,0.03,60.0,1.07,0.0,0.0,2.31,1.21,0.03,1.76,0.0,1.07,0.14,0.0,38.48,81.27,7.62,62.82,0.0,0.14,0.0,0.0,1.14,0.24,0.03,0.07,38.46,49.11,0.38,1.1,29,2,3,Holanda Eredivisie,3
Jeffrey de Lange,0.0,0.0,100.0,0.0,0.0,0.0,0.0,0.0,0.0,0.5,0.03,0.0,0.0,0.0,32.32,68.33,1.41,44.86,3.44,0.24,0.06,0.0,1.38,0.26,0.06,0.0,83.33,88.89,0.03,0.0,34,2,1,Holanda Eredivisie,3
Đorđe Mihailović,0.07,0.13,42.86,0.67,0.07,0.0,1.67,0.2,0.0,0.2,0.0,0.2,0.13,0.07,14.4,76.39,4.47,75.0,0.0,0.0,0.0,0.0,0.33,0.07,0.13,0.0,52.94,59.46,0.47,0.67,15,2,3,Holanda Eredivisie,3
Younes Namli,0.04,0.08,51.22,1.04,0.0,0.0,0.73,0.62,0.0,0.27,0.0,0.81,0.19,0.19,25.35,80.88,6.15,58.97,0.0,0.0,0.0,0.0,0.62,0.08,0.04,0.0,19.05,39.76,0.85,0.73,26,2,3,Holanda Eredivisie,3
George Cox,0.0,0.0,42.86,0.67,0.0,0.0,1.41,1.67,0.0,1.44,0.0,0.81,0.07,0.04,27.07,73.32,4.0,41.92,0.0,0.15,0.0,0.0,1.22,0.22,0.19,0.0,55.56,55.92,0.89,0.63,27,2,2,Holanda Eredivisie,3
Tijjani Noslin,0.16,0.03,57.14,1.26,0.0,0.0,1.55,0.68,0.0,0.84,0.0,0.84,0.13,0.06,14.13,71.69,3.35,40.0,0.0,0.0,0.0,0.0,1.19,0.19,0.1,0.0,47.95,48.56,0.52,0.87,31,1,3,Holanda Eredivisie,3
André Ramalho,0.0,0.04,0.0,0.5,0.0,0.0,1.07,0.89,0.0,2.46,0.04,0.29,0.0,0.0,49.43,87.5,3.46,54.24,0.0,0.18,0.0,0.0,0.64,0.25,0.07,0.0,57.14,57.83,0.36,0.64,28,3,2,Holanda Eredivisie,3
Nick Viergever,0.11,0.0,12.5,0.16,0.05,0.0,1.68,1.0,0.0,2.84,0.0,0.84,0.0,0.0,49.32,82.6,4.05,42.73,0.0,0.37,0.0,0.0,1.32,0.16,0.05,0.0,50.98,53.78,0.26,0.32,19,3,2,Holanda Eredivisie,3
Joris Kramer,0.0,0.0,100.0,0.23,0.0,0.0,0.68,1.18,0.0,2.05,0.0,0.09,0.09,0.09,30.77,88.18,1.86,51.85,0.0,0.09,0.0,0.0,0.55,0.23,0.05,0.0,52.08,51.81,0.05,0.59,22,2,2,Holanda Eredivisie,3
Florian Grillitsch,0.0,0.0,0.0,0.1,0.0,0.0,0.9,1.2,0.0,0.4,0.0,0.5,0.0,0.0,47.1,90.66,10.5,75.0,0.0,0.0,0.0,0.0,0.6,0.1,0.2,0.0,53.85,54.76,0.7,0.4,10,2,3,Holanda Eredivisie,3
Joost van Aken,0.0,0.0,100.0,0.47,0.0,0.0,0.8,1.13,0.07,3.33,0.0,0.33,0.0,0.0,38.2,80.63,2.6,39.56,0.0,0.27,0.0,0.0,1.0,0.07,0.13,0.0,63.04,55.29,0.27,0.87,15,2,2,Holanda Eredivisie,3
Kjell Scherpen,0.0,0.0,100.0,0.0,0.0,0.0,0.0,0.04,0.0,0.88,0.15,0.08,0.0,0.0,29.46,59.01,1.73,36.92,2.58,0.23,0.04,0.04,1.0,0.19,0.0,0.04,66.67,56.25,0.04,0.04,26,1,1,Holanda Eredivisie,3
Liam van Gelderen,0.06,0.06,54.84,0.47,0.0,0.0,2.06,0.88,0.0,2.12,0.0,0.29,0.12,0.0,25.47,75.75,4.0,23.26,0.0,0.0,0.0,0.0,0.88,0.18,0.24,0.0,52.63,57.78,0.35,0.88,17,1,2,Holanda Eredivisie,3
Phillipp Mwene,0.0,0.04,42.11,0.44,0.0,0.0,1.68,0.4,0.0,1.24,0.0,0.64,0.04,0.04,34.36,83.59,6.84,43.75,0.0,0.12,0.0,0.0,0.52,0.12,0.04,0.0,39.47,50.0,0.32,0.68,25,2,2,Holanda Eredivisie,3
Joey Pelupessy,0.05,0.0,50.0,0.53,0.0,0.0,2.0,1.0,0.0,1.21,0.0,0.42,0.0,0.0,24.63,88.89,5.05,73.33,0.0,0.16,0.0,0.0,1.84,0.16,0.05,0.0,59.57,61.98,0.32,0.63,19,2,3,Holanda Eredivisie,3
Syb van Ottele,0.05,0.05,100.0,0.35,0.0,0.0,1.25,0.8,0.0,2.0,0.0,0.6,0.0,0.0,37.3,79.76,3.3,49.24,0.0,0.15,0.0,0.0,0.9,0.05,0.3,0.0,42.31,51.13,0.5,0.85,20,1,2,Holanda Eredivisie,3
Guus Til,0.3,0.43,30.0,1.67,0.1,0.0,1.17,0.4,0.03,0.47,0.0,0.5,0.2,0.1,17.97,78.48,5.6,32.0,0.0,0.03,0.0,0.0,0.73,0.3,0.13,0.0,41.3,42.02,0.63,1.0,30,2,3,Holanda Eredivisie,3
Bobby Adekanye,0.19,0.06,53.06,1.48,0.0,0.0,0.97,0.29,0.0,0.16,0.0,1.1,0.29,0.13,18.48,74.0,6.06,56.41,0.0,0.03,0.0,0.0,0.9,0.23,0.26,0.0,17.39,43.89,2.19,1.42,31,1,3,Holanda Eredivisie,3
Moussa Sylla,0.1,0.1,35.71,1.0,0.0,0.0,0.5,0.5,0.0,0.7,0.0,0.4,0.2,0.1,17.5,71.43,4.6,29.41,0.0,0.1,0.0,0.0,1.0,0.1,0.0,0.0,45.83,42.65,0.9,0.2,10,1,4,Holanda Eredivisie,3
Othman Boussaid,0.09,0.03,32.89,1.25,0.0,0.0,0.47,1.0,0.0,0.31,0.0,0.81,0.28,0.16,28.56,76.91,7.0,46.67,0.0,0.09,0.0,0.0,0.91,0.06,0.09,0.0,31.25,38.17,0.81,0.19,32,1,3,Holanda Eredivisie,3
Oğuzhan Özyakup,0.14,0.0,56.52,0.5,0.0,0.0,0.91,0.36,0.0,0.59,0.0,0.82,0.09,0.0,31.45,80.06,8.41,52.94,0.0,0.0,0.0,0.0,0.95,0.14,0.14,0.0,53.33,47.58,0.82,0.36,22,3,3,Holanda Eredivisie,3
Peer Koopmeiners,0.0,0.0,58.33,0.36,0.0,0.0,2.16,0.68,0.0,1.72,0.0,0.8,0.12,0.04,26.08,78.99,5.24,47.56,0.0,0.16,0.0,0.0,1.12,0.12,0.04,0.0,58.82,51.32,0.24,1.08,25,1,3,Holanda Eredivisie,3
Anass Salah-Eddine,0.0,0.0,66.67,0.43,0.0,0.0,1.57,0.57,0.0,0.64,0.0,0.57,0.0,0.0,25.79,81.99,5.79,47.62,0.0,0.07,0.0,0.0,0.57,0.07,0.07,0.0,55.17,54.87,0.71,0.36,14,1,2,Holanda Eredivisie,3
Marcus Pedersen,0.03,0.03,60.38,0.66,0.0,0.0,1.41,0.31,0.0,1.9,0.0,0.14,0.1,0.07,32.59,84.34,8.07,38.81,0.0,0.14,0.0,0.0,0.69,0.14,0.1,0.0,33.33,53.13,0.31,0.93,29,1,2,Holanda Eredivisie,3
Mike te Wierik,0.0,0.0,50.0,0.21,0.0,0.0,1.55,1.38,0.07,4.24,0.0,0.38,0.0,0.0,37.86,82.6,4.17,40.8,0.0,0.17,0.0,0.0,1.76,0.1,0.21,0.03,58.62,54.77,0.38,1.38,29,3,2,Holanda Eredivisie,3
Remko Pasveer,0.0,0.0,0.0,0.0,0.0,0.0,0.0,0.0,0.0,0.07,0.07,0.0,0.0,0.0,33.4,77.05,1.13,42.56,2.13,0.27,0.0,0.0,1.0,0.2,0.0,0.0,100.0,100.0,0.0,0.0,15,3,1,Holanda Eredivisie,3
Million Manhoef,0.27,0.09,38.17,2.36,0.0,0.0,0.88,0.27,0.0,0.21,0.0,0.61,0.3,0.15,19.42,73.01,5.88,34.15,0.0,0.03,0.0,0.0,1.06,0.18,0.0,0.0,21.88,33.44,0.7,1.03,33,1,3,Holanda Eredivisie,3
Fábio Silva,0.29,0.29,44.0,1.36,0.14,0.0,0.21,0.07,0.0,0.29,0.0,0.79,0.21,0.07,13.64,71.2,4.71,71.43,0.0,0.14,0.0,0.0,0.21,0.36,0.21,0.0,50.0,35.11,0.57,1.0,14,1,4,Holanda Eredivisie,3
Calvin Twigt,0.06,0.13,50.0,0.38,0.06,0.0,2.25,1.56,0.0,1.31,0.0,1.88,0.06,0.13,28.69,79.08,5.25,52.38,0.0,0.13,0.0,0.0,1.31,0.13,0.0,0.0,50.0,48.7,1.06,0.94,16,1,3,Holanda Eredivisie,3
Norbert Alblas,0.0,0.0,0.0,0.0,0.0,0.0,0.0,0.0,0.0,1.0,0.0,0.0,0.0,0.0,9.0,55.56,0.0,20.0,2.0,0.0,0.0,0.0,0.0,0.0,0.0,0.0,100.0,100.0,0.0,0.0,1,2,1,Holanda Eredivisie,3
Youri Regeer,0.0,0.0,0.0,0.0,0.0,0.0,0.33,0.0,0.0,0.0,0.0,0.0,0.0,0.0,4.33,92.31,1.67,100.0,0.0,0.0,0.0,0.0,0.0,0.0,0.0,0.0,0.0,100.0,0.0,0.0,3,1,2,Holanda Eredivisie,3
Leon Bergsma,0.0,0.04,100.0,0.29,0.0,0.0,1.5,0.83,0.04,3.67,0.0,0.25,0.0,0.0,47.29,83.44,3.25,50.93,0.0,0.17,0.0,0.0,1.25,0.38,0.17,0.0,47.14,57.66,0.21,0.58,24,2,2,Holanda Eredivisie,3
Walter Benítez,0.0,0.0,0.0,0.0,0.0,0.0,0.03,0.0,0.0,0.43,0.0,0.0,0.0,0.0,24.9,69.88,0.8,45.81,2.37,0.33,0.07,0.0,0.87,0.3,0.07,0.0,100.0,100.0,0.03,0.0,30,2,1,Holanda Eredivisie,3
Mickey van der Hart,0.0,0.0,100.0,0.0,0.0,0.0,0.04,0.0,0.0,0.52,0.0,0.04,0.0,0.0,31.24,61.46,0.6,35.57,3.2,0.24,0.08,0.0,1.52,0.24,0.0,0.0,100.0,94.12,0.08,0.0,25,2,1,Holanda Eredivisie,3
Ximo Navarro,0.0,0.07,75.0,0.47,0.0,0.0,1.13,1.27,0.07,4.6,0.0,0.13,0.0,0.0,38.73,86.23,2.4,42.62,0.0,0.13,0.0,0.0,1.4,0.13,0.13,0.0,48.57,61.11,0.47,0.4,15,3,2,Holanda Eredivisie,3
Benaissa Benamar,0.07,0.0,66.67,0.31,0.07,0.0,1.07,0.72,0.0,2.69,0.0,0.45,0.07,0.03,32.83,80.04,3.1,51.74,0.0,0.17,0.0,0.0,1.31,0.17,0.17,0.0,60.56,55.92,0.1,0.62,29,2,2,Holanda Eredivisie,3
Evert Linthorst,0.04,0.04,40.0,0.39,0.0,0.0,1.48,0.74,0.0,1.61,0.0,0.22,0.04,0.0,30.3,80.49,6.7,56.25,0.0,0.04,0.0,0.0,1.09,0.17,0.09,0.0,53.33,54.31,0.39,1.04,23,1,3,Holanda Eredivisie,3
Jorrel Hato,0.0,0.0,73.33,0.09,0.0,0.0,1.18,0.55,0.0,1.0,0.0,0.36,0.09,0.0,46.82,91.07,8.27,62.5,0.0,0.09,0.0,0.0,0.73,0.18,0.09,0.0,39.13,51.52,0.09,0.27,11,1,2,Holanda Eredivisie,3
Shurandy Sambo,0.07,0.0,51.61,0.57,0.0,0.0,1.77,1.0,0.03,2.23,0.0,0.87,0.03,0.0,35.2,83.9,5.7,50.0,0.0,0.23,0.0,0.0,0.8,0.2,0.1,0.07,60.0,56.0,0.97,0.77,30,1,2,Holanda Eredivisie,3
Amin Younes,0.0,0.0,45.0,0.3,0.0,0.0,0.9,0.0,0.0,0.1,0.0,0.5,0.2,0.2,17.1,85.96,5.1,66.67,0.0,0.0,0.0,0.0,0.7,0.1,0.0,0.0,0.0,48.94,0.5,0.5,10,2,4,Holanda Eredivisie,3
Lucas Bernadou,0.07,0.0,51.28,0.33,0.0,0.0,1.57,1.03,0.0,0.8,0.0,0.9,0.1,0.13,32.77,86.27,7.77,66.67,0.0,0.03,0.0,0.0,1.1,0.1,0.1,0.0,36.73,46.34,0.37,0.53,30,1,3,Holanda Eredivisie,3
Ivo Pinto,0.0,0.03,43.64,0.21,0.0,0.0,1.62,0.93,0.0,2.72,0.0,0.52,0.17,0.14,30.17,78.06,6.38,49.12,0.0,0.21,0.0,0.0,1.21,0.21,0.03,0.0,54.05,54.08,0.52,0.41,29,3,2,Holanda Eredivisie,3
Zakaria Bakkali,0.17,0.06,50.0,0.83,0.0,0.0,0.44,0.11,0.0,0.17,0.0,0.0,0.11,0.0,8.17,77.55,2.94,44.44,0.0,0.0,0.0,0.0,0.94,0.0,0.0,0.0,0.0,55.22,0.78,0.22,18,2,4,Holanda Eredivisie,3
Antoine Colassin,0.14,0.0,39.13,1.05,0.0,0.0,0.95,0.18,0.05,0.5,0.0,0.45,0.05,0.0,12.14,69.29,3.82,36.36,0.0,0.0,0.0,0.0,0.59,0.0,0.14,0.0,40.0,41.03,0.27,0.77,22,1,4,Holanda Eredivisie,3
Andri Fannar Baldursson,0.0,0.0,100.0,0.09,0.0,0.0,0.73,0.45,0.0,0.36,0.0,0.18,0.0,0.0,9.27,79.41,1.36,55.56,0.0,0.0,0.0,0.0,0.27,0.0,0.18,0.0,42.86,60.0,0.18,0.55,11,1,3,Holanda Eredivisie,3
Damon Mirani,0.1,0.1,0.0,0.52,0.06,0.0,1.77,1.16,0.0,4.19,0.0,0.87,0.0,0.03,41.19,80.66,5.52,43.93,0.0,0.1,0.0,0.0,1.87,0.23,0.0,0.0,49.68,52.33,0.45,0.65,31,2,2,Holanda Eredivisie,3
Lequincio Zeefuik,0.14,0.07,71.43,0.93,0.0,0.0,0.14,0.0,0.0,0.14,0.0,0.0,0.14,0.0,4.79,50.75,1.14,50.0,0.0,0.0,0.0,0.0,0.43,0.07,0.14,0.0,65.52,50.82,0.36,0.57,14,1,4,Holanda Eredivisie,3
Julian Lelieveld,0.06,0.06,61.11,0.32,0.0,0.0,1.94,0.94,0.0,1.79,0.0,0.85,0.15,0.09,33.44,82.15,8.71,55.95,0.0,0.06,0.0,0.0,1.32,0.21,0.12,0.0,48.15,56.22,0.56,0.56,34,2,2,Holanda Eredivisie,3
Mats Deijl,0.06,0.03,62.96,0.44,0.0,0.0,1.44,1.09,0.0,2.84,0.0,0.66,0.09,0.06,36.63,72.35,7.09,40.7,0.0,0.25,0.0,0.0,1.28,0.28,0.09,0.03,64.29,58.89,1.03,0.88,32,2,2,Holanda Eredivisie,3
Rami Al Hajj,0.0,0.12,54.55,1.18,0.0,0.0,1.29,0.53,0.0,0.18,0.0,0.24,0.06,0.06,20.18,84.84,8.24,46.15,0.0,0.0,0.0,0.0,0.47,0.12,0.0,0.0,40.0,56.52,0.59,0.24,17,1,3,Holanda Eredivisie,3
Dominik Oroz,0.06,0.0,0.0,0.44,0.0,0.0,0.88,1.0,0.0,3.19,0.0,0.56,0.0,0.0,30.63,79.59,1.81,38.78,0.0,0.13,0.0,0.0,0.88,0.06,0.19,0.0,61.76,51.43,0.06,0.75,16,1,2,Holanda Eredivisie,3
Miliano Jonathans,0.0,0.08,60.0,0.67,0.0,0.0,0.33,0.17,0.0,0.0,0.0,0.17,0.17,0.0,5.5,80.3,2.08,0.0,0.0,0.0,0.0,0.0,0.25,0.0,0.17,0.0,42.86,42.86,0.17,0.33,12,1,4,Holanda Eredivisie,3
Ibrahim El Kadiri,0.0,0.0,45.16,1.18,0.0,0.0,1.12,0.18,0.0,0.29,0.0,0.53,0.18,0.12,13.18,86.16,5.71,54.55,0.0,0.0,0.0,0.0,1.41,0.18,0.0,0.0,37.5,38.61,0.18,0.53,17,1,4,Holanda Eredivisie,3
Oliver Antman,0.18,0.0,52.38,1.09,0.0,0.0,0.82,0.18,0.0,0.36,0.0,0.64,0.09,0.09,18.09,78.89,5.91,45.45,0.0,0.0,0.0,0.0,1.45,0.27,0.0,0.0,0.0,42.59,0.27,0.45,11,1,4,Holanda Eredivisie,3
Florian Jozefzoon,0.19,0.15,43.24,1.12,0.0,0.0,0.81,0.08,0.0,0.0,0.0,0.19,0.19,0.12,8.35,77.42,3.23,25.0,0.0,0.0,0.0,0.0,0.73,0.08,0.04,0.0,35.71,51.02,0.31,0.15,26,3,4,Holanda Eredivisie,3
Robert Mühren,0.18,0.39,35.71,2.04,0.04,0.0,0.43,0.39,0.0,0.86,0.0,0.46,0.11,0.0,12.57,65.63,3.79,45.0,0.0,0.0,0.0,0.0,1.29,0.18,0.04,0.0,36.05,36.08,0.32,0.57,28,3,4,Holanda Eredivisie,3
Olivier Boscagli,0.14,0.0,0.0,0.14,0.14,0.0,0.0,0.86,0.0,0.57,0.0,0.43,0.14,0.14,23.43,84.15,2.0,48.48,0.0,0.14,0.0,0.0,0.14,0.29,0.0,0.0,33.33,23.08,0.14,0.43,7,2,2,Holanda Eredivisie,3
Deron Payne,0.0,0.0,50.0,0.0,0.0,0.0,2.33,0.0,0.0,0.67,0.0,0.33,0.0,0.0,11.67,82.86,3.0,50.0,0.0,0.0,0.0,0.0,0.33,0.33,0.0,0.0,0.0,76.92,0.33,0.0,3,1,2,Holanda Eredivisie,3
Federico Mattiello,0.0,0.0,42.86,0.33,0.0,0.0,1.5,0.67,0.0,1.0,0.0,0.17,0.17,0.0,7.5,82.22,1.83,0.0,0.0,0.0,0.0,0.0,0.5,0.17,0.0,0.0,100.0,69.23,0.67,0.5,6,2,3,Holanda Eredivisie,3
Jeffrey Bruma,0.0,0.0,100.0,0.1,0.0,0.0,1.3,0.7,0.1,2.9,0.0,0.1,0.1,0.0,36.7,88.83,2.6,50.0,0.0,0.1,0.0,0.0,1.4,0.3,0.3,0.0,56.67,56.67,0.2,0.9,10,3,2,Holanda Eredivisie,3
Oliver Valaker Edvardsen,0.25,0.18,33.33,1.46,0.04,0.0,1.39,1.04,0.0,0.46,0.0,0.61,0.07,0.04,18.71,73.09,5.54,36.84,0.0,0.0,0.0,0.0,1.11,0.25,0.11,0.0,45.45,49.05,1.75,0.89,28,1,3,Holanda Eredivisie,3
Ole Romeny,0.33,0.24,31.34,1.52,0.06,0.0,1.06,0.24,0.0,0.76,0.0,0.36,0.06,0.03,21.73,80.33,6.52,48.28,0.0,0.06,0.0,0.0,1.52,0.18,0.03,0.0,27.38,47.13,2.58,0.73,33,1,3,Holanda Eredivisie,3
Jose Fontán,0.05,0.0,75.0,0.33,0.0,0.0,1.14,0.52,0.0,2.52,0.0,0.52,0.1,0.14,25.19,76.18,2.81,38.61,0.05,0.1,0.0,0.0,1.14,0.1,0.24,0.0,55.88,56.12,0.48,0.67,21,1,2,Holanda Eredivisie,3
Elayis Tavsan,0.09,0.16,49.65,2.22,0.0,0.0,1.25,0.19,0.0,0.41,0.0,0.53,0.13,0.09,20.84,82.31,6.19,83.33,0.0,0.06,0.0,0.0,0.75,0.22,0.06,0.0,26.32,49.44,1.81,0.78,32,1,3,Holanda Eredivisie,3
Enric Llansana,0.0,0.0,68.75,0.43,0.0,0.0,1.95,1.05,0.0,0.76,0.0,0.95,0.05,0.05,25.9,80.51,5.81,60.38,0.0,0.05,0.0,0.0,1.05,0.14,0.14,0.0,45.28,47.9,0.19,1.05,21,1,3,Holanda Eredivisie,3
Gerrit Nauber,0.0,0.0,100.0,0.42,0.0,0.0,0.79,0.89,0.0,3.21,0.05,0.21,0.0,0.0,29.0,85.12,2.68,53.41,0.0,0.21,0.0,0.0,1.0,0.16,0.05,0.0,50.0,56.0,0.21,0.32,19,3,2,Holanda Eredivisie,3
Lazaros Lamprou,0.14,0.14,53.33,1.14,0.04,0.0,0.64,0.29,0.0,0.46,0.0,0.64,0.11,0.11,15.54,73.56,4.46,60.0,0.0,0.0,0.0,0.0,1.25,0.07,0.04,0.0,35.56,45.12,0.57,0.18,28,2,4,Holanda Eredivisie,3
Kacper Kozłowski,0.07,0.03,41.74,1.31,0.0,0.0,1.28,0.55,0.0,0.14,0.0,1.31,0.1,0.17,24.48,73.24,7.28,50.0,0.0,0.0,0.0,0.0,0.69,0.21,0.14,0.0,58.33,45.48,1.48,0.9,29,1,3,Holanda Eredivisie,3
Mark van der Maarel,0.0,0.03,0.0,0.24,0.0,0.0,1.72,1.21,0.0,2.45,0.0,1.28,0.07,0.0,36.9,81.96,4.55,57.14,0.0,0.24,0.0,0.0,1.0,0.1,0.17,0.0,43.18,45.29,0.28,1.07,29,3,2,Holanda Eredivisie,3
Kenzo Goudmijn,0.12,0.06,54.65,1.06,0.0,0.0,1.59,0.44,0.0,0.38,0.0,0.85,0.09,0.06,30.65,76.87,8.91,58.49,0.0,0.06,0.0,0.0,1.71,0.18,0.06,0.0,34.15,51.6,1.38,0.56,34,1,3,Holanda Eredivisie,3
Perr Schuurs,0.0,0.0,0.0,0.0,0.0,0.0,0.5,0.0,0.0,1.5,0.0,0.0,0.0,0.0,23.5,89.36,6.0,71.43,0.0,0.0,0.0,0.0,0.5,0.0,0.0,0.0,100.0,100.0,0.0,0.0,2,1,2,Holanda Eredivisie,3
Joël Drommel,0.0,0.0,0.0,0.0,0.0,0.0,0.0,0.0,0.0,0.5,0.0,0.0,0.0,0.0,24.25,62.89,3.0,44.62,3.0,0.25,0.0,0.0,0.5,0.75,0.0,0.0,0.0,0.0,0.0,0.0,4,2,1,Holanda Eredivisie,3
Keziah Veendorp,0.0,0.0,65.38,0.27,0.0,0.0,1.58,0.91,0.0,2.06,0.03,0.79,0.06,0.09,52.48,80.89,9.79,51.27,0.0,0.21,0.0,0.0,1.52,0.24,0.12,0.0,53.73,54.19,0.15,0.64,33,2,3,Holanda Eredivisie,3
Úmaro Embaló,0.11,0.04,48.0,0.78,0.04,0.0,1.26,0.3,0.0,0.19,0.0,0.41,0.11,0.11,11.96,71.83,3.07,40.74,0.0,0.0,0.0,0.0,0.7,0.04,0.19,0.0,33.33,48.57,0.85,0.63,27,1,3,Holanda Eredivisie,3
Francesco Antonucci,0.12,0.0,66.67,1.65,0.0,0.0,0.24,0.24,0.0,0.12,0.06,0.53,0.06,0.06,18.35,76.28,5.41,51.22,0.0,0.0,0.0,0.0,1.12,0.06,0.12,0.0,0.0,51.28,0.94,0.47,17,1,3,Holanda Eredivisie,3
Hidde ter Avest,0.0,0.0,37.5,0.2,0.0,0.0,1.3,0.85,0.0,1.85,0.0,0.35,0.0,0.0,21.25,74.35,5.05,36.96,0.0,0.05,0.0,0.0,0.55,0.1,0.0,0.0,59.26,58.54,0.15,0.45,20,2,2,Holanda Eredivisie,3
Matúš Bero,0.16,0.1,33.85,1.9,0.0,0.0,1.65,0.52,0.0,0.74,0.0,1.52,0.06,0.1,36.16,73.6,9.06,52.7,0.0,0.19,0.0,0.0,1.26,0.29,0.19,0.0,47.11,43.83,1.68,1.23,31,2,3,Holanda Eredivisie,3
Jamal Amofa,0.0,0.0,69.77,0.13,0.0,0.0,1.48,1.16,0.0,2.45,0.03,0.48,0.06,0.03,39.77,83.45,3.55,46.99,0.0,0.13,0.0,0.0,1.13,0.23,0.26,0.0,46.15,55.0,0.32,0.81,31,2,2,Holanda Eredivisie,3
Achraf Douiri,0.0,0.0,61.54,0.33,0.0,0.0,2.44,0.56,0.0,0.89,0.0,0.78,0.0,0.0,14.44,74.62,2.0,47.62,0.0,0.0,0.0,0.0,1.0,0.0,0.22,0.0,0.0,55.0,0.33,0.89,9,1,4,Holanda Eredivisie,3
Florian Krüger,0.18,0.18,20.0,0.77,0.0,0.0,0.82,0.14,0.0,0.41,0.0,0.45,0.18,0.09,11.95,69.2,3.41,28.57,0.0,0.0,0.0,0.0,1.14,0.05,0.05,0.0,44.0,40.0,0.32,0.64,22,1,4,Holanda Eredivisie,3
Daleho Irandust,0.0,0.12,60.0,0.71,0.0,0.0,1.06,0.24,0.0,0.06,0.0,0.41,0.12,0.24,13.53,72.61,3.76,53.33,0.0,0.0,0.0,0.0,0.76,0.0,0.06,0.0,23.53,48.21,0.65,0.41,17,2,3,Holanda Eredivisie,3
Lars Nieuwpoort,0.0,0.0,0.0,0.1,0.0,0.0,1.1,1.1,0.0,2.4,0.0,0.9,0.1,0.0,22.5,84.0,1.3,58.62,0.0,0.2,0.0,0.0,0.5,0.1,0.1,0.0,35.29,38.64,0.0,0.8,10,2,2,Holanda Eredivisie,3
Owen Wijndal,0.0,0.0,66.67,0.4,0.0,0.0,1.1,0.4,0.0,0.7,0.0,0.45,0.15,0.1,41.75,88.62,13.15,44.44,0.0,0.05,0.0,0.0,0.8,0.15,0.1,0.0,50.0,57.26,1.15,0.7,20,1,2,Holanda Eredivisie,3
Souffian El Karouani,0.06,0.0,39.51,0.91,0.0,0.0,2.06,0.7,0.0,2.15,0.0,0.76,0.12,0.03,34.45,79.42,6.3,33.96,0.0,0.27,0.0,0.0,1.0,0.27,0.24,0.0,43.18,47.08,1.03,1.39,33,1,2,Holanda Eredivisie,3
Marco van Ginkel,0.14,0.07,33.33,1.36,0.07,0.0,0.57,0.14,0.0,0.86,0.0,1.07,0.0,0.14,33.14,78.23,7.71,70.37,0.0,0.21,0.0,0.0,0.57,0.07,0.14,0.0,47.5,40.2,0.79,0.93,14,3,3,Holanda Eredivisie,3
Jonathan de Guzmán,0.1,0.0,50.0,0.38,0.0,4.76,1.05,0.76,0.05,0.57,0.05,0.86,0.05,0.05,34.14,80.89,6.24,57.61,0.0,0.05,0.0,0.0,0.71,0.24,0.19,0.0,53.85,44.2,0.57,1.24,21,3,3,Holanda Eredivisie,3
Thorgan Hazard,0.11,0.0,87.5,0.56,0.0,0.0,0.78,0.0,0.0,0.78,0.0,1.22,0.11,0.0,14.44,82.31,5.67,57.14,0.0,0.0,0.0,0.0,0.11,0.33,0.11,0.0,28.57,40.48,0.11,0.33,9,2,3,Holanda Eredivisie,3
Pedro Marques,0.17,0.17,28.57,0.7,0.0,0.0,0.13,0.0,0.0,0.3,0.0,0.2,0.07,0.1,6.87,72.33,1.83,60.0,0.0,0.0,0.0,0.0,0.43,0.13,0.07,0.0,40.63,37.29,0.33,0.27,30,2,4,Holanda Eredivisie,3
Magnus Mattsson,0.16,0.4,51.25,1.48,0.08,0.0,1.48,0.52,0.0,0.48,0.0,1.2,0.16,0.08,25.56,80.44,6.44,45.0,0.0,0.04,0.0,0.0,1.0,0.2,0.04,0.0,34.48,47.58,1.2,0.32,25,1,3,Holanda Eredivisie,3
Finn Stokkers,0.13,0.29,26.67,1.67,0.0,0.0,0.46,0.33,0.0,0.46,0.0,0.33,0.08,0.08,12.29,66.1,4.71,45.45,0.0,0.0,0.0,0.0,0.83,0.08,0.08,0.0,51.16,44.38,0.71,0.46,24,2,4,Holanda Eredivisie,3
Tomáš Suslov,0.03,0.0,53.06,1.83,0.0,0.0,1.87,0.87,0.0,0.6,0.0,1.6,0.13,0.03,20.8,71.79,5.57,53.4,0.0,0.03,0.0,0.0,1.47,0.13,0.2,0.0,39.39,49.33,2.1,1.07,30,1,3,Holanda Eredivisie,3
Roy Kuijpers,0.0,0.0,45.0,0.19,0.0,0.0,0.38,0.19,0.0,0.0,0.0,0.31,0.25,0.06,8.44,79.26,3.94,33.33,0.0,0.0,0.0,0.0,0.75,0.06,0.06,0.0,25.0,45.83,0.38,0.13,16,1,4,Holanda Eredivisie,3
Mayckel Lahdo,0.08,0.12,59.46,0.48,0.0,0.0,0.6,0.2,0.0,0.04,0.0,0.36,0.04,0.04,9.48,82.28,4.12,60.0,0.0,0.0,0.0,0.0,0.16,0.04,0.04,0.0,23.81,48.04,0.28,0.12,25,1,4,Holanda Eredivisie,3
Floris Smand,0.0,0.0,75.0,0.17,0.0,0.0,0.87,1.61,0.0,4.22,0.0,0.39,0.0,0.0,45.7,90.01,1.74,64.29,0.0,0.13,0.0,0.0,1.61,0.3,0.0,0.0,48.21,50.0,0.22,0.65,23,1,2,Holanda Eredivisie,3
Hobie Verhulst,0.0,0.0,0.0,0.0,0.0,0.0,0.0,0.0,0.0,1.0,0.13,0.13,0.0,0.0,30.06,58.84,1.06,35.41,2.13,0.31,0.13,0.06,0.88,0.19,0.0,0.0,100.0,33.33,0.0,0.0,16,2,1,Holanda Eredivisie,3
Mohamed Bouchouari,0.04,0.0,46.34,1.12,0.0,0.0,2.0,0.65,0.0,1.62,0.0,1.08,0.19,0.04,27.96,71.8,6.04,35.87,0.0,0.15,0.0,0.0,1.15,0.19,0.08,0.0,36.0,50.97,0.96,0.81,26,1,2,Holanda Eredivisie,3
Mathew Ryan,0.0,0.0,0.0,0.06,0.0,0.0,0.0,0.0,0.0,0.44,0.0,0.06,0.0,0.0,28.22,67.32,0.72,42.55,1.56,0.39,0.17,0.0,0.89,0.11,0.0,0.0,100.0,83.33,0.0,0.0,18,3,1,Holanda Eredivisie,3
Silvester van der Water,0.04,0.17,36.11,0.74,0.0,0.0,1.65,0.13,0.0,0.26,0.0,0.7,0.13,0.0,12.26,65.25,3.04,44.44,0.0,0.0,0.0,0.0,0.57,0.17,0.13,0.0,25.93,45.34,0.65,0.87,23,2,4,Holanda Eredivisie,3
Mikkel Duelund,0.07,0.2,51.85,1.2,0.07,0.0,1.13,0.4,0.0,0.6,0.0,0.8,0.13,0.13,20.8,75.0,5.73,55.56,0.0,0.07,0.0,0.0,0.6,0.13,0.07,0.0,44.0,42.31,0.87,1.0,15,2,4,Holanda Eredivisie,3
Bartosz Białek,0.2,0.16,44.12,1.4,0.0,0.0,0.4,0.0,0.0,0.52,0.0,0.4,0.08,0.04,11.68,66.1,3.84,53.85,0.0,0.08,0.0,0.0,0.56,0.08,0.04,0.0,30.49,34.5,0.76,1.04,25,1,4,Holanda Eredivisie,3
Alfons Sampsted,0.0,0.0,25.0,0.17,0.0,0.0,1.0,0.42,0.0,0.5,0.0,0.25,0.08,0.0,23.5,85.46,5.08,54.55,0.0,0.0,0.0,0.0,0.42,0.0,0.08,0.0,25.0,55.81,0.75,0.5,12,2,2,Holanda Eredivisie,3
Nikolai Baden Frederiksen,0.15,0.08,50.0,1.92,0.0,0.0,0.31,0.0,0.0,0.38,0.0,0.23,0.0,0.0,6.77,71.59,1.62,60.0,0.0,0.0,0.0,0.0,1.23,0.23,0.0,0.0,50.0,48.84,0.46,0.46,13,1,4,Holanda Eredivisie,3
Yassin Oukili,0.1,0.06,58.82,1.1,0.0,0.0,2.26,0.58,0.0,0.35,0.0,0.9,0.03,0.06,22.23,77.79,5.19,30.19,0.0,0.0,0.0,0.0,1.1,0.19,0.29,0.0,54.84,52.12,0.52,1.19,31,1,3,Holanda Eredivisie,3
Pelle van Amersfoort,0.16,0.16,31.25,1.84,0.11,0.0,0.89,0.16,0.0,1.0,0.0,0.32,0.05,0.0,18.58,67.42,5.21,50.0,0.0,0.05,0.0,0.0,1.47,0.11,0.05,0.0,49.38,48.82,1.11,0.84,19,2,3,Holanda Eredivisie,3
Julius Dirksen,0.0,0.0,55.56,0.37,0.0,0.0,1.44,1.26,0.0,2.37,0.04,0.67,0.11,0.0,27.67,79.12,3.56,32.56,0.0,0.04,0.0,0.0,1.07,0.19,0.04,0.0,48.98,54.89,0.19,0.3,27,1,2,Holanda Eredivisie,3
Yassin Ayoub,0.0,0.0,80.0,0.53,0.0,0.0,2.13,0.27,0.0,0.6,0.0,0.53,0.07,0.0,23.93,82.17,6.07,56.0,0.0,0.0,0.0,0.0,1.33,0.07,0.2,0.0,30.77,54.08,0.6,0.67,15,2,3,Holanda Eredivisie,3
Ibrahim Cissoko,0.08,0.04,47.06,0.92,0.0,0.0,0.38,0.0,0.04,0.15,0.0,0.12,0.08,0.0,10.08,75.95,3.31,25.0,0.0,0.0,0.0,0.0,0.38,0.08,0.0,0.0,60.0,60.17,1.19,0.15,26,1,4,Holanda Eredivisie,3
Jasper ter Heide,0.25,0.0,100.0,0.25,0.0,0.0,0.5,0.0,0.0,0.75,0.0,0.0,0.0,0.0,2.25,55.56,0.0,0.0,0.0,0.0,0.0,0.0,0.75,0.5,0.0,0.0,25.0,50.0,0.0,0.0,4,1,2,Holanda Eredivisie,3
Xander Blomme,0.13,0.0,50.0,0.38,0.0,0.0,1.25,1.38,0.0,0.38,0.0,0.88,0.13,0.0,21.88,77.14,3.13,36.36,0.0,0.0,0.0,0.0,0.63,0.13,0.13,0.0,47.06,44.0,0.38,0.75,8,1,3,Holanda Eredivisie,3
Maxim Dekker,0.08,0.0,0.0,0.15,0.0,0.0,0.85,0.62,0.0,2.31,0.0,0.23,0.0,0.0,38.92,86.76,3.08,46.88,0.0,0.08,0.0,0.0,0.85,0.23,0.0,0.0,68.0,69.57,0.31,0.15,13,1,2,Holanda Eredivisie,3
Philipp Max,0.0,0.14,33.33,0.29,0.0,0.0,1.36,0.5,0.0,0.57,0.07,0.79,0.14,0.14,37.29,87.16,8.21,39.39,0.0,0.07,0.0,0.0,0.64,0.29,0.21,0.0,85.71,55.0,0.43,0.64,14,2,3,Holanda Eredivisie,3
Ragnar Oratmangoen,0.0,0.05,52.38,0.79,0.0,0.0,1.58,0.84,0.0,0.74,0.0,0.89,0.11,0.05,32.53,85.76,7.47,60.53,0.0,0.0,0.0,0.0,1.47,0.05,0.05,0.0,70.0,50.35,0.26,0.58,19,2,3,Holanda Eredivisie,3
Carlos Vinícius,0.0,1.0,0.0,1.0,0.0,0.0,1.0,0.0,0.0,0.0,0.0,0.0,1.0,0.0,12.0,75.0,4.0,0.0,0.0,0.0,0.0,0.0,1.0,0.0,0.0,0.0,0.0,33.33,1.0,0.0,1,2,4,Holanda Eredivisie,3
Silvano Vos,0.0,0.0,100.0,1.0,0.0,0.0,0.0,0.0,0.0,1.0,0.0,0.0,0.0,0.0,11.5,100.0,2.0,100.0,0.0,0.0,0.0,0.0,0.0,0.0,0.0,0.0,0.0,100.0,0.5,0.0,2,1,3,Holanda Eredivisie,3
Fedde De Jong,0.0,0.0,100.0,0.0,0.0,0.0,0.5,0.0,0.0,1.5,0.0,0.0,0.0,0.0,20.0,75.0,5.5,66.67,0.0,0.0,0.0,0.0,0.0,0.0,0.0,0.0,100.0,66.67,0.0,0.0,2,1,3,Holanda Eredivisie,3
Vicente Besuijen,0.0,0.0,50.0,0.5,0.0,0.0,2.0,0.0,0.0,0.5,0.0,0.0,0.0,0.0,11.0,77.27,4.5,0.0,0.0,0.0,0.0,0.0,0.0,0.0,0.0,0.0,0.0,75.0,0.5,0.0,2,1,4,Holanda Eredivisie,3
Hussein Ali,0.0,0.0,0.0,0.0,0.0,0.0,0.4,0.6,0.0,0.6,0.0,0.0,0.0,0.0,2.4,50.0,0.6,33.33,0.0,0.0,0.0,0.0,0.0,0.0,0.0,0.0,0.0,40.0,0.0,0.0,5,1,2,Holanda Eredivisie,3
Mexx Meerdink,0.0,0.17,66.67,0.83,0.0,0.0,0.33,0.17,0.0,0.33,0.0,0.33,0.17,0.0,7.0,61.9,2.17,0.0,0.0,0.0,0.0,0.0,0.17,0.0,0.17,0.0,50.0,45.95,0.67,1.17,6,1,4,Holanda Eredivisie,3
Bart Ramselaar,0.0,0.0,50.0,0.89,0.0,0.0,0.89,0.11,0.0,0.11,0.0,0.44,0.11,0.0,15.56,83.57,3.11,66.67,0.0,0.0,0.0,0.0,0.44,0.0,0.11,0.0,25.0,51.43,0.44,0.11,9,2,3,Holanda Eredivisie,3
Arthur Zagre,0.0,0.09,62.5,0.55,0.0,0.0,1.36,1.0,0.0,1.27,0.0,0.45,0.0,0.0,19.18,80.09,3.0,45.83,0.0,0.18,0.0,0.0,0.55,0.0,0.09,0.0,42.86,52.11,0.36,0.91,11,1,2,Holanda Eredivisie,3
Lorenzo Burnet,0.0,0.0,46.67,0.16,0.0,0.0,2.0,0.79,0.0,2.47,0.0,0.42,0.05,0.0,26.32,79.0,4.53,42.55,0.0,0.11,0.0,0.0,1.0,0.21,0.05,0.0,45.16,53.13,0.53,0.79,19,3,2,Holanda Eredivisie,3
Vurnon Anita,0.06,0.0,63.16,0.26,0.03,0.0,1.06,0.76,0.03,0.47,0.0,0.53,0.12,0.06,38.91,83.45,8.35,55.56,0.0,0.18,0.0,0.0,1.5,0.24,0.09,0.0,23.08,45.21,0.35,0.53,34,3,3,Holanda Eredivisie,3
Mathias Kjølø,0.0,0.0,25.0,0.41,0.0,0.0,0.64,0.36,0.0,0.82,0.0,0.18,0.09,0.05,24.77,82.2,6.77,63.64,0.0,0.05,0.0,0.0,0.36,0.09,0.0,0.0,38.46,50.0,0.59,0.27,22,1,3,Holanda Eredivisie,3
Christos Tzolis,0.1,0.0,50.0,1.1,0.0,0.0,0.4,0.1,0.0,0.1,0.0,0.9,0.0,0.0,14.6,71.92,3.9,50.0,0.0,0.0,0.0,0.0,0.3,0.0,0.1,0.0,27.78,37.31,1.1,0.6,10,1,4,Holanda Eredivisie,3
Serano Seymor,0.05,0.0,80.0,0.1,0.05,0.0,1.05,0.95,0.0,2.81,0.0,0.19,0.0,0.0,21.62,81.94,1.1,48.05,0.0,0.0,0.0,0.0,1.29,0.19,0.05,0.0,48.39,63.77,0.14,0.19,21,1,2,Holanda Eredivisie,3
Neraysho Kasanwirjo,0.0,0.0,52.94,0.4,0.0,0.0,1.85,0.9,0.0,2.3,0.0,0.75,0.0,0.05,32.95,78.45,5.35,54.26,0.0,0.1,0.0,0.0,1.45,0.1,0.1,0.0,59.26,53.9,0.7,0.75,20,1,2,Holanda Eredivisie,3
Muhammet Tunahan Tasci,0.0,0.0,50.0,0.3,0.0,0.0,0.8,0.1,0.0,0.0,0.0,0.4,0.1,0.1,5.6,75.0,1.9,80.0,0.0,0.0,0.0,0.0,0.2,0.0,0.1,0.0,0.0,47.5,0.6,0.8,10,1,3,Holanda Eredivisie,3
Jurien Gaari,0.0,0.09,56.52,0.24,0.0,0.0,1.73,1.15,0.03,3.61,0.03,0.58,0.0,0.0,48.0,84.91,5.73,55.19,0.0,0.15,0.0,0.0,1.67,0.24,0.24,0.0,55.95,51.98,0.42,1.27,33,2,2,Holanda Eredivisie,3
Lorenzo Lucca,0.14,0.29,0.0,1.07,0.07,0.0,0.07,0.0,0.0,0.0,0.0,0.07,0.07,0.07,3.5,46.94,1.14,100.0,0.0,0.0,0.0,0.0,0.07,0.07,0.07,0.0,70.97,56.25,0.29,0.29,14,1,4,Holanda Eredivisie,3
Youri Baas,0.0,0.0,100.0,0.33,0.0,0.0,1.33,0.5,0.0,0.83,0.0,0.0,0.0,0.0,23.67,85.21,7.17,40.0,0.0,0.0,0.0,0.0,0.33,0.0,0.0,0.0,33.33,65.0,0.33,0.5,6,1,2,Holanda Eredivisie,3
Laros Duarte,0.08,0.04,48.48,1.16,0.0,0.4,1.32,0.56,0.08,0.84,0.0,1.32,0.04,0.04,28.76,84.56,6.8,62.96,0.0,0.08,0.0,0.0,1.72,0.2,0.0,0.04,25.0,43.86,0.76,0.48,25,2,3,Holanda Eredivisie,3
Mario Engels,0.11,0.0,50.0,0.11,0.0,0.0,0.0,0.0,0.0,0.0,0.0,0.0,0.11,0.11,1.11,80.0,0.67,0.0,0.0,0.0,0.0,0.0,0.0,0.0,0.11,0.0,0.0,23.08,0.11,0.22,9,2,3,Holanda Eredivisie,3
Bilal Ould-Chikh,0.12,0.0,52.08,1.06,0.0,0.0,0.41,0.35,0.0,0.18,0.0,0.06,0.06,0.0,12.24,73.56,3.35,59.09,0.0,0.0,0.0,0.0,1.29,0.18,0.12,0.06,22.22,50.0,1.12,0.47,17,2,4,Holanda Eredivisie,3
Doke Schmidt,0.0,0.0,33.33,0.2,0.0,0.0,1.88,0.92,0.08,2.32,0.0,1.12,0.0,0.0,32.2,75.65,4.04,44.64,0.0,0.28,0.0,0.0,0.84,0.2,0.2,0.0,72.41,55.78,0.48,0.92,25,3,2,Holanda Eredivisie,3
Derry Murkin,0.0,0.06,50.68,0.81,0.0,0.0,2.78,1.63,0.03,2.88,0.03,1.78,0.13,0.16,35.72,70.69,7.06,30.77,0.0,0.16,0.0,0.0,1.88,0.19,0.06,0.0,48.84,50.93,0.72,0.88,32,1,2,Holanda Eredivisie,3
Sekou Sylla,0.0,0.0,66.67,0.2,0.0,0.0,0.6,0.2,0.0,0.8,0.0,0.0,0.2,0.0,21.4,82.24,2.4,61.9,0.0,0.0,0.0,0.0,1.0,0.2,0.0,0.0,0.0,54.55,0.2,0.0,5,1,2,Holanda Eredivisie,3
Fredrik Oppegård,0.0,0.0,92.31,0.18,0.0,0.0,1.55,0.45,0.09,1.82,0.0,0.36,0.0,0.0,21.27,81.62,3.36,44.83,0.0,0.0,0.0,0.0,0.82,0.09,0.0,0.0,57.14,72.41,0.82,0.45,11,1,2,Holanda Eredivisie,3
Ruben Kluivert,0.0,0.0,100.0,0.08,0.0,0.0,1.0,1.08,0.0,1.62,0.0,0.15,0.0,0.0,24.54,82.45,0.85,32.65,0.0,0.0,0.0,0.0,0.54,0.23,0.15,0.0,60.87,60.87,0.0,0.54,13,1,2,Holanda Eredivisie,3
Mitchell Paulissen,0.07,0.1,52.78,1.14,0.03,0.0,1.38,0.38,0.0,0.97,0.03,1.17,0.14,0.03,23.97,75.54,6.0,59.04,0.0,0.03,0.0,0.0,1.14,0.24,0.17,0.0,44.12,43.16,0.41,0.69,29,2,3,Holanda Eredivisie,3
Nikolas Agrafiotis,0.12,0.24,53.85,0.94,0.06,0.0,0.41,0.06,0.0,0.47,0.0,0.29,0.06,0.0,10.06,57.89,2.24,60.0,0.0,0.0,0.0,0.0,0.76,0.06,0.12,0.0,47.95,46.03,0.53,0.94,17,1,4,Holanda Eredivisie,3
Adrian Fein,0.0,0.0,50.0,0.21,0.0,0.0,1.0,0.14,0.0,0.57,0.0,0.36,0.07,0.0,22.43,80.89,5.43,54.17,0.0,0.07,0.0,0.0,0.93,0.0,0.14,0.0,44.44,51.22,0.14,0.57,14,1,3,Holanda Eredivisie,3
Tibor Halilović,0.0,0.0,53.33,1.05,0.0,0.0,0.89,0.42,0.0,0.26,0.0,0.42,0.05,0.0,18.53,83.24,4.84,59.26,0.0,0.05,0.0,0.0,0.21,0.05,0.05,0.05,60.0,49.3,0.21,0.42,19,2,3,Holanda Eredivisie,3
Daniel van Kaam,0.04,0.07,72.34,0.52,0.0,0.0,1.26,0.44,0.0,0.85,0.0,0.63,0.11,0.04,27.59,81.61,5.67,57.53,0.0,0.19,0.0,0.0,1.74,0.37,0.04,0.0,46.34,54.46,1.07,0.41,27,1,3,Holanda Eredivisie,3
Roberts Uldriķis,0.04,0.21,84.62,1.54,0.0,0.0,0.39,0.07,0.0,0.61,0.0,0.14,0.04,0.0,10.29,57.99,2.07,61.54,0.0,0.0,0.0,0.0,0.64,0.14,0.14,0.0,57.05,50.67,0.29,0.71,28,2,4,Holanda Eredivisie,3
Pelle Clement,0.06,0.09,44.62,0.85,0.0,0.0,1.3,0.61,0.0,1.09,0.0,1.27,0.15,0.06,28.64,79.15,8.3,46.51,0.0,0.0,0.0,0.0,1.06,0.24,0.03,0.0,48.72,40.66,0.61,0.88,33,2,3,Holanda Eredivisie,3
Sai Van Wermeskerken,0.04,0.0,55.56,0.63,0.0,0.0,2.21,0.92,0.0,2.17,0.0,0.88,0.08,0.0,33.58,82.88,4.46,49.15,0.0,0.08,0.0,0.0,1.5,0.42,0.04,0.0,40.0,50.89,0.54,0.96,24,2,2,Holanda Eredivisie,3
Mees de Wit,0.09,0.0,75.0,0.36,0.0,0.0,0.64,0.23,0.0,0.64,0.0,0.36,0.09,0.05,14.14,81.99,3.36,48.0,0.0,0.0,0.0,0.0,0.36,0.05,0.09,0.0,58.33,50.0,0.09,0.41,22,2,2,Holanda Eredivisie,3
Ahmed El Messaoudi,0.08,0.08,62.5,1.08,0.0,0.0,0.92,0.36,0.0,0.6,0.0,0.56,0.0,0.0,23.56,81.66,5.72,62.07,0.0,0.0,0.0,0.0,1.16,0.2,0.0,0.0,57.14,52.63,1.16,0.6,25,2,3,Holanda Eredivisie,3
Ismael Saibari,0.0,0.29,41.18,1.06,0.0,0.0,0.88,0.35,0.0,0.12,0.0,0.24,0.12,0.12,12.24,82.69,4.29,66.67,0.0,0.0,0.0,0.0,0.24,0.18,0.0,0.0,33.33,44.07,0.12,0.24,17,1,3,Holanda Eredivisie,3
Jan de Boer,0.0,0.0,0.0,0.0,0.0,0.0,0.0,0.0,0.0,1.33,0.33,0.0,0.0,0.0,24.67,24.32,1.0,20.29,6.33,0.0,0.33,0.0,3.0,1.0,0.0,0.0,100.0,100.0,0.0,0.0,3,1,1,Holanda Eredivisie,3
Lennerd Daneels,0.0,0.0,16.67,0.0,0.0,0.0,0.67,0.0,0.0,0.0,0.0,0.0,0.33,0.0,14.0,71.43,3.0,50.0,0.0,0.0,0.0,0.0,0.33,0.0,0.0,0.0,50.0,46.15,2.33,1.0,3,2,4,Holanda Eredivisie,3
Richairo Živković,0.16,0.25,14.29,1.53,0.0,0.0,1.28,0.28,0.0,0.84,0.0,0.75,0.03,0.0,14.41,70.72,3.63,23.08,0.0,0.09,0.0,0.0,1.28,0.19,0.25,0.0,41.18,40.23,0.94,1.5,32,2,4,Holanda Eredivisie,3
Jari Vlak,0.03,0.0,41.18,0.58,0.0,0.0,1.19,0.81,0.03,1.19,0.0,1.16,0.0,0.0,28.97,76.5,5.42,47.31,0.0,0.06,0.0,0.0,1.03,0.1,0.13,0.0,57.33,45.96,0.13,0.61,31,2,3,Holanda Eredivisie,3
Peter Leeuwenburgh,0.0,0.0,0.0,0.0,0.0,0.0,0.0,0.13,0.0,0.5,0.0,0.0,0.0,0.0,31.88,54.51,1.75,32.95,3.63,0.13,0.25,0.0,1.75,0.0,0.0,0.13,50.0,33.33,0.0,0.13,8,2,1,Holanda Eredivisie,3
Che Nunnely,0.08,0.08,55.0,0.85,0.08,0.0,0.54,0.23,0.0,0.0,0.0,0.31,0.0,0.0,12.08,85.35,4.38,50.0,0.0,0.0,0.0,0.0,0.85,0.15,0.31,0.0,31.25,41.67,0.54,0.77,13,1,3,Holanda Eredivisie,3
Francisco Conceição,0.0,0.16,43.33,1.0,0.0,0.0,0.63,0.05,0.0,0.05,0.0,0.74,0.16,0.16,12.58,81.17,5.32,75.0,0.0,0.0,0.0,0.0,0.37,0.05,0.16,0.0,33.33,43.16,0.68,0.53,19,1,4,Holanda Eredivisie,3
Marin Šverko,0.0,0.0,75.0,0.0,0.0,0.0,1.0,0.6,0.0,1.8,0.0,0.4,0.0,0.0,24.8,75.81,1.8,47.62,0.0,0.0,0.0,0.0,0.8,0.0,0.4,0.0,66.67,55.56,0.2,1.0,5,2,2,Holanda Eredivisie,3
Daan Rots,0.0,0.05,42.86,0.55,0.0,0.0,1.0,0.23,0.0,0.23,0.0,0.55,0.0,0.0,12.82,78.37,4.64,58.82,0.0,0.0,0.0,0.0,0.23,0.0,0.0,0.0,37.5,44.74,0.36,0.41,22,1,3,Holanda Eredivisie,3
Anthony Musaba,0.06,0.0,46.67,0.69,0.0,0.0,0.31,0.06,0.0,0.06,0.0,0.06,0.13,0.0,6.06,75.26,1.88,0.0,0.0,0.0,0.0,0.0,0.38,0.06,0.0,0.0,25.0,38.71,0.13,0.25,16,1,4,Holanda Eredivisie,3
Gaetano Oristanio,0.04,0.19,49.04,2.04,0.0,0.0,1.04,0.67,0.0,0.19,0.0,0.78,0.22,0.11,14.26,72.21,4.7,59.09,0.0,0.04,0.0,0.0,1.44,0.19,0.15,0.04,41.27,44.26,2.11,1.48,27,1,3,Holanda Eredivisie,3
Alex Bangura,0.03,0.0,77.42,0.31,0.0,0.0,1.41,0.69,0.0,1.31,0.0,0.45,0.17,0.1,35.79,78.81,6.17,44.08,0.0,0.17,0.0,0.0,1.55,0.31,0.17,0.03,27.78,62.32,2.03,1.17,29,1,2,Holanda Eredivisie,3
Thom van Bergen,0.0,0.17,85.71,0.42,0.0,0.0,1.33,0.17,0.0,0.42,0.0,0.75,0.0,0.0,7.75,60.22,1.5,25.0,0.0,0.0,0.0,0.0,0.58,0.25,0.08,0.0,28.57,44.93,0.25,0.83,12,1,4,Holanda Eredivisie,3
Florent Sanchez Da Silva,0.08,0.0,30.77,0.38,0.0,0.0,1.08,0.77,0.0,0.62,0.0,1.15,0.23,0.08,26.85,73.93,5.38,46.67,0.0,0.08,0.0,0.0,0.92,0.0,0.0,0.0,53.85,38.67,0.31,0.69,13,1,3,Holanda Eredivisie,3
Tom Boere,0.0,0.23,100.0,0.69,0.0,0.0,0.23,0.0,0.0,0.62,0.0,0.15,0.15,0.08,10.92,63.38,2.31,50.0,0.0,0.08,0.0,0.0,0.54,0.08,0.08,0.0,45.83,46.25,0.85,0.46,13,3,4,Holanda Eredivisie,3
Julen Lobete,0.14,0.28,41.79,1.17,0.0,0.0,0.21,0.14,0.0,0.21,0.0,0.34,0.03,0.1,13.52,78.32,3.97,66.67,0.0,0.0,0.0,0.0,0.83,0.03,0.07,0.0,31.82,41.98,1.45,0.41,29,1,4,Holanda Eredivisie,3
Kian Fitz-Jim,0.0,0.0,0.0,1.0,0.0,0.0,0.5,0.0,0.0,0.0,0.0,0.0,0.0,0.0,9.5,94.74,3.0,100.0,0.0,0.0,0.0,0.0,0.0,0.0,0.0,0.0,0.0,33.33,0.0,1.0,2,1,3,Holanda Eredivisie,3
Mimeirhel Benita,0.0,0.0,100.0,0.0,0.0,0.0,2.0,0.5,0.0,0.0,0.0,0.0,0.0,0.0,15.0,73.33,2.0,50.0,0.0,0.0,0.0,0.0,0.5,0.0,0.0,0.0,50.0,66.67,0.0,0.5,2,1,2,Holanda Eredivisie,3
Rick Meissen,0.0,0.0,0.0,0.25,0.0,0.0,0.0,0.25,0.0,0.5,0.0,0.0,0.0,0.0,4.25,94.12,0.25,100.0,0.0,0.0,0.0,0.0,0.0,0.0,0.0,0.0,50.0,33.33,0.0,0.0,4,1,2,Holanda Eredivisie,3
Elvis Manu,0.0,0.0,55.0,1.4,0.0,0.0,0.7,0.3,0.0,0.8,0.0,0.5,0.0,0.0,15.0,70.0,4.8,60.0,0.0,0.0,0.0,0.0,1.1,0.2,0.0,0.0,7.69,37.78,1.5,1.2,10,2,4,Holanda Eredivisie,3
Michael Breij,0.06,0.13,36.36,0.88,0.0,0.0,0.88,0.34,0.0,0.31,0.0,0.88,0.09,0.06,12.56,77.11,3.25,45.95,0.0,0.0,0.0,0.0,0.84,0.34,0.09,0.0,24.39,38.35,0.78,0.84,32,2,3,Holanda Eredivisie,3
Deroy Duarte,0.04,0.0,64.29,0.23,0.0,0.0,0.77,1.08,0.0,0.96,0.0,0.38,0.04,0.04,19.19,77.15,4.12,42.67,0.0,0.0,0.0,0.0,1.23,0.27,0.12,0.0,45.95,52.94,0.31,0.31,26,1,3,Holanda Eredivisie,3
Ramon Pascal Lundqvist,0.0,0.0,33.33,0.46,0.0,0.0,0.38,0.08,0.0,0.46,0.0,0.08,0.08,0.0,7.31,67.37,2.23,53.85,0.0,0.0,0.0,0.0,0.77,0.08,0.08,0.0,40.0,47.06,0.38,0.23,13,2,3,Holanda Eredivisie,3
Mohamed Sankoh,0.1,0.24,61.9,0.95,0.0,0.0,0.19,0.0,0.0,0.14,0.0,0.24,0.14,0.1,7.0,63.27,1.71,60.0,0.0,0.0,0.0,0.0,0.67,0.05,0.05,0.0,27.59,31.36,0.19,0.71,21,1,4,Holanda Eredivisie,3
Jordy Bruijn,0.11,0.05,41.67,0.74,0.0,0.0,0.42,0.16,0.0,0.11,0.0,0.53,0.05,0.05,12.37,82.98,2.95,46.67,0.0,0.0,0.0,0.0,0.37,0.0,0.05,0.0,42.86,43.4,0.42,0.11,19,2,3,Holanda Eredivisie,3
Riechedly Bazoer,0.0,0.0,57.14,0.38,0.0,0.0,0.5,0.06,0.0,0.63,0.0,0.25,0.0,0.0,14.81,85.23,4.13,73.68,0.0,0.0,0.0,0.0,0.31,0.13,0.06,0.0,57.89,57.63,0.69,0.38,16,2,2,Holanda Eredivisie,3
Henk Veerman,0.14,0.21,61.54,1.17,0.03,0.0,0.07,0.0,0.0,0.66,0.0,0.34,0.07,0.03,9.45,61.68,2.03,62.5,0.0,0.0,0.0,0.0,1.21,0.07,0.03,0.0,39.78,33.1,0.03,0.34,29,3,4,Holanda Eredivisie,3
Mohamed Taabouni,0.0,0.0,50.0,0.4,0.0,0.0,0.4,0.2,0.0,0.2,0.0,0.0,0.0,0.0,11.8,83.05,2.8,50.0,0.0,0.0,0.0,0.0,0.0,0.2,0.0,0.0,0.0,50.0,0.8,0.6,5,1,3,Holanda Eredivisie,3
Victor Jensen,0.08,0.0,71.43,0.75,0.0,0.0,0.92,0.25,0.0,0.17,0.08,0.67,0.0,0.08,18.17,81.19,4.0,46.15,0.0,0.0,0.0,0.0,0.92,0.08,0.0,0.0,44.44,50.0,0.83,0.5,12,1,3,Holanda Eredivisie,3
Anthony Descotte,0.17,0.0,66.67,0.67,0.0,0.0,0.0,0.0,0.0,0.0,0.0,0.5,0.0,0.0,2.33,85.71,0.83,0.0,0.0,0.0,0.0,0.0,0.17,0.17,0.0,0.0,0.0,21.05,0.33,0.5,6,1,4,Holanda Eredivisie,3
Patrick Vroegh,0.0,0.0,40.0,0.63,0.0,0.0,1.0,0.25,0.0,0.31,0.0,0.44,0.06,0.06,15.81,78.26,4.81,66.67,0.0,0.0,0.0,0.0,1.0,0.0,0.0,0.0,38.46,53.19,0.13,0.19,16,1,3,Holanda Eredivisie,3
Mitchell Dijks,0.0,0.0,66.67,0.0,0.0,0.0,0.43,0.29,0.14,1.71,0.0,0.29,0.0,0.0,15.86,78.38,3.43,50.0,0.0,0.0,0.0,0.0,0.14,0.14,0.14,0.0,66.67,56.67,0.86,0.71,7,2,2,Holanda Eredivisie,3
Tomáš Hájek,0.0,0.0,0.0,0.14,0.0,0.0,0.57,0.57,0.0,1.43,0.0,0.29,0.0,0.0,13.71,78.13,0.86,46.15,0.0,0.0,0.0,0.0,0.43,0.0,0.14,0.0,60.0,60.0,0.29,0.29,7,3,2,Holanda Eredivisie,3
Simon van Duivenbooden,0.11,0.11,0.0,0.33,0.0,0.0,0.11,0.0,0.0,0.0,0.0,0.0,0.0,0.0,4.78,60.47,2.0,100.0,0.0,0.0,0.0,0.0,0.11,0.11,0.0,0.0,29.63,32.26,0.11,0.11,9,1,4,Holanda Eredivisie,3
Aaron Meijers,0.0,0.0,66.67,0.08,0.0,0.0,0.92,0.31,0.0,0.62,0.0,0.77,0.08,0.0,13.69,77.53,2.15,23.81,0.0,0.0,0.0,0.0,0.15,0.08,0.0,0.0,60.0,56.25,0.54,0.31,13,3,2,Holanda Eredivisie,3
Thijmen Blokzijl,0.0,0.0,100.0,0.4,0.0,0.0,1.13,0.53,0.0,2.47,0.07,0.33,0.07,0.07,48.47,82.26,4.13,34.55,0.0,0.07,0.0,0.0,1.53,0.33,0.0,0.0,41.03,52.94,0.13,0.27,15,1,2,Holanda Eredivisie,3
Rashaan Fernandes,0.0,0.0,46.67,0.58,0.0,0.0,0.89,0.11,0.0,0.21,0.0,0.68,0.11,0.05,13.79,75.19,5.63,47.37,0.0,0.0,0.0,0.0,0.58,0.11,0.05,0.05,40.0,41.76,0.42,0.58,19,2,3,Holanda Eredivisie,3
Björn Johnsen,0.23,0.62,50.0,1.77,0.0,0.0,0.31,0.23,0.0,1.77,0.0,0.54,0.08,0.0,13.69,55.62,2.54,28.57,0.0,0.0,0.0,0.0,1.69,0.38,0.0,0.0,44.05,42.86,0.46,0.54,13,3,4,Holanda Eredivisie,3
Walid Ould-Chikh,0.04,0.11,68.57,0.59,0.0,0.0,0.89,0.19,0.0,0.26,0.0,0.33,0.07,0.04,8.37,67.26,2.19,48.15,0.0,0.0,0.0,0.0,0.78,0.04,0.04,0.0,35.0,57.36,0.7,0.37,27,1,3,Holanda Eredivisie,3
Brian Plat,0.0,0.0,33.33,0.41,0.0,0.0,3.34,1.24,0.03,2.45,0.0,0.69,0.0,0.0,22.41,71.38,3.24,33.33,0.0,0.1,0.0,0.0,1.59,0.17,0.21,0.0,53.4,56.6,0.69,1.17,29,1,2,Holanda Eredivisie,3
Jahnoah Markelo,0.0,0.0,42.86,0.2,0.0,0.0,0.2,0.0,0.0,0.0,0.0,0.0,0.0,0.0,6.2,67.74,1.8,60.0,0.0,0.0,0.0,0.0,0.4,0.2,0.0,0.0,0.0,50.0,0.6,0.0,5,1,4,Holanda Eredivisie,3
Richard Ledezma,0.0,0.0,100.0,0.0,0.0,0.0,0.29,0.29,0.0,0.14,0.0,0.0,0.0,0.0,14.14,88.89,4.14,66.67,0.0,0.0,0.0,0.0,0.57,0.0,0.14,0.0,100.0,64.71,0.71,0.71,7,1,3,Holanda Eredivisie,3
Calvin Mac-Intosh,0.0,0.09,75.0,0.36,0.0,0.0,1.55,0.91,0.0,2.0,0.0,0.27,0.09,0.0,35.09,82.9,2.0,44.07,0.0,0.09,0.0,0.0,1.36,0.18,0.09,0.0,39.13,56.36,0.18,0.36,11,3,2,Holanda Eredivisie,3
Gabriel Vidović,0.16,0.04,52.73,0.88,0.0,0.0,0.4,0.28,0.0,0.08,0.0,0.2,0.04,0.0,13.8,84.64,4.44,58.82,0.0,0.0,0.0,0.0,0.56,0.2,0.04,0.0,38.46,50.67,1.28,0.32,25,1,3,Holanda Eredivisie,3
Milan Smit,0.08,0.0,36.36,0.62,0.0,0.0,0.38,0.15,0.0,0.15,0.0,0.23,0.0,0.08,7.31,72.63,2.23,50.0,0.0,0.0,0.0,0.0,0.69,0.15,0.0,0.0,25.0,33.9,0.31,0.15,13,1,4,Holanda Eredivisie,3
Tesfaldet Tekie,0.0,0.0,33.33,0.38,0.0,0.0,1.25,0.38,0.0,0.38,0.0,0.38,0.13,0.0,24.88,78.89,4.5,43.33,0.0,0.13,0.0,0.0,0.63,0.0,0.25,0.0,0.0,42.86,0.38,0.75,8,2,3,Holanda Eredivisie,3
Timon Wellenreuther,0.0,0.0,0.0,0.0,0.0,0.0,0.0,0.0,0.0,0.22,0.0,0.0,0.0,0.0,25.33,80.26,0.33,39.19,1.78,0.11,0.11,0.11,0.78,0.44,0.0,0.0,50.0,66.67,0.11,0.0,9,2,1,Holanda Eredivisie,3
Maxime Awoudja,0.0,0.1,0.0,0.2,0.0,0.0,0.6,0.7,0.0,2.2,0.0,0.1,0.0,0.0,9.6,75.0,0.6,20.0,0.0,0.0,0.0,0.0,0.9,0.1,0.0,0.0,71.43,71.43,0.4,0.1,10,2,2,Holanda Eredivisie,3
Doğan Erdoğan,0.0,0.0,73.91,0.07,0.0,0.0,1.37,0.63,0.0,1.48,0.0,0.59,0.04,0.0,27.81,76.56,4.85,52.99,0.0,0.07,0.0,0.0,0.96,0.19,0.07,0.07,57.14,56.25,0.59,0.63,27,2,3,Holanda Eredivisie,3
Remco Balk,0.03,0.17,40.74,0.67,0.0,0.0,0.93,0.13,0.0,0.33,0.0,0.77,0.03,0.0,9.8,70.41,2.4,38.46,0.0,0.0,0.0,0.0,0.9,0.17,0.17,0.0,47.62,49.1,1.1,0.77,30,1,4,Holanda Eredivisie,3
Jeremy Antonisse,0.08,0.38,58.33,1.77,0.0,0.0,1.23,0.62,0.0,0.85,0.0,1.31,0.23,0.08,16.23,79.62,4.38,33.33,0.0,0.08,0.0,0.0,0.92,0.08,0.0,0.0,38.24,45.04,0.69,0.46,13,1,3,Holanda Eredivisie,3
Zakaria Labyad,0.14,0.0,0.0,0.57,0.0,0.0,0.71,0.14,0.0,0.0,0.0,1.0,0.0,0.0,12.0,72.62,3.86,60.0,0.0,0.0,0.0,0.0,0.57,0.14,0.14,0.0,50.0,29.17,0.14,0.57,7,2,3,Holanda Eredivisie,3
Daishawn Redan,0.07,0.36,25.0,1.14,0.07,0.0,0.64,0.0,0.0,0.14,0.0,0.14,0.07,0.0,11.0,73.38,3.36,50.0,0.0,0.0,0.0,0.0,0.79,0.21,0.0,0.0,44.44,46.27,0.86,0.71,14,1,4,Holanda Eredivisie,3
Felix Mambimbi,0.0,0.0,9.09,0.5,0.0,0.0,1.13,0.38,0.0,0.13,0.0,0.75,0.0,0.13,9.13,64.38,2.25,0.0,0.0,0.0,0.0,0.0,0.38,0.13,0.0,0.0,33.33,42.0,1.25,0.25,8,1,4,Holanda Eredivisie,3
Metehan Güçlü,0.0,0.0,0.0,1.0,0.0,0.0,0.0,0.0,0.0,0.0,0.0,0.0,0.0,0.0,2.0,100.0,0.0,0.0,0.0,0.0,0.0,0.0,0.0,0.0,0.0,0.0,0.0,100.0,1.0,0.0,1,1,4,Holanda Eredivisie,3
Flip Klomp,0.0,0.0,0.0,0.0,0.0,0.0,1.0,0.0,0.0,0.0,0.0,0.0,0.0,0.0,4.0,50.0,1.0,0.0,0.0,0.0,0.0,0.0,0.0,0.0,0.0,0.0,0.0,50.0,0.0,1.0,1,1,3,Holanda Eredivisie,3
Joel Pereira,0.0,0.0,0.0,0.0,0.0,0.0,0.0,0.0,0.0,3.0,0.5,0.0,0.0,0.0,29.5,67.8,1.0,37.93,6.0,0.0,0.5,0.0,4.0,0.5,0.0,0.0,0.0,0.0,0.0,0.0,2,2,1,Holanda Eredivisie,3
Yahya Kalley,0.0,0.0,60.0,0.2,0.0,0.0,1.2,0.8,0.0,0.8,0.0,0.2,0.0,0.0,7.4,70.27,1.4,25.0,0.0,0.0,0.0,0.0,0.6,0.0,0.4,0.0,75.0,60.0,0.6,0.8,5,1,2,Holanda Eredivisie,3
Martijn Berden,0.0,0.0,25.0,0.6,0.0,0.0,0.2,0.2,0.0,0.2,0.0,0.0,0.0,0.0,4.6,78.26,1.6,0.0,0.0,0.0,0.0,0.0,0.4,0.0,0.0,0.0,33.33,25.0,0.0,0.4,5,2,4,Holanda Eredivisie,3
Pedro Alemañ Serna,0.0,0.0,66.67,0.4,0.0,0.0,0.0,0.0,0.0,0.0,0.0,0.0,0.0,0.0,7.4,91.89,1.8,100.0,0.0,0.0,0.0,0.0,0.0,0.0,0.0,0.0,0.0,33.33,0.2,0.0,5,1,3,Holanda Eredivisie,3
Django Warmerdam,0.0,0.0,0.0,0.0,0.0,0.0,1.33,0.5,0.0,2.17,0.0,0.17,0.0,0.0,17.83,79.44,2.33,50.0,0.0,0.17,0.0,0.0,0.33,0.17,0.0,0.0,25.0,44.83,0.5,0.17,6,2,2,Holanda Eredivisie,3
Kevin Felida,0.0,0.0,50.0,0.17,0.0,0.0,0.5,0.0,0.0,0.17,0.0,0.0,0.0,0.0,6.0,88.89,2.17,100.0,0.0,0.0,0.0,0.0,0.17,0.0,0.0,0.0,40.0,53.85,0.17,0.33,6,1,3,Holanda Eredivisie,3
Zinho Vanheusden,0.0,0.0,0.0,0.43,0.0,0.0,0.29,0.29,0.14,1.86,0.0,0.0,0.0,0.0,18.71,77.86,1.0,45.0,0.0,0.0,0.0,0.0,0.57,0.0,0.14,0.0,45.0,48.15,0.29,0.43,7,1,2,Holanda Eredivisie,3
Max Bruns,0.0,0.0,33.33,0.11,0.0,0.0,0.67,1.0,0.0,1.89,0.0,0.56,0.0,0.0,28.33,84.71,2.22,48.0,0.0,0.22,0.0,0.0,0.67,0.11,0.0,0.0,45.83,36.73,0.11,0.67,9,1,3,Holanda Eredivisie,3
Simon Olsson,0.0,0.06,60.0,0.39,0.0,0.0,0.97,0.61,0.0,0.3,0.0,0.76,0.06,0.06,24.03,77.68,5.45,46.0,0.0,0.03,0.0,0.0,1.15,0.09,0.06,0.0,61.11,43.81,0.33,0.88,33,2,3,Holanda Eredivisie,3
Michael Verrips,0.0,0.0,0.0,0.0,0.0,0.0,0.04,0.08,0.04,0.83,0.04,0.04,0.0,0.0,35.75,64.22,1.04,38.74,2.92,0.13,0.17,0.0,1.83,0.21,0.04,0.0,100.0,81.82,0.13,0.04,24,2,1,Holanda Eredivisie,3
Yusuf Barasi,0.0,0.18,33.33,0.55,0.0,0.0,0.27,0.0,0.0,0.27,0.0,0.09,0.09,0.09,6.18,79.41,2.73,0.0,0.0,0.0,0.0,0.0,0.36,0.0,0.0,0.0,26.32,42.11,0.55,0.0,11,1,4,Holanda Eredivisie,3
Naoki Maeda,0.0,0.09,37.5,0.55,0.0,0.0,0.36,0.27,0.0,0.45,0.0,0.18,0.0,0.0,7.82,84.88,3.0,100.0,0.0,0.0,0.0,0.0,0.0,0.18,0.0,0.0,50.0,52.17,0.27,0.0,11,2,4,Holanda Eredivisie,3
Reda Kharchouch,0.07,0.17,41.67,1.0,0.0,0.0,0.45,0.03,0.0,0.59,0.0,0.07,0.03,0.03,11.55,63.88,3.31,36.36,0.0,0.0,0.0,0.0,0.76,0.07,0.1,0.0,44.55,38.12,0.21,0.66,29,2,4,Holanda Eredivisie,3
Fernando Pacheco,0.0,0.11,66.67,0.22,0.0,0.0,0.22,0.0,0.0,0.33,0.0,0.56,0.0,0.0,3.22,75.86,0.89,100.0,0.0,0.0,0.0,0.0,0.33,0.0,0.0,0.0,40.0,45.0,0.33,0.22,9,1,3,Holanda Eredivisie,3
Enzo Cornelisse,0.0,0.05,75.0,0.4,0.0,0.0,1.15,0.45,0.0,1.95,0.0,0.35,0.0,0.0,33.05,82.9,3.45,46.39,0.0,0.05,0.0,0.0,1.25,0.4,0.05,0.0,43.18,56.7,0.5,0.35,20,1,2,Holanda Eredivisie,3
Couhaib Driouech,0.09,0.24,47.14,1.52,0.03,0.0,1.48,0.52,0.0,0.88,0.0,1.12,0.09,0.09,18.97,75.4,5.06,50.0,0.0,0.09,0.0,0.0,1.48,0.21,0.15,0.0,21.28,35.94,0.3,1.03,33,1,3,Holanda Eredivisie,3
Mads Bech Sørensen,0.0,0.0,100.0,0.27,0.0,0.0,0.82,0.55,0.09,4.0,0.0,0.27,0.0,0.0,47.09,81.85,3.55,48.45,0.0,0.0,0.0,0.0,2.18,0.27,0.18,0.0,45.45,50.0,0.18,0.64,11,1,2,Holanda Eredivisie,3
Denilho Cleonise,0.08,0.0,55.56,0.23,0.0,0.0,0.0,0.0,0.0,0.0,0.0,0.0,0.0,0.08,5.0,86.15,1.85,100.0,0.0,0.0,0.0,0.0,0.23,0.0,0.0,0.0,0.0,35.71,0.38,0.23,13,1,3,Holanda Eredivisie,3
Rocco Robert Shein,0.0,0.0,66.67,0.4,0.0,0.0,0.4,0.2,0.0,0.0,0.0,0.4,0.0,0.0,17.2,89.53,2.0,57.14,0.0,0.0,0.0,0.0,0.6,0.0,0.0,0.0,0.0,44.44,0.0,0.2,5,1,3,Holanda Eredivisie,3
Roel Janssen,0.0,0.0,0.0,0.0,0.0,0.0,0.8,0.4,0.0,1.8,0.0,0.4,0.0,0.0,5.0,52.0,0.4,22.22,0.0,0.0,0.0,0.0,0.2,0.0,0.0,0.0,100.0,80.0,0.0,0.0,5,3,2,Holanda Eredivisie,3
Jamie Jacobs,0.07,0.3,52.38,1.74,0.0,0.0,1.37,0.52,0.07,0.44,0.0,0.96,0.04,0.0,16.78,67.33,3.81,45.45,0.0,0.11,0.0,0.0,0.93,0.11,0.07,0.04,42.19,40.93,0.52,1.44,27,2,3,Holanda Eredivisie,3
Zico Buurmeester,0.14,0.0,0.0,0.14,0.0,0.0,0.0,0.0,0.0,0.29,0.0,0.14,0.0,0.0,5.57,82.05,1.43,33.33,0.0,0.0,0.0,0.0,0.14,0.0,0.0,0.0,50.0,23.08,0.14,0.43,7,1,3,Holanda Eredivisie,3
Gianmarco Cangiano,0.0,0.0,50.0,0.2,0.0,0.0,0.2,0.0,0.0,0.0,0.0,0.0,0.0,0.0,4.6,82.61,1.0,0.0,0.0,0.0,0.0,0.0,0.4,0.2,0.0,0.0,0.0,66.67,0.8,0.0,5,1,4,Holanda Eredivisie,3
Xavier Mous,0.0,0.0,0.0,0.0,0.0,0.0,0.13,0.06,0.13,0.88,0.0,0.06,0.0,0.0,28.25,60.62,0.5,35.77,2.81,0.13,0.25,0.06,1.94,0.19,0.0,0.0,100.0,78.57,0.0,0.13,16,2,1,Holanda Eredivisie,3
Jeremy Van Mullem,0.0,0.04,37.5,0.33,0.0,0.0,0.74,0.44,0.0,0.96,0.0,0.33,0.0,0.0,13.15,72.11,1.78,52.0,0.0,0.07,0.0,0.0,0.37,0.07,0.11,0.0,46.51,43.27,0.07,0.67,27,1,3,Holanda Eredivisie,3
Wout Brama,0.0,0.0,0.0,0.09,0.0,0.0,0.36,0.45,0.0,0.36,0.0,0.27,0.0,0.0,13.55,84.56,3.27,46.67,0.0,0.0,0.0,0.0,0.27,0.0,0.0,0.0,40.0,42.11,0.18,0.18,11,3,3,Holanda Eredivisie,3
Thomas Buitink,0.0,0.05,55.0,0.57,0.0,0.0,0.43,0.1,0.0,0.19,0.0,0.33,0.1,0.0,5.24,68.18,1.62,44.44,0.0,0.0,0.0,0.0,0.57,0.1,0.1,0.0,44.44,36.36,0.0,0.57,21,1,4,Holanda Eredivisie,3
Oskar Buur,0.06,0.0,46.15,0.25,0.0,0.0,1.13,0.5,0.0,1.0,0.0,0.94,0.0,0.0,13.38,64.95,2.63,21.21,0.0,0.06,0.0,0.0,0.81,0.06,0.0,0.0,54.55,49.32,0.38,0.25,16,2,2,Holanda Eredivisie,3
Sebbe Augustijns,0.0,0.0,0.0,0.17,0.0,0.0,0.5,0.0,0.0,0.67,0.0,0.17,0.0,0.0,5.0,66.67,0.33,50.0,0.0,0.0,0.0,0.0,0.17,0.0,0.33,0.0,71.43,52.63,0.5,1.0,6,1,3,Holanda Eredivisie,3
David Sambissa,0.06,0.0,20.0,0.44,0.0,0.0,0.94,0.39,0.0,0.39,0.0,0.5,0.11,0.06,7.89,68.31,1.89,30.0,0.0,0.0,0.0,0.0,0.33,0.17,0.06,0.0,35.29,41.11,0.44,0.17,18,2,2,Holanda Eredivisie,3
Djevencio van der Kust,0.0,0.13,20.0,0.38,0.0,0.0,2.0,1.0,0.0,1.38,0.0,0.63,0.25,0.0,25.75,83.01,4.38,41.67,0.0,0.13,0.0,0.0,1.5,0.25,0.13,0.0,50.0,53.06,0.63,0.5,8,1,2,Holanda Eredivisie,3
Jasin Assehnoun,0.03,0.0,41.38,0.59,0.0,0.0,0.76,0.21,0.0,0.24,0.0,0.59,0.03,0.03,9.72,80.85,2.9,75.0,0.0,0.0,0.0,0.0,0.52,0.1,0.14,0.0,29.03,39.58,0.48,0.55,29,1,4,Holanda Eredivisie,3
Jacky Donkor,0.0,0.0,60.0,0.5,0.0,0.0,0.0,0.5,0.0,0.0,0.0,0.17,0.0,0.0,4.67,60.71,1.17,25.0,0.0,0.0,0.0,0.0,0.33,0.0,0.17,0.0,25.0,41.67,0.17,0.17,6,2,4,Holanda Eredivisie,3
Josh Flint,0.0,0.0,60.0,0.25,0.0,0.0,1.33,0.75,0.08,2.75,0.08,0.42,0.08,0.08,23.08,69.68,3.08,26.42,0.0,0.08,0.0,0.0,1.25,0.0,0.17,0.0,52.5,53.66,0.33,0.83,12,1,2,Holanda Eredivisie,3
Vasilios Sourlis,0.0,0.0,0.0,0.5,0.0,0.0,0.0,0.0,0.0,0.5,0.0,0.0,0.0,0.0,3.5,85.71,0.0,0.0,0.0,0.0,0.0,0.0,0.0,0.0,0.0,0.0,100.0,100.0,0.0,0.0,2,1,3,Holanda Eredivisie,3
Youri Schoonderwaldt,0.0,0.0,0.0,0.0,0.0,0.0,0.0,0.0,0.0,1.0,0.0,0.0,0.0,0.0,20.5,80.49,0.0,60.0,2.0,0.0,0.0,0.0,1.5,0.0,0.0,0.0,0.0,0.0,0.0,0.0,2,1,1,Holanda Eredivisie,3
Antoni Milambo,0.0,0.0,0.0,0.33,0.0,0.0,0.33,0.0,0.0,0.0,0.0,0.0,0.0,0.0,4.0,83.33,0.67,0.0,0.0,0.0,0.0,0.0,0.33,0.0,0.0,0.0,0.0,50.0,0.0,0.0,3,1,3,Holanda Eredivisie,3
Lucas Ocampos,0.0,0.0,0.0,1.25,0.0,0.0,0.5,0.5,0.0,0.25,0.0,0.5,0.0,0.0,16.25,89.23,5.5,100.0,0.0,0.0,0.0,0.0,0.0,0.0,0.0,0.0,25.0,25.0,0.25,0.5,4,2,3,Holanda Eredivisie,3
Ben Scholte,0.0,0.0,100.0,0.43,0.0,0.0,0.14,0.14,0.0,0.43,0.0,0.29,0.0,0.0,5.86,63.41,1.0,22.22,0.0,0.0,0.0,0.0,0.43,0.0,0.0,0.0,42.86,42.86,0.14,0.0,7,1,3,Holanda Eredivisie,3
Yorbe Vertessen,0.0,0.25,25.0,0.38,0.0,0.0,0.5,0.0,0.0,0.0,0.0,0.0,0.13,0.0,5.0,67.5,1.75,66.67,0.0,0.0,0.0,0.0,0.38,0.0,0.0,0.0,60.0,45.45,0.25,0.25,8,1,4,Holanda Eredivisie,3
Saïd Bakari,0.0,0.04,53.33,0.38,0.0,0.0,0.5,0.62,0.0,0.54,0.0,0.35,0.08,0.08,14.08,79.51,3.65,40.91,0.0,0.0,0.0,0.0,0.85,0.04,0.0,0.0,20.0,42.0,0.12,0.23,26,2,2,Holanda Eredivisie,3
Sven Nieuwpoort,0.0,0.0,0.0,0.26,0.0,0.0,0.83,0.43,0.04,2.22,0.0,0.13,0.04,0.0,25.13,88.93,0.96,46.67,0.0,0.17,0.0,0.0,1.61,0.17,0.04,0.0,53.13,59.7,0.17,0.35,23,2,2,Holanda Eredivisie,3
Mauro Júnior,0.0,0.0,62.5,0.5,0.0,0.0,0.83,0.83,0.0,1.67,0.0,0.5,0.17,0.0,23.33,84.29,5.17,40.0,0.0,0.0,0.0,0.0,0.33,0.5,0.0,0.17,50.0,54.84,0.83,0.33,6,1,2,Holanda Eredivisie,3
Aimar Sher,0.0,0.0,100.0,0.67,0.0,0.0,0.67,0.33,0.0,0.33,0.0,0.5,0.0,0.0,8.33,76.0,2.17,0.0,0.0,0.0,0.0,0.0,1.0,0.17,0.17,0.0,37.5,50.0,0.0,0.17,6,1,3,Holanda Eredivisie,3
Luuk Wouters,0.0,0.0,33.33,0.0,0.0,0.0,1.17,0.83,0.0,1.67,0.0,0.5,0.0,0.0,11.17,80.6,1.5,44.44,0.0,0.0,0.0,0.0,1.0,0.0,0.0,0.0,75.0,62.5,0.17,0.17,6,1,2,Holanda Eredivisie,3
Luciano Valente,0.0,0.1,66.67,0.4,0.0,0.0,0.85,0.15,0.0,0.4,0.0,0.5,0.0,0.0,13.75,72.36,3.8,64.29,0.0,0.0,0.0,0.0,0.65,0.1,0.2,0.0,43.24,42.74,0.2,0.85,20,1,3,Holanda Eredivisie,3
Romaric Yapi,0.0,0.0,50.0,0.44,0.0,0.0,0.19,0.19,0.0,0.5,0.0,0.19,0.0,0.0,7.38,69.49,1.88,46.15,0.0,0.0,0.0,0.0,0.25,0.19,0.06,0.0,47.37,41.18,0.13,0.19,16,1,2,Holanda Eredivisie,3
Stipe Radić,0.0,0.0,0.0,0.0,0.0,0.0,0.43,0.29,0.0,2.14,0.0,0.29,0.0,0.0,20.71,87.59,1.43,57.14,0.0,0.0,0.0,0.0,1.43,0.0,0.0,0.0,75.0,64.29,0.0,0.14,7,1,2,Holanda Eredivisie,3
Mike van Duinen,0.0,0.07,22.22,0.86,0.0,0.0,0.54,0.18,0.0,0.82,0.0,0.43,0.0,0.0,5.39,61.59,1.14,42.86,0.0,0.0,0.0,0.0,0.79,0.18,0.14,0.0,49.37,42.41,0.36,0.43,28,3,4,Holanda Eredivisie,3
Dennis Vos,0.0,0.0,50.0,0.17,0.0,0.0,0.83,0.33,0.0,1.17,0.0,0.5,0.0,0.0,42.0,87.3,7.17,42.11,0.0,0.0,0.0,0.0,1.5,0.0,0.0,0.0,33.33,39.39,0.33,0.67,6,1,2,Holanda Eredivisie,3
Daan Reiziger,0.0,0.0,0.0,0.0,0.0,0.0,0.25,0.13,0.0,1.38,0.0,0.0,0.0,0.0,23.63,43.92,1.38,28.77,1.63,0.13,0.13,0.0,0.88,0.5,0.13,0.0,100.0,100.0,0.13,0.0,8,1,1,Holanda Eredivisie,3
Ezequiel Bullaude,0.0,0.33,62.5,0.78,0.0,0.0,0.11,0.0,0.0,0.11,0.0,0.44,0.0,0.11,6.89,90.32,2.22,100.0,0.0,0.0,0.0,0.0,0.11,0.11,0.0,0.0,36.36,39.39,0.33,0.0,9,1,3,Holanda Eredivisie,3
Alex Timossi Andersson,0.0,0.08,16.67,0.42,0.0,0.0,0.5,0.17,0.0,0.0,0.0,0.25,0.08,0.0,3.17,73.68,0.83,50.0,0.0,0.0,0.0,0.0,0.42,0.17,0.0,0.0,25.0,33.33,0.25,0.42,12,1,4,Holanda Eredivisie,3
Sylla Sow,0.04,0.13,48.0,0.58,0.0,0.0,0.5,0.25,0.0,0.08,0.0,0.38,0.0,0.0,6.79,76.07,2.67,25.0,0.0,0.0,0.0,0.0,0.38,0.17,0.0,0.0,17.65,30.7,0.21,0.46,24,2,4,Holanda Eredivisie,3
Fredrik André Bjørkan,0.0,0.0,0.0,1.0,0.0,0.0,2.0,0.0,0.0,1.0,0.0,1.0,0.0,0.0,39.0,79.49,12.0,0.0,0.0,0.0,0.0,0.0,2.0,0.0,0.0,0.0,0.0,28.57,0.0,2.0,1,2,2,Holanda Eredivisie,3
Chris Lokesa,0.0,0.0,0.0,0.0,0.0,0.0,0.0,0.0,0.0,0.0,0.0,0.0,0.0,0.0,7.0,100.0,1.0,0.0,0.0,0.0,0.0,0.0,0.0,0.0,0.0,0.0,0.0,0.0,0.0,0.0,1,1,3,Holanda Eredivisie,3
Givairo Read,0.0,0.0,0.0,0.0,0.0,0.0,0.0,0.0,0.0,2.0,0.0,0.0,0.0,0.0,2.0,50.0,0.0,0.0,0.0,0.0,0.0,0.0,0.0,0.0,0.0,0.0,0.0,0.0,0.0,0.0,1,1,3,Holanda Eredivisie,3
Jan Bekkema,0.0,0.0,0.0,0.0,0.0,0.0,0.0,0.0,0.0,0.0,0.0,0.0,0.0,0.0,2.0,50.0,0.0,50.0,0.0,0.0,0.0,0.0,0.0,0.0,0.0,0.0,0.0,0.0,0.0,0.0,1,2,1,Holanda Eredivisie,3
Lisandro Magallán,0.0,0.0,0.0,0.5,0.0,0.0,0.5,0.0,0.0,0.5,0.0,0.0,0.0,0.0,5.5,72.73,0.0,0.0,0.0,0.0,0.0,0.0,0.0,0.5,0.0,0.0,100.0,50.0,0.0,1.0,2,2,2,Holanda Eredivisie,3
Elias Hoff Melkersen,0.0,0.0,100.0,0.0,0.0,0.0,0.0,0.0,0.0,0.0,0.0,0.5,0.0,0.0,3.0,50.0,0.5,0.0,0.0,0.0,0.0,0.0,1.0,0.0,0.0,0.0,50.0,42.86,0.0,0.0,2,1,4,Holanda Eredivisie,3
Aventis Aventisian,0.0,0.0,0.0,0.0,0.0,0.0,0.5,0.0,0.0,0.0,0.0,0.0,0.0,0.0,3.5,71.43,0.5,0.0,0.0,0.0,0.0,0.0,0.0,0.0,0.0,0.0,0.0,33.33,0.0,0.0,2,1,2,Holanda Eredivisie,3
Vincent Pichel,0.0,0.0,0.0,0.25,0.0,0.0,0.25,0.0,0.0,0.0,0.0,0.0,0.0,0.0,3.25,69.23,1.5,0.0,0.0,0.0,0.0,0.0,0.5,0.0,0.25,0.0,0.0,25.0,0.25,0.75,4,1,3,Holanda Eredivisie,3
Azzeddine Toufiqui,0.0,0.0,50.0,0.2,0.0,0.0,0.0,0.0,0.0,0.2,0.0,0.2,0.0,0.0,5.4,66.67,2.0,66.67,0.0,0.0,0.0,0.0,0.2,0.0,0.0,0.0,0.0,33.33,0.4,0.2,5,1,3,Holanda Eredivisie,3
Mickael Tirpan,0.0,0.0,33.33,0.4,0.0,0.0,2.2,1.2,0.2,2.6,0.0,1.0,0.2,0.0,25.6,79.69,3.8,52.0,0.0,0.0,0.0,0.0,2.0,0.4,0.2,0.0,50.0,45.65,0.6,2.0,5,2,3,Holanda Eredivisie,3
Mohammed Tahiri,0.0,0.0,0.0,0.17,0.0,0.0,0.33,0.0,0.0,0.0,0.0,0.0,0.0,0.0,1.67,50.0,0.33,0.0,0.0,0.0,0.0,0.0,0.0,0.0,0.0,0.0,33.33,42.86,0.0,0.0,6,1,4,Holanda Eredivisie,3
Jason Lokilo,0.0,0.0,14.29,0.43,0.0,0.0,0.71,0.14,0.0,0.14,0.0,0.29,0.0,0.0,11.43,80.0,3.71,40.0,0.0,0.14,0.0,0.0,0.29,0.14,0.0,0.0,50.0,48.84,1.86,0.14,7,2,3,Holanda Eredivisie,3
Terry Sanniez,0.0,0.0,0.0,0.0,0.0,0.0,0.56,0.11,0.0,0.44,0.11,0.0,0.0,0.0,9.44,89.41,0.56,45.45,0.0,0.0,0.0,0.0,0.44,0.0,0.0,0.0,33.33,77.78,0.11,0.0,9,2,2,Holanda Eredivisie,3
Noah Naujoks,0.0,0.0,50.0,0.33,0.0,0.0,1.0,0.25,0.0,0.5,0.0,0.92,0.0,0.0,9.0,74.07,2.58,37.5,0.0,0.0,0.0,0.0,1.0,0.08,0.08,0.0,60.0,45.07,0.42,0.67,12,1,3,Holanda Eredivisie,3
Cole Bassett,0.0,0.09,33.33,0.45,0.0,0.0,0.27,0.09,0.0,0.27,0.0,0.0,0.0,0.0,8.55,79.79,1.91,71.43,0.0,0.0,0.0,0.0,0.55,0.18,0.0,0.0,75.0,55.0,0.09,0.0,11,1,3,Holanda Eredivisie,3
Nathan Markelo,0.0,0.07,33.33,0.07,0.0,0.0,0.43,0.43,0.0,1.64,0.0,0.21,0.07,0.0,10.64,81.21,1.29,35.71,0.0,0.0,0.0,0.0,0.64,0.07,0.14,0.0,40.0,48.72,0.57,0.57,14,1,2,Holanda Eredivisie,3
Joshua Eijgenraam,0.0,0.0,100.0,0.31,0.0,0.0,1.15,1.0,0.0,0.46,0.0,0.62,0.0,0.0,15.77,76.1,1.77,52.38,0.0,0.08,0.0,0.0,1.46,0.23,0.15,0.0,50.0,43.48,0.0,0.69,13,1,3,Holanda Eredivisie,3
Rui Mendes,0.06,0.11,23.91,1.0,0.0,0.0,0.78,0.44,0.0,0.22,0.0,0.5,0.17,0.17,16.78,67.55,5.94,11.11,0.0,0.11,0.0,0.0,1.17,0.33,0.11,0.0,25.93,28.03,0.28,0.94,18,1,4,Holanda Eredivisie,3
Raphaël Eyongo,0.0,0.2,100.0,0.2,0.0,0.0,0.0,0.0,0.0,0.4,0.0,0.4,0.0,0.0,3.4,52.94,0.8,0.0,0.0,0.0,0.0,0.0,0.6,0.0,0.0,0.0,50.0,50.0,0.0,0.0,5,1,4,Holanda Eredivisie,3
Eric Oelschlägel,0.0,0.0,0.0,0.0,0.0,0.0,0.0,0.0,0.0,0.89,0.0,0.0,0.0,0.0,37.22,66.87,0.56,34.76,2.56,0.11,0.0,0.0,2.11,0.22,0.0,0.0,0.0,0.0,0.0,0.0,9,2,1,Holanda Eredivisie,3
Paulos Abraham,0.0,0.25,40.0,1.38,0.0,0.0,2.13,0.25,0.0,0.63,0.0,1.5,0.0,0.0,15.75,76.98,4.38,62.5,0.0,0.0,0.0,0.0,1.38,0.0,0.0,0.0,11.11,34.18,0.13,0.5,8,1,4,Holanda Eredivisie,3
Pim Saathof,0.0,0.0,0.0,0.33,0.0,0.0,1.0,0.0,0.0,0.33,0.0,0.67,0.0,0.0,2.67,87.5,1.0,0.0,0.0,0.0,0.0,0.0,0.33,0.0,0.0,0.0,0.0,33.33,0.0,0.33,3,1,2,Holanda Eredivisie,3
Rémy Vita,0.07,0.04,54.35,0.33,0.0,0.0,1.22,0.44,0.0,0.48,0.04,0.96,0.0,0.0,14.96,81.93,3.22,47.92,0.0,0.04,0.0,0.0,0.89,0.11,0.0,0.0,18.18,46.06,0.59,0.78,27,1,2,Holanda Eredivisie,3
Mattijs Branderhorst,0.0,0.0,0.0,0.0,0.0,0.0,0.0,0.0,0.0,0.5,0.0,0.0,0.0,0.0,29.0,51.72,0.5,36.36,1.5,0.0,0.5,0.0,1.0,0.0,0.0,0.0,0.0,0.0,0.0,0.0,2,2,1,Holanda Eredivisie,3
Darius Johnson,0.0,0.0,100.0,0.0,0.0,0.0,0.0,0.0,0.0,0.0,0.0,0.0,0.0,0.0,3.0,66.67,1.5,0.0,0.0,0.0,0.0,0.0,0.0,0.0,0.0,0.0,0.0,25.0,0.0,0.5,2,1,3,Holanda Eredivisie,3
Jordi Blom,0.0,0.0,0.0,0.0,0.0,0.0,0.5,0.0,0.0,0.0,0.0,1.0,0.0,0.0,4.0,50.0,1.5,0.0,0.0,0.0,0.0,0.0,0.5,0.5,0.0,0.0,0.0,25.0,0.0,0.5,2,1,4,Holanda Eredivisie,3
Danny Hoesen,0.0,0.0,0.0,0.0,0.0,0.0,0.0,0.0,0.0,0.0,0.0,0.0,0.0,0.0,2.75,63.64,0.75,0.0,0.0,0.0,0.0,0.0,1.0,0.0,0.0,0.0,25.0,25.0,0.25,0.25,4,3,4,Holanda Eredivisie,3
Thierry Lutonda,0.03,0.12,50.0,0.52,0.0,0.0,2.15,1.15,0.06,1.24,0.0,1.33,0.06,0.06,28.15,78.04,4.97,41.33,0.0,0.12,0.0,0.0,1.3,0.24,0.03,0.0,41.38,45.59,0.64,0.73,33,1,2,Holanda Eredivisie,3
Nathan Tjoe-A-On,0.03,0.0,42.11,0.17,0.0,0.0,2.07,1.79,0.0,2.48,0.03,1.48,0.03,0.03,30.14,76.77,4.34,46.9,0.0,0.1,0.0,0.0,1.9,0.24,0.0,0.0,44.12,44.07,0.45,1.17,29,1,2,Holanda Eredivisie,3
Ben Rienstra,0.0,0.0,100.0,0.25,0.0,0.0,0.25,0.0,0.0,0.25,0.0,0.25,0.0,0.0,17.25,79.71,2.5,50.0,0.0,0.0,0.0,0.0,1.5,0.25,0.0,0.0,50.0,60.0,0.0,0.0,4,3,3,Holanda Eredivisie,3
Rami Kaib,0.05,0.05,23.53,0.33,0.05,0.0,0.57,0.52,0.0,0.81,0.0,0.19,0.0,0.0,12.95,66.54,2.95,31.03,0.0,0.0,0.0,0.0,0.67,0.05,0.1,0.0,50.0,40.68,0.19,0.43,21,2,2,Holanda Eredivisie,3
Arnaud Luzayadio,0.0,0.0,0.0,0.0,0.0,0.0,0.0,1.0,0.0,0.0,0.0,0.0,0.0,0.0,10.0,70.0,4.0,100.0,0.0,0.0,0.0,0.0,2.0,0.0,0.0,0.0,100.0,100.0,1.0,0.0,1,1,2,Holanda Eredivisie,3
Daan Huisman,0.0,0.0,0.0,0.0,0.0,0.0,0.5,0.0,0.0,0.5,0.0,0.5,0.0,0.0,5.5,81.82,1.0,100.0,0.0,0.0,0.0,0.0,1.0,0.0,0.0,0.0,0.0,50.0,1.0,0.0,2,1,3,Holanda Eredivisie,3
Gyan de Regt,0.0,0.0,0.0,0.0,0.0,0.0,0.0,0.0,0.0,0.0,0.0,0.5,0.0,0.0,1.5,33.33,0.0,0.0,0.0,0.0,0.0,0.0,0.0,0.0,0.0,0.0,0.0,0.0,0.0,0.5,2,1,4,Holanda Eredivisie,3
Imran Nazih,0.0,0.0,100.0,0.0,0.0,0.0,0.67,0.0,0.0,0.0,0.0,0.67,0.0,0.0,8.0,79.17,2.33,100.0,0.0,0.0,0.0,0.0,0.67,0.33,0.0,0.0,0.0,50.0,0.33,0.0,3,1,3,Holanda Eredivisie,3
Ilias Bronkhorst,0.0,0.0,0.0,0.25,0.0,0.0,0.5,0.0,0.0,0.25,0.0,0.25,0.0,0.0,3.75,66.67,0.75,0.0,0.0,0.0,0.0,0.0,0.25,0.0,0.25,0.0,40.0,38.89,0.25,0.5,4,2,2,Holanda Eredivisie,3
Omar Rekik,0.0,0.0,0.0,0.0,0.0,0.0,0.0,0.0,0.0,0.0,0.0,0.17,0.0,0.0,1.83,90.91,0.17,0.0,0.0,0.0,0.0,0.0,0.0,0.17,0.0,0.0,50.0,16.67,0.0,0.5,6,1,2,Holanda Eredivisie,3
Daniel Karlsbakk,0.0,0.0,28.57,0.1,0.0,0.0,0.1,0.1,0.0,0.1,0.0,0.3,0.0,0.0,3.8,57.89,1.0,0.0,0.0,0.0,0.0,0.0,0.5,0.0,0.1,0.0,33.33,27.91,0.4,0.8,10,1,4,Holanda Eredivisie,3
Isak Dybvik Määttä,0.0,0.03,49.37,0.27,0.0,0.0,1.39,0.67,0.03,1.09,0.0,1.27,0.15,0.03,29.12,72.32,6.58,36.94,0.0,0.09,0.0,0.0,1.7,0.18,0.12,0.03,42.37,44.52,0.85,0.79,33,1,2,Holanda Eredivisie,3
Damil Dankerlui,0.0,0.06,40.0,0.17,0.0,0.0,1.33,0.56,0.0,0.89,0.0,0.44,0.11,0.06,17.72,71.47,3.5,38.46,0.0,0.0,0.0,0.0,1.33,0.17,0.11,0.0,61.9,46.32,0.06,0.61,18,2,2,Holanda Eredivisie,3
Oussama Darfalou,0.0,0.25,33.33,0.75,0.0,0.0,0.13,0.13,0.0,0.0,0.0,0.25,0.0,0.0,6.0,68.75,2.0,50.0,0.0,0.0,0.0,0.0,0.63,0.13,0.0,0.0,14.29,20.59,0.13,0.25,8,2,4,Holanda Eredivisie,3
Ferro,0.0,0.0,100.0,0.56,0.0,0.0,1.56,0.44,0.0,2.22,0.0,0.89,0.0,0.0,39.11,72.73,3.56,43.42,0.0,0.11,0.0,0.0,2.0,0.22,0.11,0.0,38.89,44.9,0.0,0.67,9,2,2,Holanda Eredivisie,3
Derensili Sanches Fernandes,0.0,0.0,0.0,0.0,0.0,0.0,0.0,0.0,0.0,0.0,0.0,0.0,0.0,0.0,8.0,79.17,2.67,66.67,0.0,0.0,0.0,0.0,0.67,0.33,0.0,0.0,0.0,0.0,0.0,0.67,3,1,4,Holanda Eredivisie,3
Matěj Chaluš,0.0,0.0,0.0,0.38,0.0,0.0,0.5,1.0,0.0,2.13,0.13,0.25,0.0,0.0,33.0,74.62,2.0,30.0,0.0,0.0,0.0,0.0,1.25,0.13,0.25,0.0,52.17,39.58,0.38,1.63,8,2,2,Holanda Eredivisie,3
Nordin Musampa,0.0,0.0,14.29,0.13,0.0,0.0,2.13,0.88,0.0,2.5,0.0,0.75,0.13,0.13,22.38,75.98,2.38,54.29,0.0,0.0,0.0,0.0,1.63,0.25,0.13,0.13,66.67,50.79,0.63,1.5,8,1,2,Holanda Eredivisie,3
Toni Domgjoni,0.0,0.14,25.0,0.71,0.0,0.0,0.57,0.14,0.0,0.29,0.0,0.57,0.14,0.0,13.57,71.58,2.86,14.29,0.0,0.0,0.0,0.0,1.71,0.0,0.29,0.0,36.36,36.67,0.29,0.29,7,2,3,Holanda Eredivisie,3
Fodé Fofana,0.0,0.0,50.0,0.0,0.0,0.0,0.0,0.0,0.0,0.0,0.0,0.0,0.0,0.0,4.0,50.0,1.0,0.0,0.0,0.0,0.0,0.0,0.0,0.0,0.0,0.0,0.0,20.0,0.0,0.0,1,1,4,Holanda Eredivisie,3
Patrick Joosten,0.0,0.0,0.0,0.0,0.0,0.0,0.0,1.0,0.0,0.0,0.0,0.0,0.0,0.0,3.0,100.0,1.0,0.0,0.0,0.0,0.0,0.0,2.0,0.0,0.0,0.0,100.0,25.0,0.0,0.0,1,2,4,Holanda Eredivisie,3
Maurilio de Lannoy,0.0,0.0,50.0,0.0,0.0,0.0,0.0,0.0,0.0,0.0,0.0,0.0,0.0,0.0,12.0,66.67,4.0,0.0,0.0,0.0,0.0,0.0,1.0,0.0,0.0,0.0,0.0,66.67,1.0,0.0,1,1,3,Holanda Eredivisie,3
Luca Everink,0.0,0.0,0.0,0.0,0.0,0.0,1.67,0.0,0.33,1.0,0.0,0.33,0.0,0.0,9.0,66.67,2.0,0.0,0.0,0.0,0.0,0.0,0.67,0.0,0.33,0.0,25.0,37.5,0.0,1.33,3,1,2,Holanda Eredivisie,3
Dean James,0.0,0.0,12.5,0.14,0.0,0.0,1.43,1.57,0.0,2.71,0.0,0.86,0.0,0.0,17.29,76.86,4.29,38.1,0.0,0.0,0.0,0.0,1.57,0.14,0.0,0.0,37.5,33.33,0.29,1.0,7,1,2,Holanda Eredivisie,3
Billy van Duijl,0.0,0.0,100.0,0.0,0.0,0.0,0.67,1.0,0.0,1.67,0.0,1.0,0.0,0.0,27.67,77.11,0.67,33.33,0.0,0.0,0.0,0.0,1.0,0.33,0.0,0.0,0.0,33.33,0.0,0.0,3,1,2,Holanda Eredivisie,3
Michael Heylen,0.0,0.0,0.0,0.0,0.0,0.0,0.73,0.18,0.0,1.0,0.09,0.27,0.0,0.0,18.09,74.37,1.91,45.0,0.0,0.0,0.0,0.0,0.91,0.18,0.09,0.0,38.89,40.54,0.0,0.45,11,2,2,Holanda Eredivisie,3
Albert Lottin,0.0,0.0,40.0,1.0,0.0,0.0,0.0,0.0,0.0,0.0,0.0,1.0,0.0,0.0,5.0,80.0,3.0,100.0,0.0,0.0,0.0,0.0,0.0,0.0,0.0,0.0,100.0,33.33,0.0,0.0,1,1,3,Holanda Eredivisie,3
Mike van Beijnen,0.0,0.0,0.0,0.0,0.0,0.0,0.0,0.0,0.0,0.0,0.0,1.0,0.0,0.0,3.0,100.0,2.0,0.0,0.0,0.0,0.0,0.0,0.0,0.0,1.0,0.0,0.0,0.0,0.0,1.0,1,1,2,Holanda Eredivisie,3
Joey Antonioli,0.0,0.0,0.0,0.0,0.0,0.0,0.0,0.0,0.0,0.0,0.0,1.0,0.0,0.0,11.0,72.73,5.0,50.0,0.0,0.0,0.0,0.0,0.0,0.0,0.0,0.0,25.0,14.29,0.0,0.0,1,1,3,Holanda Eredivisie,3
Jorg Schreuders,0.0,0.0,50.0,0.6,0.0,0.0,2.0,0.8,0.0,1.8,0.0,1.2,0.0,0.0,27.0,67.41,3.8,32.26,0.0,0.0,0.0,0.0,2.4,0.6,0.2,0.0,20.0,46.43,0.2,0.2,5,1,3,Holanda Eredivisie,3
Charles-Andreas Brym,0.0,0.0,0.0,0.0,0.0,0.0,0.0,0.0,0.0,0.0,0.0,0.0,0.0,0.0,1.5,66.67,1.0,0.0,0.0,0.0,0.0,0.0,0.0,0.0,0.0,0.0,0.0,16.67,0.5,0.5,2,2,4,Holanda Eredivisie,3
Justin Bakker,0.0,0.0,0.0,0.0,0.0,0.0,0.67,0.67,0.0,2.67,0.33,0.67,0.0,0.0,39.33,72.03,6.0,39.39,0.0,0.0,0.0,0.0,1.33,0.67,0.33,0.0,22.22,28.57,0.0,0.33,3,2,2,Holanda Eredivisie,3
Yanick van Osch,0.0,0.0,0.0,0.0,0.0,0.0,0.0,0.0,0.0,0.67,0.0,0.0,0.0,0.0,35.0,60.0,3.0,47.5,3.0,0.0,0.0,0.0,1.67,1.67,0.0,0.0,100.0,100.0,0.0,0.0,3,2,1,Holanda Eredivisie,3
Jeroen Houwen,0.0,0.0,0.0,0.0,0.0,0.0,0.0,0.33,0.0,0.67,0.33,0.0,0.0,0.0,19.67,64.41,0.33,20.83,2.0,0.0,0.0,0.0,2.67,0.0,0.0,0.0,0.0,0.0,0.0,0.0,3,2,1,Holanda Eredivisie,3
Maikel Kieftenbeld,0.0,0.0,0.0,0.0,0.0,0.0,1.0,2.0,0.0,2.0,0.0,0.0,0.0,0.0,45.0,80.0,5.0,50.0,0.0,0.0,0.0,0.0,4.0,0.0,0.0,0.0,0.0,30.0,2.0,3.0,1,3,3,Holanda Eredivisie,3
Bret Minnema,0.0,0.0,0.0,0.0,0.0,0.0,0.0,0.0,0.0,0.0,0.0,0.0,0.0,0.0,34.0,55.88,2.0,39.13,1.0,0.0,0.0,0.0,3.0,1.0,0.0,0.0,0.0,0.0,0.0,0.0,1,1,1,Holanda Eredivisie,3
Hans Mulder,0.0,0.0,0.0,0.0,0.0,0.0,0.5,0.0,0.5,0.5,0.0,0.0,0.0,0.0,2.0,75.0,0.0,0.0,0.0,0.0,0.0,0.0,1.5,0.0,0.0,0.0,0.0,16.67,0.0,1.0,2,3,2,Holanda Eredivisie,3
Timo Zaal,0.0,0.0,0.0,0.0,0.0,0.0,0.0,0.0,0.0,0.0,0.0,0.0,0.0,0.0,0.0,0.0,0.0,0.0,0.0,0.0,0.0,0.0,0.0,0.0,0.0,0.0,0.0,0.0,0.0,0.0,1,1,2,Holanda Eredivisie,3
Casper Staring,0.0,0.0,0.0,0.0,0.0,0.0,0.0,0.0,0.0,0.0,0.0,0.0,0.0,0.0,1.0,0.0,0.0,0.0,0.0,0.0,0.0,0.0,0.0,0.0,0.0,0.0,0.0,0.0,0.0,0.0,1,1,3,Holanda Eredivisie,3
Luuk Admiraal,0.0,0.0,0.0,0.0,0.0,0.0,0.0,0.0,0.0,0.0,0.0,0.0,0.0,0.0,2.0,100.0,0.0,0.0,0.0,0.0,0.0,0.0,0.0,0.0,0.0,0.0,0.0,50.0,1.0,0.0,1,1,4,Holanda Eredivisie,3
Dylan van Wageningen,0.0,0.0,0.0,0.0,0.0,0.0,0.0,0.0,0.0,0.0,0.0,0.0,0.0,0.0,0.0,0.0,0.0,0.0,0.0,0.0,0.0,0.0,0.0,0.0,0.0,0.0,0.0,0.0,0.0,0.0,1,1,3,Holanda Eredivisie,3
Rayvien Rosario,0.0,0.0,0.0,0.0,0.0,0.0,0.0,0.0,0.0,0.0,0.0,0.0,0.0,0.0,0.0,0.0,0.0,0.0,0.0,0.0,0.0,0.0,0.0,0.0,1.0,0.0,0.0,0.0,0.0,1.0,1,1,3,Holanda Eredivisie,3
Dano Lourens,0.0,0.0,0.0,0.0,0.0,0.0,0.0,0.0,0.0,0.0,0.0,0.0,0.0,0.0,0.0,0.0,0.0,0.0,0.0,0.0,0.0,0.0,0.0,0.0,0.0,0.0,0.0,0.0,0.0,0.0,1,1,4,Holanda Eredivisie,3
Sander Sybrandy,0.0,0.0,0.0,0.0,0.0,0.0,0.0,0.0,0.0,0.0,0.0,0.0,0.0,0.0,1.0,100.0,1.0,0.0,0.0,0.0,0.0,0.0,0.0,0.0,0.0,0.0,0.0,0.0,0.0,0.0,1,1,3,Holanda Eredivisie,3
Christian Kjelder Rasmussen,0.0,0.0,100.0,0.5,0.0,0.0,0.0,0.0,0.0,0.0,0.0,0.0,0.0,0.0,1.5,100.0,1.0,0.0,0.0,0.0,0.0,0.0,0.0,0.0,0.0,0.0,0.0,100.0,0.0,0.0,2,1,4,Holanda Eredivisie,3
Patrick Brouwer,0.0,0.0,0.0,0.0,0.0,0.0,0.0,0.0,0.0,0.0,0.0,0.0,0.0,0.0,0.5,0.0,0.0,0.0,0.0,0.0,0.0,0.0,0.0,0.0,0.0,0.0,0.0,0.0,0.0,0.0,2,1,3,Holanda Eredivisie,3
