Name,Goals,Big chances missed,Successful dribbles %,Total shots,Headed goals,Set piece conversion %,Tackles,Interceptions,Penalty committed,Clearances,Errors lead to goal,Dribbled past,Big chances created,Assists,Total passes,Accurate passes %,Accurate final third passes,Accurate long balls %,Saves,Clean sheets,Penalties faced,Penalties saved,Goals conceded inside the box,Goals conceded outside the box,Yellow cards,Red cards,Aerial duels won %,Total duels won %,Was fouled,Fouls,Appearances
Laurențiu Brănescu,0,0,0,0,0,0,0,0,0,0,0,0,0,0,23,56.52,0,23.08,4,1,0,0,0,0,0,0,0,0,0,0,1
Aitor Cantalapiedra,0.89,0.11,40,2.56,0,5.56,0.44,0.11,0,0.22,0,0.11,0.22,0.22,28.89,76.92,8.22,70.59,0,0.33,0,0,0.22,0,0,0,16.67,47.83,1.67,0.89,9
Nikos Christogeorgos,0,0,0,0,0,0,0,0,0,2,0,0,0,0,24,79.17,1,54.55,3,1,0,0,0,0,1,0,100,50,0,1,1
James Rodríguez,0.25,0.1,80,2.15,0.15,0,0.65,0.15,0,0.1,0,0.35,0.25,0.3,52.65,84.71,19.25,75.63,0,0,0,0,0.35,0.05,0.05,0,28.57,55.34,1.7,0.95,20
Leonardo Koutris,0,0,0,2,0,0,4,3,0,0,0,1,0,0,57,92.98,13,83.33,0,1,0,0,0,0,0,0,0,50,0,2,1
Konstantinos Tzolakis,0,0,100,0,0,0,0,0.14,0,0.14,0,0,0,0,23.57,63.03,1.86,38.78,2.86,0.71,0,0,0.43,0,0.14,0,0,100,0.29,0,7
Vladimír Darida,0.24,0,90.91,1.43,0,0,1.81,0.86,0,0.43,0,0.29,0.19,0.19,45.33,85.29,12.29,64.2,0,0,0,0,1.24,0.14,0.14,0,26.32,56.05,1.67,1.62,21
Mijat Gaćinović,0.3,0.07,49.06,2.37,0,0,1.13,0.6,0,0.13,0,0.53,0.17,0.07,26.27,77.54,8.13,66.67,0,0.17,0,0,0.27,0,0.17,0,42.11,46.64,1.2,1.3,30
Sergio Araujo,0.24,0.38,44.44,3.31,0.03,0,1.24,0.48,0,0.24,0,0.48,0.24,0.24,31.9,76,12.28,57.14,0,0.34,0,0,0.41,0.07,0.21,0,54.17,45.22,1.76,2.48,29
Douglas Augusto,0.14,0.1,50,1.31,0,0,2.24,0.97,0,0.52,0,0.38,0.14,0,52.21,87.65,11.62,68.79,0,0.34,0,0,0.48,0.07,0.24,0,40.54,54.2,1.48,1.97,29
Daniel Mancini,0.18,0.06,53.66,1.62,0,0,0.94,0.53,0,0.15,0,0.41,0.24,0.24,30.79,70.58,10.03,55.14,0,0.18,0,0,0.41,0.03,0.15,0,31.82,47.79,1.41,1.15,34
Levi García,0.45,0.23,47.92,3.32,0.13,0.54,0.26,0.16,0.03,0.42,0,0.13,0.23,0.16,14,73.27,5.9,55.56,0,0.26,0,0,0.32,0.03,0.03,0,47.78,42.54,1.32,1.52,31
Gerasimos Mitoglou,0.13,0,100,0.5,0.13,0,0.75,0.63,0,1.88,0,0.13,0,0,39.88,87.77,3.88,62.79,0,0.5,0,0,0.13,0,0,0,57.14,43.75,0.38,1.75,8
Marko Marić,0,0,0,0,0,0,0,0,0,0.5,0,0,0,0,18,58.33,1,31.82,3.5,0.5,0,0,1,0,0,0,0,100,0.5,0,2
Ehsan Haji Safi,0,0,52,0.66,0,0,1.48,1.21,0.03,0.76,0,0.45,0.1,0.07,46.72,79.26,11.14,54.75,0,0.55,0,0,0.45,0.07,0.1,0,63.33,61.64,0.79,0.72,29
Andrija Živković,0.21,0.03,63.41,1.21,0,0,1.24,0.48,0.09,0.15,0,0.48,0.18,0.12,30.58,76.81,10.85,65.43,0,0.21,0,0,0.58,0.18,0.18,0.03,30.77,47.77,1.15,1.52,33
Kostas Fortounis,0.16,0.08,43.48,1.96,0,1.6,1,0.28,0,0.16,0,0.28,0.32,0.4,30.92,79.69,10.36,69.16,0,0.04,0,0,0.4,0.08,0.08,0,50,52.73,1.52,0.6,25
Jasmin Kurtić,0.3,0.2,100,1.8,0.1,0,1.3,1.5,0,1.2,0,0.6,0.2,0.1,61.4,87.13,9.8,70,0,0.2,0,0,0.7,0.1,0.5,0,51.72,51.95,1,1.3,10
Mathieu Valbuena,0.17,0,53.85,0.61,0.06,0,0.17,0.11,0,0.06,0,0.11,0.39,0.11,19.72,83.94,9.72,65.63,0,0.06,0,0,0.17,0,0.06,0,12.5,44.44,0.94,0.44,18
Yury Lodygin,0,0,0,0,0,0,0,0,0,0,0,0,0,0,17.5,74.29,0.5,46.15,1.5,0.5,0.5,0.5,0.5,0,0,0,0,100,0.5,0,2
Harold Moukoudi,0.07,0.07,100,0.56,0.04,0,1.11,1.81,0,1.48,0,0.33,0,0,55.11,90.46,4.11,74.87,0,0.56,0,0,0.41,0.04,0.19,0,63.41,56.62,0.44,1.22,27
Luis Palma,0.38,0.03,47.54,2.07,0,0.34,0.38,0.34,0,0.17,0,0.14,0.14,0.14,24.03,78.48,7.24,60.32,0,0.03,0,0,0.55,0.07,0.03,0.03,25,41.38,1,0.66,29
Khaled Narey,0.26,0.11,44.83,1.89,0,0,0.85,0.22,0,0.3,0,0.26,0.22,0.33,19.41,71.95,6.63,52,0,0.15,0,0,0.63,0.07,0.07,0,36,39.39,0.74,1.3,27
Giannis Kotsiras,0,0,66.67,0.28,0,0,1.88,1.32,0,0.8,0,0.2,0,0,47.08,83.94,10.84,60.32,0,0.4,0,0,0.44,0,0.04,0,46.15,69.05,0.92,0.56,25
Nordin Amrabat,0.23,0,60.53,0.84,0,0,0.52,0.19,0,0.16,0,0.23,0.32,0.13,25.65,80.13,10.71,67.42,0,0.03,0,0,0.29,0.06,0.23,0,30,36.46,0.97,1.87,31
Christos Mandas,0,0,0,0,0,0,0,0,0,0.38,0,0,0.12,0,31.58,59.93,1.42,37.91,3.35,0.31,0.12,0.04,1.15,0.04,0.08,0,66.67,85.71,0.15,0,26
Domagoj Vida,0.03,0,60,0.42,0.03,0,0.84,1.52,0,1.71,0,0.19,0.03,0.1,58,86.37,7.35,62.41,0,0.58,0,0,0.45,0.06,0.16,0,59.21,56.5,0.94,1.03,31
Hörður Magnússon,0.04,0,50,0.58,0,0.6,1.08,1.25,0.04,1.88,0,0.38,0,0,56.17,83.38,6.5,50.21,0,0.46,0,0,0.38,0,0.21,0,62.86,57.8,0.58,0.92,24
Zvonimir Šarlija,0,0.1,50,0.62,0,0,0.67,0.86,0,1.67,0,0.05,0.05,0.1,53.1,90.49,4.33,57.55,0,0.43,0,0,0.29,0.05,0.29,0,68.18,65.93,1.38,1,21
Lazar Ranđelović,0.33,0.33,100,1.33,0,0,0.33,0,0,0,0,0.33,0,0,19,87.72,8.33,100,0,0.33,0,0,0,0,0,0,100,55.56,0.67,0.67,3
In-Beom Hwang,0.09,0,66.67,1.16,0,0,1.44,1.16,0,0.44,0,0.56,0.13,0.13,62.63,87.87,15.59,65.83,0,0.34,0,0,0.53,0.09,0.16,0,52.17,51.71,1.28,1.38,32
Alberto Brignoli,0,0,50,0,0,0,0.03,0,0,0.21,0,0,0,0.03,26.59,68.58,0.88,37.81,1.91,0.62,0.06,0.03,0.41,0.03,0.12,0,66.67,80,0.15,0,34
Manu García,0.24,0.12,19.05,1.12,0,0,1.12,0.41,0,0.24,0,0.18,0.18,0.18,34.65,80.65,13.06,70.15,0,0.12,0,0,0.53,0,0.06,0,60,49.58,2.06,1.29,17
Jon Toral,0.33,0.04,35.71,1.13,0,0,0.75,0.29,0,0.13,0,0.25,0.04,0.08,25.63,75.12,10.17,56.76,0,0.13,0,0,0.63,0.04,0.08,0,30.77,36.36,1.04,1.54,24
Sergi Canós,0.5,0.25,50,2,0,0,1,0.25,0,0.38,0,0.75,0,0.25,15.5,76.61,5.63,55.56,0,0,0,0,0,0.13,0.13,0,50,43.9,0.63,1.13,8
Zisis Karachalios,0,0.04,70,0.61,0,0,2,1.74,0,2.17,0,0.61,0,0.04,39.26,83.06,6.13,60.26,0,0.09,0,0,0.87,0.43,0.3,0,48.72,58.62,2.17,1.57,23
Pape Abou Cissé,0,0,100,0.5,0,0,0.83,0.67,0,2.5,0,0.33,0.17,0,41.33,83.47,6,55.56,0,0.5,0,0,0.5,0,0,0,73.33,74.19,1,0.5,6
Cédric Bakambu,0.56,0.25,33.33,1.88,0.16,0,0.5,0.13,0,0.28,0,0.06,0.16,0.06,9.19,73.81,3.41,40,0,0,0,0,0.41,0.03,0.13,0,38.03,39.01,0.81,1.56,32
Marios Tsaousis,0,0,0,0.33,0,0,1.78,1.33,0,0.67,0,0,0.11,0,31.33,81.21,3.56,43.75,0,0.11,0,0,0.33,0,0.11,0,100,65.71,0.44,0.67,9
Aias Aosman,0.15,0.08,46.15,1.62,0,2.56,1.38,0.69,0,0.31,0,0.08,0.08,0.15,27.62,75.77,7.92,58.7,0,0.08,0,0,1.31,0.15,0.31,0,57.14,54.55,1.08,1.08,13
Eder González,0,0,58.33,0.91,0,0,1.88,1.5,0,1,0,0.84,0.09,0.06,56.84,87.91,8.56,68.38,0,0.19,0,0,0.94,0.13,0.22,0,46.67,56.72,2.25,1.41,32
Praxitelis Vouros,0,0,75,0.14,0,0,1.24,2.34,0,3.21,0,0.21,0,0,54.21,89.63,5.38,65.87,0,0.31,0,0,1.03,0.1,0.31,0,62.86,54.92,0.21,1.14,29
Nikolaos Athanasiou,0,0,50,0.6,0,0,1.2,1,0,1.4,0,0,0,0,48,80.83,8.8,64.71,0,0.6,0,0,0.6,0,0,0,60,53.85,0.2,0.6,5
Damian Szymański,0.07,0,66.67,0.6,0.07,0,1.93,1.47,0.03,0.57,0,0.43,0,0.03,51.63,86.64,9.57,65.6,0,0.4,0,0,0.43,0.07,0.3,0,50,50.24,0.87,1.97,30
Dimitris Chatziisaias,0.03,0.1,87.5,0.26,0,0,1.13,1.55,0.1,3.42,0,0.06,0,0.03,49.74,84.24,1.84,50.66,0,0.26,0,0,0.87,0.13,0.23,0,67.27,73.58,1.35,0.61,31
Marko Bakić,0.2,0.07,71.43,1.67,0,3.33,0.73,0.2,0,0.33,0,0.27,0.13,0.13,33.33,83.2,11.47,68.18,0,0.13,0,0,1.07,0,0.2,0,36.36,45.24,1.27,1.07,15
Yann M'Vila,0,0,100,0.61,0,0,1.74,1.19,0,0.84,0,0.29,0.06,0.03,59.29,88.79,11.42,63.16,0,0.35,0,0,0.61,0.06,0.13,0,62.96,63.29,0.9,0.9,31
Bernard,0.06,0.03,48.08,1.13,0,0,0.87,0.48,0,0.13,0,0.61,0.19,0.16,32.13,79.12,12.26,65.52,0,0.23,0,0,0.39,0.03,0.13,0,50,43.81,1,0.84,31
Sverrir Ingi Ingason,0.1,0.07,60,0.5,0.07,0,1,0.53,0,3.33,0,0.17,0.03,0,64.8,85.55,4.8,48.02,0,0.5,0,0,0.73,0.07,0.1,0,67.16,61.96,0.87,1.03,30
Georgios Antzoulas,0,0,0,0,0,0,1,1,0,7,0,0,0,0,29,75.86,3,71.43,0,0,0,0,1,0,0,0,50,50,0,1,1
Christos Ioannidis,0,0,0,1,0,0,1,1,0,1,0,0,0,0,5,80,0,0,0,0,0,0,0,0,0,0,0,100,0,0,1
Pierre Kunde,0,0,100,0.5,0,0,0,0.5,0,0,0,0,0,0,40.5,86.42,16,75,0,0,0,0,0.5,0,0.5,0,0,42.86,0.5,1,2
Šime Vrsaljko,0,0,0,0,0,0,1.67,2.67,0,2,0,0,0,0,30.33,86.81,3.33,70,0,0.33,0,0,0.33,0,0.33,0,100,53.85,0.33,1.67,3
Bart Schenkeveld,0,0,100,0.33,0,0,0.56,0.74,0.07,1.85,0,0.04,0,0,61.07,90.18,3.07,67.43,0,0.59,0,0,0.41,0.04,0.19,0.07,76.74,63.81,0.67,0.85,27
Djibril Sidibé,0,0.08,66.67,0.75,0,0,1.17,0.83,0,0.5,0,0,0.17,0.08,31.25,78.67,8.83,62.26,0,0.33,0,0,0.17,0,0.08,0,54.55,56,0.5,0.92,12
Rodinei,0,0.05,69.57,0.47,0,0,1.89,1.21,0,1.32,0,0.42,0.11,0.16,37.47,80.9,10.53,59.62,0,0.58,0,0,0.53,0.05,0.32,0,50,53.05,0.79,1.32,19
Orbelín Pineda,0.25,0.14,45.24,1.58,0.03,0,0.89,0.53,0.03,0.19,0,0.47,0.08,0.06,34.22,80.44,12.08,68.07,0,0.11,0,0,0.33,0.06,0.14,0,47.62,45.11,1.25,1.22,36
Athanasios Androutsos,0.14,0,50,0.29,0,0,0.86,1.29,0,0.14,0,0.29,0.14,0.14,43.57,89.51,9.14,76,0,0.29,0,0,0.43,0.29,0.43,0,66.67,58.33,1,0.86,7
Rubén Pérez,0,0,75,0.37,0,0,1.49,0.94,0,0.57,0,0.46,0.03,0.06,66.94,86.98,12.03,67.94,0,0.49,0,0,0.37,0.03,0.23,0,48.39,59.26,1.6,1.14,35
Jakub Brabec,0.04,0,66.67,0.22,0.04,0,1.22,1.61,0.04,2.52,0,0.39,0,0,65.22,88.73,3.39,57.89,0,0.3,0,0,0.83,0.09,0.09,0,62.07,56.92,0.39,0.96,23
Sokratis,0.07,0.04,0,0.7,0.07,0,0.93,0.78,0,1.96,0.04,0.11,0,0,51.22,87.42,3.74,58.54,0,0.41,0,0,0.52,0.04,0.22,0.04,73.85,62.84,0.78,1.41,27
Aguibou Camara,0.17,0.17,84.62,1.39,0,0,1.83,0.78,0,0.11,0,0.5,0,0,33.5,87.73,8.67,72.55,0,0.11,0,0,0.83,0.06,0.17,0,40,57.04,1.61,1.33,18
Andreas Ndoj,0.05,0,100,0.29,0,0,0.67,0.76,0,2,0,0.05,0.05,0.05,48.95,89.4,1.95,50.47,0,0.62,0,0,0.19,0.1,0.14,0,70.59,62.5,0.29,0.67,21
Alexandros Paschalakis,0,0,0,0,0,0,0,0.04,0,0.46,0,0.04,0,0,21.42,67.32,0.67,32.92,2.13,0.54,0.08,0,0.58,0.13,0,0,100,83.33,0.13,0,24
Tiago Dantas,0.13,0.03,50,0.75,0,0,0.56,0.69,0,0.25,0,0.22,0.03,0.03,41.69,90.48,10.41,73.5,0,0.13,0,0,0.59,0.06,0.09,0,41.67,55.17,0.75,0.56,32
Boris Kleiman,0,0,100,0,0,0,0,0.03,0,0.55,0,0.07,0,0,29.66,61.51,0.83,41.03,3.31,0.34,0.14,0.03,1.14,0.34,0.14,0,100,75,0.17,0,29
Pichu Atienza,0.05,0.05,66.67,0.41,0.05,0,0.59,0.86,0,3.09,0,0.14,0,0.05,60.68,87.87,4.59,64.6,0,0.32,0,0,0.86,0.09,0.18,0,36.84,38.27,0.09,0.91,22
Niclas Eliasson,0,0.04,46.67,0.35,0,0,0.42,0.08,0,0.08,0,0.04,0.35,0.27,12.96,76.26,4.31,55.17,0,0,0,0,0.15,0,0.12,0,61.54,57.28,1.31,0.85,26
Zoran Tošić,0.5,0,0,1.25,0,25,0.25,0,0,0,0,0,0,0,13.75,72.73,4.25,50,0,0,0,0,0.75,0,0,0,0,40,0.75,0.25,4
Živko Živković,0,0,0,0,0,0,0,0,0,0,0,0,0,0,19,77.19,0,29.41,2.33,0.33,0,0,0.67,0,0.33,0,0,0,0,0,3
Nikolaos Papadopoulos,0,0,100,0,0,0,0,0.08,0,0.77,0,0.04,0,0,30.46,62.37,1.85,39.63,2.81,0.38,0.15,0,0.92,0.15,0.04,0,85.71,83.33,0.19,0,26
Pep Biel,0.3,0.13,46.34,2.33,0,0,0.73,0.47,0,0.17,0,0.5,0.07,0.07,24.37,77.02,8.47,57.89,0,0.1,0,0,0.37,0.07,0.07,0.03,46.67,39.06,0.9,1.1,30
Apostolos Diamantis,0.07,0,83.33,0.47,0.07,0,0.57,1.97,0.03,3.47,0,0.13,0,0,50.03,85.74,5.3,56.6,0,0.27,0,0,0.93,0.1,0.2,0,55.56,46.79,0.33,1.13,30
Konstantinos Koulierakis,0.08,0.08,100,0.8,0.08,0,0.88,0.88,0.08,3.48,0.08,0.24,0,0.04,58.12,85.07,4.72,46.78,0,0.4,0,0,0.56,0.12,0.16,0,74,66.67,0.84,1,25
Laurens De Bock,0,0.03,71.43,0.52,0,0,2,1.86,0,1.79,0,0.55,0.07,0.07,41.69,83.29,6.14,60.22,0,0.17,0,0,1.07,0.14,0.31,0,57.14,56.82,0.34,1.07,29
Achilleas Poungouras,0,0,0,0.25,0,0,1.25,0.63,0,1.75,0,0.13,0,0,61,90.37,4.38,58.33,0,0.5,0,0,0.5,0,0,0,60,63.64,0.13,0.38,8
Lazaros Rota,0,0.1,54.17,0.77,0,0,1.77,0.94,0.03,0.71,0,0.48,0.06,0.03,40.29,86.23,11.61,59.35,0,0.42,0,0,0.42,0.03,0.16,0,46.43,55.34,1.1,1.06,31
Giorgos Athanasiadis,0,0,0,0,0,0,0.03,0,0,0.47,0,0,0,0,26.13,70.41,1.03,47.53,1.17,0.7,0.07,0,0.4,0.03,0.03,0,100,100,0.03,0,30
Thierry Moutinho,0.18,0.12,57.14,1.59,0,0.98,1.06,0.35,0,0.29,0,0.18,0.06,0.06,28.59,71.6,9.06,48.21,0,0.18,0,0,0.94,0.24,0.12,0,30.43,46.4,1.47,1.18,17
Jens Jønsson,0,0.03,58.33,0.62,0,0,1.15,0.79,0,0.5,0,0.35,0.12,0.06,36.38,84.72,9.15,73.38,0,0.35,0,0,0.32,0.06,0.09,0,53.33,56.18,0.91,0.82,34
Konstantinos Manolas,0,0,0,0,0,0,1.67,2,0,3.67,0,0,0,0,40.33,88.43,3.67,68.75,0,0,0,0,0.67,0.33,0,0,33.33,46.67,0.33,2.33,3
Taison,0.07,0,44.44,0.64,0,0,0.86,0.36,0,0.07,0,0.36,0.21,0.14,21.29,80.54,7.93,78.95,0,0,0,0,0.71,0.07,0.29,0,16.67,53.85,0.79,0.14,14
Andreas Gianniotis,0,0,100,0.03,0,0,0.03,0,0,1.13,0.03,0.03,0,0,28.45,63.83,1.39,40.15,2.97,0.19,0.23,0.06,0.97,0.13,0.06,0.03,90.91,85.71,0.35,0.03,31
Dmytro Chygrynskiy,0.04,0,0,0.27,0.04,0,1,1.69,0.04,4.04,0,0.19,0.04,0,39.35,83.48,2.96,66.19,0,0.31,0,0,1.23,0.27,0.19,0,62.69,56.16,0.58,1.42,26
Juanpi Añor,0.11,0,73.33,1.11,0,0,0.56,0.33,0,0,0,0.33,0.11,0.11,26.78,73.44,6.78,42.11,0,0,0,0,1.11,0.11,0.22,0,50,52.56,2.33,1.11,9
Léo Tilica,0.11,0.04,71.43,0.79,0.04,0,0.68,0.61,0,0.18,0,0.39,0,0,21.64,82.18,6,58.62,0,0.11,0,0,0.46,0.14,0.14,0,37.5,53.89,1.54,0.61,28
Georgios Tzavellas,0,0,0,0.15,0,0,0.08,1.23,0,2.85,0,0.08,0.08,0,45.62,84.99,4,53.13,0,0.38,0,0,0.31,0.08,0.38,0,57.89,58.7,1.31,0.62,13
Sebastián Palacios,0.18,0.15,33.33,1.55,0,0,0.82,0.48,0,0.12,0,0.18,0.15,0.03,22,76.17,8.09,48.39,0,0.33,0,0,0.27,0,0.06,0,43.48,47.74,2.12,1.18,33
Panagiotis Tsintotas,0,0,0,0,0,0,0,0,0,1,0,0,0,0,23.33,55.43,0.8,33.33,2.87,0.13,0.07,0,0.87,0.2,0.13,0,100,100,0.27,0,15
Steven Zuber,0.29,0.14,37.04,2.5,0,0,0.39,0.11,0,0.07,0,0.04,0.11,0.07,14.93,74.64,5.39,75,0,0.04,0,0,0.14,0.04,0.11,0,40,38.33,0.61,0.79,28
Fabiano,0.09,0.03,71.43,0.72,0.03,0,0.78,0.91,0,3.13,0,0.41,0,0,58.78,86.5,4.41,53.54,0,0.31,0,0,0.97,0.09,0.28,0,66.13,56.86,0.5,0.88,32
Oleg Reabciuk,0.03,0,57.14,0.43,0,0,1.3,1.1,0.03,0.93,0,0.33,0.07,0.13,35.03,81.64,6.2,45.71,0,0.37,0,0,0.63,0.13,0.2,0,55.88,57,1.73,1.63,30
Tom van Weert,0.38,0.19,33.33,1.56,0.19,0,0.13,0,0,0,0,0,0.13,0,6.31,77.23,2.13,66.67,0,0.06,0,0,0.38,0,0.06,0,17.65,35.19,0.81,0.75,16
Gaëtan Robail,0.15,0.12,50,1.06,0,0,0.7,0.94,0,0.15,0,0.48,0.3,0.06,23.7,69.44,6.42,47.89,0,0.03,0,0,0.79,0.09,0.09,0,57.89,40.67,0.79,0.88,33
Andreas Kuen,0.09,0,50,0.87,0.04,0,0.52,0.57,0,0.43,0,0.43,0.17,0.13,31.7,74.76,7.48,54.55,0,0.04,0,0,0.74,0.13,0.17,0,77.78,53.79,1.74,1.04,23
Ramon,0,0,40,0.33,0,0,1.44,0.89,0,0.44,0,0.11,0,0.11,28.44,87.11,6.44,90,0,0.33,0,0,0.11,0,0,0.11,40,54,1.11,1,9
Vieirinha,0,0,50,0.53,0,0,0.73,0.53,0,0.33,0,0.07,0.07,0.07,24.8,84.41,6.07,60.61,0,0.07,0,0,0.33,0,0.07,0,33.33,66.67,0.93,0.27,15
Panagiotis Retsos,0,0,0,0.14,0,0,0.86,1.71,0,1.43,0,0,0,0,39.71,89.57,3.14,75,0,0.14,0,0,0.71,0.14,0,0,80,54.55,0.29,1.43,7
Juankar,0,0,58.33,0.64,0,0,1.27,1.21,0,0.85,0,0.48,0.06,0,30.3,80.4,7.3,48.48,0,0.27,0,0,0.39,0.03,0.15,0,52.17,55.11,1.12,0.97,33
Eric Larsson,0.06,0,47.62,0.71,0.03,0,1.13,0.84,0,1.39,0,0.48,0.1,0.19,38.06,77.97,9.45,47.97,0,0.26,0,0,1.16,0.06,0.23,0.03,54.29,53.94,1.81,1.29,31
Nikos Vergos,0.25,0.06,52.63,1.63,0.06,0,0.13,0.25,0,0.5,0,0.13,0.13,0,15.63,68.8,4,71.43,0,0,0,0,0.88,0.25,0.06,0,42.11,47.62,2,1.44,16
Deybi Flores,0,0,40,0.5,0,0,1.94,0.88,0,1.31,0,0.31,0.06,0.13,30.94,79.39,5.06,56.63,0,0,0,0,0.81,0.13,0.25,0,75,67.03,1.25,1.06,16
Rodrigo Erramuspe,0.29,0.06,100,0.77,0.1,0,1,1.23,0,3.23,0,0.35,0.03,0.03,44.71,82.61,3.94,50.55,0,0.16,0,0,1.16,0.35,0.26,0,52.27,48.53,0.35,1.19,31
Julián Cuesta,0,0,0,0,0,0,0,0.03,0.03,0.35,0,0.03,0,0,28.84,69.02,0.81,43.7,2.74,0.35,0.23,0.03,1,0.1,0.06,0,100,60,0.1,0.03,31
Vasilios Mantzis,0.19,0.09,44.44,2.19,0.06,0,0.53,0.16,0,0.38,0,0.44,0.13,0.06,15.75,65.48,4.09,60,0,0.13,0,0,0.97,0.19,0.16,0,41.58,44.33,1.94,1.19,32
Alexandros Malis,0.09,0,100,0.18,0,0,0.91,0.91,0,2.45,0,0.45,0,0,45.27,85.14,2.73,46.97,0,0.09,0,0,0.91,0.18,0.09,0,65,56.6,0.55,0.91,11
Iker Bilbao,0,0,33.33,1.19,0,0,1.75,1.25,0.06,0.5,0,0.38,0.06,0.13,32.88,75.29,6.5,53.39,0,0,0,0,1.44,0.38,0.13,0,69.23,61.17,1.06,1.13,16
Carles Soria,0,0,25,0.45,0,0,1.65,0.87,0.03,1.42,0,0.23,0.06,0.19,36.74,76.82,7.52,48.39,0,0.16,0,0,1.16,0.35,0.23,0,42.11,49.7,0.74,1.16,31
Mateo García,0.09,0.09,50,0.91,0.03,0,1.33,0.79,0,0.06,0,0.58,0.06,0.06,36.58,86.16,9.94,69.7,0,0.12,0,0,0.7,0.09,0.09,0.03,38.89,53.59,1.58,0.79,33
Dávid Gróf,0,0,0,0,0,0,0,0,0,0.64,0,0.09,0,0,21.45,38.14,1.82,32.06,3.18,0.27,0.27,0.09,1.27,0.27,0.18,0,0,75,0.27,0,11
Giannis Gianniotas,0.13,0.06,57.14,1.56,0,0,0.69,0.31,0,0.44,0,0.13,0.06,0.13,13.25,62.26,4.44,37.5,0,0,0,0,0.69,0.06,0.13,0,25,51.38,1.88,1.06,16
Kyriakos Papadopoulos,0,0,0,0.4,0,0,0.8,1.5,0,3.3,0,0.2,0,0,26,73.85,2.6,38.98,0,0.3,0,0,0.8,0.3,0.1,0,75,75.47,1.7,0.6,10
Oghenekaro Etebo,0,0,60,0.28,0,0,1.96,1.56,0.04,0.72,0,0.32,0,0,50.48,90.02,7.36,66.02,0,0.2,0,0,0.72,0.12,0.2,0.04,38.24,55.36,1,1.4,25
Federico Álvarez,0.03,0,75,0.79,0,0,1.62,1.07,0.03,1.31,0,0.48,0.03,0.03,37.72,79.8,5.62,43.83,0,0.31,0,0,0.83,0.14,0.03,0,78.26,59.28,0.76,0.93,29
Andraž Šporar,0.34,0.25,41.67,2.38,0.13,0,0.13,0.06,0,0.28,0,0.03,0.06,0.13,10,75.31,3.19,60,0,0.03,0,0,0.22,0,0.09,0,37.78,44.2,1.09,0.66,32
Viktor Klonaridis,0.04,0.04,55,0.92,0,0,0.72,0.44,0,0.48,0,0.24,0.16,0.2,18.36,74.29,5.6,73.08,0,0.04,0,0,0.64,0.08,0.08,0,46.15,45.19,0.48,0.44,25
Stefanos Stroungis,0,0.08,0,0.58,0,0,0.83,0.67,0,5.17,0,0.17,0,0,47.5,83.86,1.33,47.56,0,0.17,0,0,0.92,0.08,0.17,0,65.91,59.49,0.67,1.17,12
Miguel Mellado,0.07,0,0,0.85,0,0,2.11,1.04,0.07,0.59,0,0.74,0,0,49.37,84.32,9.33,61.87,0,0.15,0,0,1,0.07,0.41,0,34.15,53.68,2.81,2.07,27
Dominik Kotarski,0,0,100,0.03,0,0,0,0,0.06,0.68,0,0.03,0,0,28.68,77.23,0.79,41.29,1.94,0.44,0.21,0.03,0.71,0.18,0.12,0,50,73.33,0.26,0.06,34
Pepe Castaño,0.03,0.03,0,0.27,0,0,0.73,0.9,0,3.73,0.03,0.2,0,0,54.7,92.81,2.4,59.46,0,0.37,0,0,0.87,0.17,0.27,0,57.45,53.15,0.93,1.27,30
Milad Mohammadi,0,0,25,0.46,0,0,1,0.31,0,0.38,0,0.15,0,0.08,24.77,80.43,5.38,50,0,0.38,0,0,0.15,0,0,0,45.45,45,0.54,1.31,13
Ervin Zukanović,0.06,0,0,0.33,0.06,0,0.39,1.5,0,2.39,0,0.39,0,0,40.39,88.86,3.11,62.83,0,0.22,0,0,0.94,0.17,0.11,0.06,61.9,52.27,0.17,0.33,18
Fotis Ioannidis,0.19,0.06,51.11,1.36,0,0,0.36,0.08,0,0.08,0,0.14,0.06,0.06,10.25,79.95,4,58.33,0,0.06,0,0,0.25,0.03,0.06,0,33.33,47.42,1.36,0.83,36
Aboubakar Kamara,0.27,0.2,66.67,1.67,0,0,0.27,0.2,0,0.6,0,0.07,0,0,16,76.67,3.93,63.64,0,0,0,0,0.73,0.07,0.27,0.13,43.59,42.86,1.93,2.33,15
Dimitrios Kourbelis,0.03,0.1,72.73,0.83,0,0,1.27,0.8,0,0.9,0,0.5,0.1,0.03,42.1,87.02,10.7,69.35,0,0.17,0,0,0.33,0.03,0.27,0.03,53.66,48.28,1.5,1.97,30
Triantafyllos Pasalidis,0,0,100,0.27,0,0,1.14,1.41,0,3.14,0,0.18,0.05,0.05,39.14,84.2,1.82,43.2,0,0.27,0,0,0.73,0.05,0.36,0.05,61.29,55.74,1.05,1.68,22
Lukas Rupp,0.13,0,71.43,0.88,0,0,0.88,0.13,0,0.38,0,0.13,0.13,0.13,16.25,86.15,4.88,80,0,0,0,0,0.5,0,0,0,50,56.76,0.88,0.75,8
Georgios Kornezos,0.05,0,0,0.36,0.05,0,1.14,1.95,0,2.91,0,0.18,0,0,33.41,80.41,1.82,46.3,0,0.23,0,0,1.55,0.18,0.18,0,62.07,58.04,0.18,0.77,22
Rafa Soares,0,0,33.33,0.31,0,0,0.92,0.88,0,1.46,0,0.35,0.19,0.19,40.42,81.26,9.54,47.75,0,0.42,0,0,0.69,0.19,0.12,0,44.44,36.36,0.12,0.92,26
Derek Cornelius,0,0.08,0,0.54,0,0,1.31,1.69,0,5.08,0,0.15,0,0.08,37.08,75.31,2.38,34.13,0,0.15,0,0,0.85,0.31,0.08,0,60,61.9,0.92,1.08,13
Dani Suarez,0,0,0,0.67,0,0,1.78,0.67,0,3,0,0.22,0,0.11,52.44,85.38,3.22,52.54,0,0.11,0,0,1.22,0.11,0.22,0,55.56,65.31,0.67,0.67,9
Rodrigo Escoval,0,0,100,0.24,0,0,0.86,1.59,0,3.55,0,0.24,0,0,42.38,79.9,3.38,52.4,0,0.34,0,0,1.07,0.38,0.21,0,57.63,56.49,0.48,0.9,29
Julián Bartolo,0.09,0.05,38.89,1.14,0,0,0.95,0.18,0,0.14,0,0.55,0.18,0.18,14.5,75.24,3.86,70.37,0,0,0,0,0.32,0.14,0.09,0,18.18,46.9,1.05,1,22
Theofanis Mavromatis,0,0.06,0,0.22,0,0,0.39,1.5,0.11,3.72,0,0.06,0.06,0.11,34.94,80.29,1.83,38.66,0,0.22,0,0,0.72,0.06,0.22,0,67.74,58.06,0.5,0.67,18
Alexei Koşelev,0,0,0,0,0,0,0,0,0,1.25,0,0,0,0,20.75,40.96,2,30.99,1.75,0.5,0.25,0,0.5,0.25,0.25,0,100,100,0,0,4
Jean Barrientos,0.09,0.09,56.25,1.17,0,0,1.57,0.96,0,0.3,0,0.39,0.04,0,46.87,84.97,9.78,68.83,0,0.26,0,0,1.17,0.39,0.3,0,41.67,51.23,1.48,1.43,23
Pajtim Kasami,0.17,0.17,66.67,1.83,0,0,0.92,0.58,0,0.17,0,0.58,0,0,25.17,87.09,4.5,63.89,0,0.17,0,0,0.33,0.08,0.08,0,33.33,43.9,0.25,1,12
Nikolaos Karelis,0.45,0.17,37.5,1.66,0.07,0,0.24,0.24,0,0.24,0,0.14,0.03,0.03,13.24,74.22,3.07,61.9,0,0.03,0,0,0.97,0.21,0.07,0.03,24.36,31.5,1.07,1.45,29
Nouha Dicko,0.2,0.13,40.74,1.97,0.07,0,0.53,0.3,0,0.07,0,0.17,0,0.03,16.33,75.51,5.33,50,0,0.03,0,0,0.9,0.1,0.2,0,24.44,37.82,1.17,1.27,30
Giannis Konstantelias,0.07,0.23,48.08,1.4,0,0,0.97,0.33,0,0.07,0,0.27,0.17,0.13,22.43,79.64,8.77,64.58,0,0.13,0,0,0.37,0.13,0.1,0,27.27,44.04,1.3,1.4,30
Georgios Mygas,0,0.03,50,1.24,0,0,1.97,1.41,0.03,1.52,0.03,0.28,0.21,0.03,25.97,66.67,4.62,37.74,0,0.24,0,0,1.24,0.21,0.34,0,62.07,54.76,1.62,1.86,29
José Alberto Cañas,0.04,0,33.33,0.74,0,0,1.33,1.15,0,0.41,0,0.3,0.04,0.04,33.41,80.71,5.3,61.11,0,0.22,0,0,1.04,0.22,0.19,0,51.72,65.73,1.56,0.89,27
Andreas Bouchalakis,0.33,0.33,0,1.33,0,0,0.67,0.67,0,0.33,0,0.33,0,0,33,88.89,8.33,72.73,0,0,0,0,0,0.33,0,0,0,37.5,0.33,1,3
Petros Mantalos,0.07,0.07,50,0.73,0.03,0,0.53,0.17,0,0.1,0,0.23,0.13,0.2,14.57,78.95,4.83,62.07,0,0.03,0,0,0.03,0.03,0.17,0,40,45.63,0.73,1.1,30
Diadié Samassékou,0.1,0,40,0.3,0.05,0,1.2,0.6,0,0.75,0,0.25,0,0,21.05,82.9,3.6,57.78,0,0.3,0,0,0.05,0.05,0.1,0,57.14,56.79,0.6,0.8,20
Tasos Tsokanis,0.15,0.04,66.67,0.52,0.07,0,1.22,1.33,0,1.33,0,0.44,0.04,0.11,28.85,77.41,4.3,46.67,0,0.19,0,0,1.26,0.3,0.07,0,45.45,61.24,1.26,0.48,27
Juan Iturbe,0.12,0,54.35,1.06,0,0,1.12,0.55,0.03,0.27,0.03,0.21,0.03,0.03,15.3,72.87,4.91,54.29,0,0,0,0,0.7,0.03,0.12,0,48.72,56.25,1.94,0.85,33
Rubén Martínez,0.18,0,50,2.06,0,0,0.71,0.41,0,0.18,0,0.24,0.06,0,15.53,74.62,5,55.56,0,0,0,0,0.82,0.29,0.06,0,25,41.9,1.41,1.59,17
Nélson Oliveira,0.22,0.16,55.56,2.09,0.03,0,0.19,0.16,0,0.19,0,0.09,0.03,0.03,14.28,78.12,4.53,64.29,0,0.09,0,0,0.47,0.13,0.13,0,32.5,43.08,1.72,1.09,32
Theofanis Tzandaris,0,0.03,64.29,0.86,0,0,1.97,1.17,0.03,0.72,0,0.79,0,0.07,31.72,79.02,5.66,59.8,0,0.17,0,0,0.97,0.17,0.14,0,67.65,57.31,2.03,1.9,29
Bradley Mazikou,0,0,35,0.21,0,0,1.29,1.21,0.07,0.96,0,0.29,0.11,0.07,34.11,85.03,6.18,57.14,0,0.18,0,0,0.89,0.11,0.11,0,46.43,62.58,1.68,0.75,28
David Carmona,0,0,50,0.22,0,0,2.39,1.3,0.04,1.96,0,0.74,0,0.04,31.22,75.63,7.35,46.39,0,0.3,0,0,0.83,0.17,0.04,0,56,56.47,1,1.22,23
Frederico Duarte,0.04,0.04,38.46,1.04,0,0,1.8,0.76,0,0.28,0,0.44,0,0.04,16.92,66.67,4.2,43.86,0,0.04,0,0,0.84,0.2,0.12,0,50,58.47,1.8,1.04,25
Levan Shengelia,0.1,0,51.16,0.97,0,0,0.74,0.39,0,0.16,0,0.23,0.1,0.1,18.35,82.07,4.74,67.12,0,0.1,0,0,0.58,0.16,0.16,0,41.67,40,0.45,0.74,31
Harold Mosquera,0.08,0.08,33.33,1.08,0,0,0.17,0.08,0,0.08,0,0,0.17,0.08,11.17,81.34,5.25,57.14,0,0,0,0,0.42,0,0,0,100,59.38,1,0,12
Wajdi Kechrida,0.03,0,25,0.33,0,0,1.1,1.2,0,1.43,0,0.27,0.13,0.07,40.67,79.59,8.1,51.55,0,0.27,0,0,0.9,0.13,0.13,0,73.68,47.92,0.7,1.23,30
Federico Gino,0,0,66.67,1.31,0,0,1.81,1.75,0,0.81,0,1.06,0.06,0,43.31,81.39,8.13,54.9,0,0.19,0,0,0.69,0.25,0.44,0,53.85,45.08,1.06,2.13,16
Juan Muñiz,0.09,0.09,40,1.18,0,0,0.36,0.09,0,0.18,0,0.09,0.09,0,17.64,73.2,5.55,56.67,0,0,0,0,0.36,0.09,0.27,0,33.33,45.65,1.27,1.27,11
Ivan Näsberg,0.08,0,0,0.58,0,0,0.33,0.5,0,2,0,0,0,0,46.83,90.21,3.25,48.33,0,0.33,0,0,0.67,0.17,0.08,0,69.23,60.61,0.67,0.67,12
Guðmundur Þórarinsson,0,0,80,0.07,0,0,0.63,0.63,0,0.74,0,0.41,0.04,0.15,36.41,80.67,8.52,55.56,0,0.11,0,0,1,0.04,0.07,0,52.63,46.15,0.22,0.52,27
Ahmed Hassan,0,0,0,1,0,0,1,0,0,0,0,0,0,0,11,81.82,0,100,0,0,0,0,0,0,0,0,50,50,0,1,1
Christos Albanis,0,0,0,1,0,0,1,0,0,0,0,0,0,0,4,100,3,0,0,0,0,0,0,0,0,0,0,100,0,0,1
Dereck Kutesa,0,0,0,2,0,0,0,0,0,0,0,0,0,0,15,66.67,5,0,0,1,0,0,0,0,0,0,0,0,0,0,1
Konstantinos Doumtsios,0,0,0,2,0,0,0,0,0,0,0,0,0,0,15,66.67,5,0,0,1,0,0,0,0,0,0,0,0,0,0,1
Zymer Bytyqi,0,0,100,0.5,0,0,0,0,0,0,0,0,0,0,5,80,1.5,0,0,0,0,0,0,0,0,0,100,100,0.5,0,2
Régis,0,0,0,0,0,0,0.5,1,0,0,0,0,0,0,5.5,72.73,1.5,50,0,0,0,0,0,0,0,0,100,100,0,0,2
Michalis Bakakis,0,0,0,0.6,0,0,2,1,0,2.2,0,0.2,0,0,32.4,73.46,5.8,24,0,0.4,0,0,0.8,0.2,0,0,60,62.86,1.2,1,5
Sotiris Ninis,0,0.11,80,1.56,0,0,0.56,0.11,0,0,0,0.22,0.22,0,23.44,74.41,7.89,47.5,0,0,0,0,0.22,0,0,0,37.5,53.49,1.33,0.89,9
Ousseynou Ba,0,0,100,0.26,0,0,1.21,1.16,0,2.32,0.05,0.21,0.05,0,41.47,89.09,1.79,57.14,0,0.26,0,0,0.63,0.16,0.11,0,43.48,54.55,0.74,1.05,19
Assane Dioussé,0.09,0.03,50,0.52,0,0,1.18,0.79,0,0.42,0,0.64,0,0.03,41.76,86.43,8.48,70.71,0,0.15,0,0,1,0.09,0.09,0,65.22,53,1.45,1.21,33
Jerónimo Barrales,0.07,0.07,0,1.18,0,0,0.43,0.04,0,0.5,0,0.25,0.04,0,17.04,60.17,3.32,35.71,0,0.14,0,0,0.64,0.07,0.29,0,51.89,51.39,1.64,1.79,28
Facundo Sánchez,0.07,0,30,0.36,0,0,1.14,0.71,0,0.86,0,0.5,0,0,34.43,78.63,5.71,43.08,0,0.36,0,0,0.21,0,0.14,0,60,47.44,0.43,0.71,14
Dorin Rotariu,0.15,0.07,38.89,0.78,0.04,0,0.67,0.41,0.04,0.52,0,0.3,0.15,0,16.04,76.91,4.52,65.79,0,0.07,0,0,0.59,0.07,0.07,0,70.37,56.3,0.93,0.19,27
Paulo Vinícius,0.05,0,0,0.41,0.05,0,0.73,1.68,0,2.77,0,0,0.05,0,30.36,75.3,2.36,42.86,0,0.18,0,0,1.05,0.27,0.18,0.05,47.62,58.16,1,0.68,22
Javier Mendoza,0.2,0,12.5,1.3,0,5,0.9,0.7,0,0,0,0.2,0,0,22.4,78.57,6.4,76,0,0,0,0,0.7,0.2,0.3,0,66.67,46.91,2.7,1.9,10
Gerasimos Bakadimas,0,0,0,0.5,0,0,1,1.38,0,1.5,0,0.38,0,0,39,85.26,2.75,50,0,0.25,0,0,0.88,0,0,0,40,56.67,0.63,0.5,8
Epameinondas Pantelakis,0.04,0,50,0.32,0.04,0,0.92,1.4,0,3.8,0,0.16,0,0,39.08,78.4,3.28,47.32,0,0.04,0,0,0.92,0.36,0.12,0.04,60,59.63,0.88,1,25
Asier Benito,0.08,0,66.67,1.46,0,0,0.15,0,0,0.15,0,0,0,0,6.77,68.18,2.15,0,0,0,0,0,0.38,0.08,0,0,44,36.73,0.31,0.85,13
Christos Tasoulis,0,0.08,50,0.58,0,0,1.17,0.67,0,1.25,0,0.33,0.08,0.08,20.58,79.35,2.92,58.33,0,0.17,0,0,0.58,0.25,0,0,50,53.95,1.17,1,12
Stefan Schwab,0.1,0.03,60,0.65,0,0,0.71,0.48,0,0.58,0,0.29,0.1,0.03,33.06,81.85,7.61,63.31,0,0.13,0,0,0.45,0.13,0.19,0,52.27,47.06,0.77,1.13,31
Alexander Jeremejeff,0.1,0.1,40,1.6,0,0,0.1,0.2,0,0.4,0,0,0.2,0.2,11.9,63.87,3.2,100,0,0,0,0,0.5,0.2,0.1,0,42.11,34.55,0.8,1.3,10
Moses Odubajo,0.04,0,61.29,0.44,0,0,1.04,1.08,0.04,0.76,0,0.16,0.08,0.04,34.68,84.08,6.16,49.06,0,0.16,0,0,0.72,0.04,0.28,0,73.68,57.14,1.68,1.32,25
Rubén García,0,0,50,0.18,0,0,0.82,1.36,0,1.09,0,0.27,0,0,27.45,81.79,5.36,57.78,0,0.18,0,0,0.36,0.09,0.09,0,12.5,46.81,1.09,0.91,11
Panagiotis Liagas,0.05,0.05,0,0.4,0.05,0,0.85,1.45,0,3.6,0,0.15,0,0,23.65,56.45,2.1,34.6,0,0.2,0,0,0.75,0.2,0.1,0,48.78,60.49,0.6,0.3,20
Adam Tzanetopoulos,0,0,66.67,0.28,0,0,0.83,1.78,0,3.83,0,0.17,0,0,33.39,76.21,2.06,52.78,0,0.22,0,0,1.17,0.33,0.11,0,63.64,58.14,0.67,1.11,18
Adam Gnezda Čerin,0.03,0.09,56.52,1.06,0,0,0.85,0.65,0,0.18,0,0.35,0.12,0.03,38.65,86.68,11.47,74.04,0,0.29,0,0,0.35,0.03,0.12,0,35.48,38.53,0.94,1.91,34
Jeison Medina,0.13,0.13,71.43,0.88,0.13,0,0.13,0,0,0.13,0,0,0,0,16.75,70.15,4.75,53.33,0,0.13,0,0,0.75,0.13,0.25,0,29.63,43.14,1,0.5,8
Marvin Peersman,0,0,30,0.41,0,0,0.97,0.69,0.03,1.86,0,0.31,0.07,0.1,46.17,84.02,6.62,50.42,0,0.21,0,0,0.93,0.14,0.14,0,48.89,52.87,1.03,1.21,29
Matej Marković,0,0,100,0,0,0,0,0.07,0,1.07,0,0,0,0,22.21,50.16,0.29,30.05,2.64,0.14,0.07,0,1.07,0.21,0.14,0,100,100,0.5,0.07,14
Nicolas N'Koulou,0.06,0,100,0.12,0.06,0,0.59,1.18,0,1.65,0.06,0.12,0,0,40.29,90.51,1.41,58.82,0,0.18,0,0,0.88,0,0.06,0,44,41.94,0.29,1.12,17
Claudiu Balan,0.22,0.11,75,1,0.04,0,0.56,0.15,0,0.26,0,0.15,0,0,9.74,74.9,2.15,77.78,0,0.11,0,0,0.7,0.19,0.15,0,50,50.56,1.7,1.37,27
Youssef El Arabi,0.18,0.15,37.5,1.03,0,0,0.18,0.12,0,0.12,0,0.06,0.09,0.18,8.18,77.34,2.65,64.29,0,0.03,0,0,0.15,0.06,0.06,0,34.62,35.79,0.47,0.62,34
Tomás De Vincenti,0.17,0.13,33.33,1.17,0,0.69,0.67,0.46,0.04,0.13,0,0.13,0,0.04,19.04,73.09,4.92,48.98,0,0,0,0,0.96,0.21,0.29,0.04,41.67,47.62,0.92,1.04,24
Manssou Fofana,0.2,0,66.67,0.2,0,0,0,0.2,0,0,0,0.2,0,0,4.2,71.43,1.2,0,0,0,0,0,0.6,0,0,0,100,66.67,0.2,0,5
Giannis Anestis,0,0,0,0,0,0,0,0,0.05,0.43,0,0,0,0,25.05,61.6,1,36.54,3.19,0.1,0.24,0.05,1.33,0.29,0.1,0,100,50,0,0.05,21
Joan Sastre,0,0.04,61.54,0.54,0,0,0.88,1.21,0,0.67,0,0.17,0.08,0,29.04,79.34,5.71,52.44,0,0.42,0,0,0.46,0.17,0.29,0,54.55,52.8,1.08,1.21,24
Alfredo Mejía,0.03,0,100,0.28,0,0,1.97,1.03,0,0.66,0,0.41,0,0.07,29.59,74.94,4.07,39.46,0,0.1,0,0,0.97,0.21,0.17,0,56,56.61,1.17,1.76,29
Georgios Liavas,0.07,0.07,28.57,0.2,0,0,1.07,1.13,0,2.73,0,0.4,0.07,0,30.13,77.21,4.13,43.06,0,0.2,0,0,1.2,0.13,0.13,0,53.85,52.46,0.47,0.47,15
Kevin Rosero,0.18,0.09,48.39,1.36,0.05,0,0.55,0.55,0,0.27,0,0.18,0.05,0.09,14.32,66.98,4.32,28.57,0,0,0,0,1,0.36,0.05,0,31.03,42.48,1.36,0.86,22
Salem M'Bakata,0.04,0.04,50,0.35,0,0,0.91,0.87,0,0.65,0,0,0.04,0.04,28.22,81.05,5.26,41.07,0,0.17,0,0,0.74,0.17,0.04,0,50,59.26,1.09,0.43,23
Nadrey Dago,0.13,0,42.11,0.75,0.06,0,1.75,0.56,0,0.06,0,0.19,0,0,13,72.6,3.31,52.94,0,0,0,0,0.56,0.25,0.06,0,25,49.56,1.13,1.31,16
Stephen Kwabena Hammond,0.04,0,75,0.5,0,0,2.5,1.31,0.04,0.27,0,0.96,0,0,32.08,75.3,6.77,49.63,0,0.15,0,0,0.88,0.23,0.15,0,42.86,51.07,1.27,1.77,26
Leroy Abanda,0,0,60,0.2,0,0,0.8,1.73,0,1.67,0,0.53,0.07,0.07,24.93,66.31,3,25.35,0,0.2,0,0,1,0.33,0.07,0,53.85,50,0.6,0.87,15
Nikolaos Tsoukalos,0,0,100,0.43,0,0,0.43,0,0,0,0,0,0.14,0.29,5.29,70.27,1.71,33.33,0,0,0,0,0,0,0.14,0,33.33,50,0.14,0.29,7
Lefteris Lyratzis,0,0,57.14,0.64,0,0,0.86,0.29,0,0.86,0,0.21,0.07,0.14,29.07,80.34,6.86,43.9,0,0.21,0,0,0.5,0.07,0.07,0,45.45,53.45,0.71,0.71,14
Paolo Fernandes,0.15,0,33.33,1.07,0,0,0.78,0.33,0,0.15,0,0.19,0.07,0.22,18.41,82.7,6.7,59.38,0,0.15,0,0,0.52,0.19,0.15,0,66.67,35.8,0.7,1.11,27
Brandon Thomas,0.21,0.21,25,1.14,0.03,0,0.45,0.14,0,0.03,0,0.1,0.03,0,9.83,75.09,3.55,83.33,0,0,0,0,0.28,0.07,0.1,0,36.36,40.71,0.69,0.97,29
Triantafyllos Tsapras,0.08,0,40,0.5,0,0,1.19,1.81,0.04,2.23,0.04,0.46,0.04,0.08,29.58,69.57,4.88,36.31,0,0.23,0,0,1.23,0.23,0.12,0,50,53.52,0.81,0.62,26
Pedro Conde,0.2,0,0,1,0.2,0,0,0,0,1,0,0.2,0.2,0,9.2,67.39,1.2,100,0,0,0,0,1,0,0,0,50,37.5,1.4,0.8,5
André Ricardo,0,0,0,0,0,0,0.33,0,0,0,0,0,0,0,5.67,100,2,100,0,0,0,0,0,0,0,0,0,50,0,0.33,3
Andre Gray,0.25,0.19,20,1.41,0.03,0,0.22,0,0,0.09,0,0.06,0.16,0.06,8.28,72.45,2.56,77.78,0,0.03,0,0,0.59,0.09,0.13,0,17.39,28.04,0.53,1,32
Stavros Pilios,0,0,26.09,0.26,0,0,2.13,1.52,0,1.91,0,0.48,0.09,0.09,35.65,68.29,5.04,31.48,0,0.22,0,0,0.91,0.26,0.22,0,48.28,56.92,1.83,1,23
Cristian Ganea,0,0,100,0,0,0,0.44,0.33,0,0.78,0,0.11,0,0,15.44,82.73,1.78,56,0,0,0,0,0.11,0,0,0,75,80,0.89,0.11,9
Ognjen Ožegović,0.24,0.04,33.33,1.4,0.04,0,0.28,0.08,0,0.48,0,0.2,0,0,12.08,67.22,2.32,61.54,0,0.12,0,0,1.04,0.4,0.12,0,25,47.75,3.16,1.24,25
László Kleinheisler,0.13,0,50,1.07,0.07,0,1.07,0.27,0,0.07,0,0.4,0,0,12.87,80.31,3.47,40,0,0,0,0,0.13,0,0.07,0,50,55.36,0.73,0.6,15
Konstantinos Apostolakis,0,0.05,66.67,0.33,0,0,1.67,1.24,0,2.24,0,0.52,0,0,25.86,78.64,3.62,50,0,0.05,0,0,0.86,0.33,0.38,0,48.28,56.39,1.05,0.9,21
Juan Munafo,0.04,0,57.14,0.38,0,0,1.75,0.54,0,0.63,0,0.67,0.08,0,37.46,85.98,8.46,66.2,0,0.21,0,0,0.79,0.08,0.46,0,33.33,44.78,0.42,1.21,24
Sebá,0.09,0.18,61.9,1.36,0,0,1.14,0.41,0,0.77,0,0.23,0.05,0.05,16.82,63.24,5,60.71,0,0.09,0,0,0.91,0.14,0.09,0,38.46,48.55,0.86,0.95,22
Jacques-Alaixys Romao,0,0.03,88.89,0.13,0,0,1.65,1.68,0,1.77,0,0.35,0,0,40.61,83.88,4.42,56.65,0,0.19,0,0,1.32,0.23,0.29,0.03,53.57,64.18,1.77,1.23,31
Bojan Šaranov,0,0,0,0,0,0,0,0,0,0.4,0,0.05,0,0,21.3,56.1,0.95,38.64,2.7,0.25,0.05,0,1.4,0.15,0.05,0,100,75,0.15,0,20
Walter Iglesias,0,0,100,1,0,0,0.81,0.48,0,1.86,0,0.19,0.05,0,35,82.31,5.19,47.31,0,0.19,0,0,0.57,0.05,0.48,0,74.07,49.11,0.76,1.95,21
Giorgos Masouras,0.12,0.15,70,1.12,0.09,0,0.52,0.3,0,0.03,0,0.12,0.06,0.03,13.97,77.44,4.36,51.85,0,0,0,0,0.3,0.06,0.12,0,50,46.3,0.39,0.64,33
Diamantis Chouchoumis,0.04,0,66.67,0.37,0.04,0,0.96,1.89,0,1.89,0,0.37,0.04,0,31.26,71.56,4.37,48.51,0,0.22,0,0,1.19,0.22,0.11,0,63.41,55.26,0.89,1,27
Giorgos Nikas,0.2,0.1,50,0.73,0.1,0,1.1,0.83,0,0.57,0,0.33,0,0,18.3,69.03,4.07,56.9,0,0.1,0,0,0.8,0.23,0.17,0,45.92,41.57,0.73,2,30
Marios Vrousai,0,0,40,0.53,0,0,0.89,0.16,0,0.37,0,0.26,0,0,13.32,77.47,3.95,50,0,0.05,0,0,0.37,0.11,0.21,0,37.5,55.88,0.74,0.42,19
Maximiliano Lovera,0.08,0.04,74.19,1.04,0,0,0.71,0.33,0,0.29,0,0.25,0.04,0.04,18.54,72.58,4.46,53.66,0,0,0,0,0.88,0.17,0.08,0,10,49.61,0.96,0.63,24
Lazar Romanić,0,0,52.94,0.67,0,0,0.83,0.25,0,0.25,0,0.33,0.08,0,14.33,67.44,4.75,33.33,0,0,0,0,0.83,0.17,0.08,0,71.43,56.99,2,1.08,12
Kosmas Tsilianidis,0.09,0.09,0,0.45,0,0,0.36,0.18,0,0.18,0,0,0.09,0,10.82,68.91,3.36,42.86,0,0,0,0,0.18,0,0.18,0,45.45,42.86,0.27,0.55,11
Joel Graterol,0,0,0,0,0,0,0,0,0,1.2,0.2,0.4,0,0,24.6,65.04,0.8,34.85,2.4,0.4,0,0,0.8,0.2,0,0,100,50,0.2,0,5
Panagiotis Symelidis,0,0,75,0.73,0,0,0.91,0.45,0,0.27,0,0.27,0,0,20.36,84.38,3.73,22.22,0,0,0,0,1.18,0.18,0.18,0,50,63.33,2.09,0.82,11
Miloš Deletić,0.19,0,46.88,1.34,0.06,0,0.94,0.44,0.03,0.25,0,0.41,0.06,0.06,22.81,75.48,6.69,67.31,0,0.13,0,0,1.38,0.38,0.22,0.03,19.23,45.34,2.84,1.97,32
Georgios Vrakas,0.04,0.07,53.85,1.26,0,0.93,1.11,0.67,0,0.26,0,0.22,0,0.04,15.81,68.38,3.78,26.09,0,0.15,0,0,0.93,0.15,0.19,0,46.67,52.49,1.67,1.22,27
Sito,0.08,0.08,43.33,1.04,0,0,0.96,0.12,0.04,0.12,0,0.15,0.04,0.04,17.54,81.8,6.08,75.86,0,0,0,0,0.69,0.04,0.15,0,33.33,50.7,1.12,0.65,26
Richmond Boakye,0.13,0,0,1,0.13,0,0,0,0,0.13,0,0,0,0,7.88,69.84,1.38,50,0,0,0,0,0.5,0,0,0.13,50,43.75,0.5,0.5,8
Juan Angel Neira,0.13,0.07,28.57,1.13,0.07,0,0.33,0,0,0,0,0.2,0.07,0.07,16.87,77.87,6.73,83.33,0,0,0,0,0.4,0,0.4,0,45.45,35.9,0.93,1.2,15
Giannis Kiakos,0,0,50,0.75,0,0,2,2,0,0.88,0,0.25,0,0,29.13,73.82,7,43.75,0,0,0,0,1.38,0.25,0.13,0,36.36,48.44,1,1.38,8
Alexandros Lolis,0,0,60,0.82,0,0,1.27,0.64,0,0.45,0,0,0,0,9.82,71.3,3.27,46.67,0,0,0,0,0.64,0,0.09,0,75,56,0.73,0.45,11
Giorgos Pamlidis,0.21,0.11,64.71,1.21,0.04,0,0.68,0.54,0,0.32,0,0.25,0.04,0.04,16.54,71.71,4.36,44.12,0,0.04,0,0,0.75,0.32,0.14,0,37.5,37.7,1.21,1.36,28
Jacob Une Larsson,0,0,0,0.19,0,0,0.94,1.16,0,2.68,0,0.19,0.03,0.03,43.32,83.92,1.94,44.54,0,0.13,0,0,1.26,0.29,0.1,0,59.57,59.43,0.19,0.65,31
Garry Rodrigues,0.11,0.11,60,0.78,0,0,0.11,0,0,0,0,0.06,0.06,0.06,7.78,77.86,2.94,66.67,0,0,0,0,0.28,0,0,0,0,39.29,0.33,0.5,18
Francesc Regis,0.13,0.17,42.31,1.35,0,0,0.35,0.26,0,0.43,0,0.17,0.13,0.09,21.96,75.64,5.13,53.85,0,0.09,0,0,0.7,0.13,0.17,0,52.38,42.06,1.04,0.87,23
Panagiotis Tzimas,0,0,44.44,0.71,0,0,1.14,0.68,0,0.39,0,0.43,0.07,0.07,12.64,69.21,2.96,37.5,0,0.07,0,0,0.82,0.11,0.14,0,47.83,57.59,1.96,0.57,28
August Erlingmark,0.08,0.04,66.67,0.29,0.04,0,1.25,1.04,0,0.88,0,0.58,0,0,26.08,81.79,3.42,63.41,0,0.17,0,0,0.63,0,0.25,0.04,33.33,41.79,0.58,1.46,24
Luiz Phellype,0.11,0,0,1.11,0,0,0.22,0,0,0,0,0,0,0,9.11,93.9,3.33,100,0,0,0,0,0.56,0,0.11,0,14.29,28.57,0.56,0.78,9
Miguel Ángel Guerrero,0,0.09,66.67,2,0,0,0.45,0.18,0,0.18,0,0.27,0.09,0.18,16.45,82.87,6.09,50,0,0.09,0,0,1.09,0.09,0.09,0,16.67,34.62,0.64,0.91,11
Pipa,0,0,0,0.45,0,0,0.55,0.64,0.09,0.64,0,0,0,0.09,33.36,85.29,7.64,56.25,0,0.27,0,0,0.27,0.09,0.09,0,0,28.57,0.36,1,11
Philip Zinckernagel,0,0,0,2,0,0,0,0,0,0,0,2,0,0,30,86.67,15,0,0,0,0,0,0,0,0,0,0,14.29,1,3,1
Edwin Rodríguez,0,0,0,0,0,0,0,0,0,0,0,0,0,0,3,66.67,0,0,0,0,0,0,0,0,0,0,0,0,0,0,1
Michalis Kosidis,0,0,0,0.5,0,0,0,0,0,0,0,0,0,0,2.5,60,0,0,0,0,0,0,0.5,0,0,0,100,100,0,0,2
Vasilios Gordeziani,0,0,0,0.5,0,0,0.5,0,0,0.5,0,0,0,0,3.5,57.14,0.5,0,0,0,0,0,0,0,0,0,0,66.67,0.5,0,2
Sarantis Tselebakis,0,0,0,0,0,0,0,0,0,1,0,0,0,0,1.5,66.67,0,0,0,0,0,0,0.5,0,0,0,0,0,0,0,2
Tomáš Vaclík,0,0,0,0,0,0,0,0,0,0.4,0,0.2,0,0,18.6,81.72,0.6,58.97,0.8,0.4,0,0,0.6,0.2,0,0,0,0,0,0,5
Kaiyne Woolery,0,0,60,0.89,0,0,0.33,0.11,0,0.11,0,0.11,0,0,5.89,69.81,2,50,0,0,0,0,0.22,0.11,0.11,0,41.67,46,1.33,1,9
Patrick Bahanack,0,0,0,0.2,0,0,0.67,1.27,0,2,0,0,0,0,34.47,75.24,3.53,36.45,0,0.2,0,0,0.87,0.13,0.07,0,33.33,61.22,0.93,0.53,15
Giorgos Vagiannidis,0,0,47.06,0.37,0,0,0.84,0.37,0,0.37,0,0.37,0,0,19.47,85.14,4.68,55.17,0,0.11,0,0,0.11,0.05,0,0,57.14,51.81,0.58,0.58,19
Rafael Camacho,0.08,0.16,80,1.04,0,0,0.24,0.04,0,0.08,0,0.04,0.12,0.08,9.72,78.6,3.04,62.5,0,0,0,0,0.28,0.04,0.12,0,10,41.27,0.28,0.52,25
Dimitrios Metaxas,0,0,100,0.38,0,0,1.1,1.1,0,0.76,0,0.52,0,0,17.67,81.94,2.81,67.39,0,0.1,0,0,0.95,0.14,0.19,0,44.44,50.75,0.24,0.67,21
Hugo Sousa,0,0.06,0,0.39,0,0,0.94,1,0,2.28,0,0.28,0,0,25.83,86.24,1.39,62.86,0,0.11,0,0,1,0.28,0.06,0,53.57,51.28,0.44,1.17,18
Bryan Dabo,0.04,0.04,50,0.41,0,0,0.59,0.52,0,0.37,0.04,0.11,0.07,0.07,28.44,82.16,5.7,50,0,0.04,0,0,0.7,0.11,0.19,0.04,66.67,61.64,1.52,0.85,27
Georgios Valerianos,0.04,0,57.14,0.13,0,0,1.17,1.67,0.13,1.46,0,0.58,0.04,0.08,35.58,69.67,6.67,38,0,0.25,0,0,1.25,0.25,0.38,0.04,68.75,42.41,0.67,2.33,24
Giannis Bouzoukis,0,0,80,0.57,0,0,0.67,0.29,0,0.1,0,0.05,0.05,0.05,11.1,82.4,3.81,53.85,0,0,0,0,0.48,0.14,0.05,0,37.5,53.73,0.71,0.48,21
Cristopher Nunez,0.1,0.03,48.78,0.48,0.03,0,1.48,0.55,0,0.34,0,0.48,0.07,0,21.07,80.69,5.86,75,0,0.03,0,0,0.97,0.24,0.24,0,48.65,52.53,2.62,1.59,29
Dimitris Konstantinidis,0,0,0,0.44,0,0,1.33,0.78,0,0.56,0,0.56,0,0,27.78,74,3.44,44.19,0,0.11,0,0,1,0.11,0.44,0,50,41.67,0.11,1.44,9
Daniel Adejo,0,0,0,0.19,0,0,0.69,1.31,0,3.56,0,0.06,0,0,38.5,78.08,3.25,46.51,0,0.25,0,0,1.38,0.13,0.13,0,56.1,58.33,0.56,0.75,16
Petros Giakoumakis,0,0,12.5,1,0,0,1,0.21,0,0.07,0,0.14,0.07,0.07,12,70.83,2.86,63.64,0,0,0,0,1,0,0,0,37.04,41.43,0.43,0.79,14
Ahmad Mendes Moreira,0.03,0.06,31.43,0.9,0,0,0.26,0.29,0.03,0.32,0,0.26,0.19,0.16,14.65,59.69,3.61,35.42,0,0.03,0,0,0.84,0.16,0.23,0,34.48,33.81,1.03,1.32,31
Viðar Örn Kjartansson,0.19,0.16,0,1.23,0.03,0,0.1,0.03,0,0.06,0,0.03,0.03,0,7.58,75.32,1.35,58.33,0,0,0,0,0.55,0.06,0.03,0,37.5,40.43,0.74,0.58,31
João Pedro Silva,0.17,0.07,25,0.47,0.03,0,0,0.03,0,0.07,0,0.03,0.1,0.03,6.7,72.64,1.63,85.71,0,0,0,0,0.53,0.1,0.03,0,40,39.8,0.7,0.63,30
Georgios Koutsias,0.15,0,25,0.6,0,0,0.35,0.2,0,0.45,0,0.25,0.05,0.05,9.3,75.81,2.45,42.86,0,0.1,0,0,0.4,0.15,0.05,0,52.17,36.9,0.45,0.65,20
Christos Shelis,0,0,66.67,0.25,0,0,0.39,1.39,0.04,3.36,0,0.29,0,0,38.43,82.9,1.86,53.3,0,0.25,0,0,1.11,0.32,0.29,0,64.29,46.46,0.64,1.21,28
Georgios Tzovaras,0.12,0.04,66.67,0.4,0,0,0.32,0.16,0,0.32,0,0.24,0,0,4.28,58.88,1.16,45.45,0,0,0,0,0.16,0.04,0.08,0,61.11,43.06,0.32,0.68,25
Angelos Liasos,0.09,0,50,0.3,0,0,0.91,0.78,0,0.83,0,0.26,0,0,16.13,76.01,3.26,56.25,0,0.09,0,0,0.83,0.17,0.17,0,40,54.81,1.17,0.74,23
Bandiougou Fadiga,0.04,0,66.67,0.71,0,0,1.04,0.46,0,0.07,0,0.36,0.04,0.04,28.75,80.5,6.46,60,0,0.04,0,0,0.93,0.14,0.32,0,41.18,49.82,2.07,1.5,28
Fiorin Durmishaj,0.08,0,0,0.92,0,0,0.42,0.25,0,0.25,0,0.08,0,0,11.33,63.97,2.92,75,0,0,0,0,0.5,0.08,0.08,0,39.13,32.2,0.5,1.42,12
Jorge Díaz,0,0,59.09,0.43,0,0,1.25,0.5,0,0.64,0,0.43,0.04,0.14,26.11,81.81,5.82,63.3,0,0.14,0,0,1.07,0.32,0.14,0.04,28,53.13,2.29,1.46,28
Benjamin Verbič,0.08,0,24.14,0.92,0.04,0,0.69,0.23,0,0.12,0,0.08,0.08,0.04,11.04,76.31,3.12,71.43,0,0.04,0,0,0.15,0,0.08,0,38.89,42.21,1.27,1.19,26
Lefteris Choutesiotis,0,0,0,0,0,0,0,0.03,0.03,0.24,0,0.03,0,0,20.88,59.22,1.09,38.64,2.55,0.24,0.24,0,1.3,0.24,0.03,0,100,80,0.15,0.03,33
Marios Siabanis,0,0,0,0,0,0,0,0.2,0,0.6,0,0,0,0,30.8,63.64,1,37.5,2.8,0,0.2,0,1.2,0.2,0,0,100,100,0.6,0,5
Antonis Tsiftsis,0,0,100,0,0,0,0,0.14,0,0.57,0,0.14,0,0,24.14,69.23,1.14,37.04,2.14,0.14,0,0,1,0.14,0.14,0,100,83.33,0.29,0,7
Petros Bagalianis,0,0,0,0.5,0,0,1.25,0.88,0,1.25,0,0,0,0,27.25,86.24,2.63,60,0,0,0,0,1.38,0.5,0.13,0,27.27,58.06,0.75,0.5,8
Cheick Doukouré,0,0,50,0.44,0,0,1.06,1.19,0,0.81,0,0.44,0,0.06,27.38,89.73,3.88,78.79,0,0.19,0,0,0.94,0.06,0.25,0,33.33,34.62,0.25,1.44,16
Luis Perea,0.04,0.04,70.59,0.65,0.04,0,0.69,0.69,0,0.88,0,0.27,0.04,0,25.38,81.36,6,64.71,0,0.12,0,0,0.81,0.04,0.23,0,57.14,51.43,1.42,1.42,26
Facundo Bertoglio,0,0.05,52.17,0.68,0,0,0.68,0.32,0,0.14,0,0.18,0.05,0.05,12.41,72.16,3.95,50,0,0,0,0,0.45,0.14,0.09,0,16.67,48.78,1.45,1,22
Johan Martensson,0,0,100,0.15,0,0,0.7,1.11,0.07,0.81,0,0.41,0,0,22.93,81.42,3.37,62.2,0,0.15,0,0,0.93,0.22,0.15,0,56.82,53.57,1.11,1.41,27
Vykintas Slivka,0.03,0,53.33,0.41,0,0,0.69,0.69,0,0.9,0,0.21,0,0,29.07,70.58,5.66,42.72,0,0.07,0,0,1,0.17,0.17,0,57.83,50,0.9,1.34,29
Sebastian Grønning,0.13,0.13,100,0.63,0,0,0,0.13,0,0.13,0,0.13,0,0,5.13,68.29,1,0,0,0,0,0,0.13,0,0,0,30,23.53,0,0.75,8
Giannis Kargas,0,0,0,0.63,0,0,1.13,1.63,0,1.75,0,0.25,0.13,0.25,64.5,91.09,5.5,68.18,0,0.13,0,0,0.75,0.25,0.25,0.13,81.82,74.36,1.38,0.75,8
Sebastian Mladen,0,0,33.33,0.26,0,0,1.16,1.23,0.06,1.84,0,0.45,0.03,0.03,37,78.81,3.55,51.17,0,0.16,0,0,1.16,0.26,0.32,0,55,46.45,0.45,1.55,31
Nicolás Mezquida,0.04,0.04,30,0.78,0,4.35,0.74,0.17,0,0.17,0,0.3,0.09,0.09,12.7,81.16,3.91,80,0,0,0,0,0.43,0.13,0.17,0,37.5,42.05,0.61,1,23
Giorgos Kosteas,0.09,0,75,0.09,0.09,0,0.18,0,0,0,0,0,0,0,4.55,64,1.09,0,0,0,0,0,0.27,0.09,0.36,0,50,51.22,0.45,0.55,11
Marios Tzavidas,0.06,0.03,25,0.42,0.03,0,0.13,0.13,0,0.19,0,0.06,0.03,0.06,4.97,71.43,1.03,85.71,0,0,0,0,0.26,0.06,0,0,39.39,39.76,0.48,0.35,31
Gerónimo Bortagaray,0,0,0,0.17,0,0,0.83,0.33,0,1,0,0.17,0,0,21.67,82.31,0.83,52.94,0,0,0,0,0.67,0.17,0,0,0,42.86,0.17,0.67,6
Nikolai Alho,0.03,0,75,0.29,0,0,0.85,0.76,0.03,1.35,0,0.18,0.06,0.09,34.26,74.59,5.85,45.86,0,0.24,0,0,1.38,0.32,0.06,0.06,65.38,58.11,1.06,1.21,34
Stavros Panagiotou,0.05,0,0,0.68,0,0,1.16,0.89,0,0.63,0,0.37,0,0,16.95,64.6,3.21,24.44,0,0.16,0,0,0.79,0.21,0.26,0,50,54.12,0.84,0.47,19
Konstantinos Balogiannis,0.04,0.04,23.08,0.65,0,0,1.04,0.91,0,0.57,0,0.35,0.13,0.09,25.96,70.69,5.39,40,0,0.13,0,0,1,0.09,0.22,0,41.67,34.48,0.35,1.61,23
Alexandros Voilis,0,0,0,0.67,0,0,0,0,0,0,0,0,0.33,0,6.33,63.16,1,0,0,0,0,0,0.33,0,0.33,0,44.44,38.46,0.33,0.33,3
Nikolaos Zouglis,0,0,62.5,0.67,0,0,0.83,0.33,0,0.5,0,0.5,0,0,9.33,66.07,2.5,100,0,0,0,0,0.5,0.17,0,0,14.29,51.16,1,0.33,6
Christos Eleftheriadis,0.08,0.08,66.67,0.63,0.04,0,0.25,0.33,0,0.13,0,0.04,0,0,6.42,72.08,1.5,57.14,0,0.04,0,0,0.46,0.04,0.17,0,16.67,40.68,0.54,0.63,24
Paschalis Staikos,0,0,0,0.5,0,0,0.3,0.1,0,0.1,0,0.1,0,0,13.6,87.5,2.2,66.67,0,0,0,0,0.2,0.1,0.1,0,50,45.45,0,0.3,10
Emanuel Šakić,0,0,38.46,0.35,0,0,2.04,1.23,0,1.04,0,0.69,0.04,0,24.42,68.03,4.85,36.71,0,0.19,0,0,0.92,0.15,0.23,0,45,48.44,1.35,2.23,26
Samúel Kári Friðjónsson,0.07,0.14,57.14,0.75,0,0,0.29,0.11,0,0.32,0,0.36,0.04,0,11.96,80.9,2.68,62.5,0,0,0,0,0.43,0.07,0.11,0,66.67,48.72,0.64,0.43,28
Caleb Stanko,0.05,0,71.43,0.25,0.05,0,1.15,0.7,0,0.45,0,0.45,0,0,22.8,81.14,3.15,59.32,0,0.1,0,0,0.75,0.15,0.15,0.05,62.5,48.51,0.6,1.5,20
Nikola Stajić,0,0,100,0.75,0,0,2,1,0,2,0,0.75,0,0,28,63.39,4,33.33,0,0,0,0,1.25,0.25,0,0,33.33,62.5,1,0.25,4
Adrián Riera,0.04,0,60,0.57,0,4.35,1.04,0.09,0,0.13,0,0.39,0.09,0.09,16.78,76.17,5.57,68,0,0,0,0,0.74,0,0.04,0.04,33.33,51.55,0.52,0.48,23
Vasilios Soulis,0,0,0,0,0,0,0,0,0,0.89,0,0,0,0,19.89,76.54,0.22,43.48,2.22,0.11,0,0,1.22,0.22,0.22,0,50,50,0.11,0.11,9
Michaell Chirinos,0.07,0.14,40,0.93,0,0,1.14,0.29,0,0.43,0,0.57,0,0.14,20.21,80.57,6.71,46.67,0,0.07,0,0,1.36,0.29,0.07,0,14.29,45.54,1.79,1.5,14
Jonas Toró,0,0.07,62.5,0.71,0,0,0.79,0.79,0,0.14,0,0.07,0,0.07,10.71,74.67,2.64,50,0,0,0,0,0.64,0,0,0,45.45,40.28,0.57,1.57,14
Adrian Petre,0,0,0,0.2,0,0,0.2,0.2,0,0,0,0,0.2,0,7.8,71.79,1.8,0,0,0,0,0,0.6,0,0,0,50,38.46,0.4,1,5
Thievy Bifouma,0,0.09,50,0.27,0,0,0,0.09,0,0,0,0.18,0.27,0.27,11.18,78.86,4.73,50,0,0,0,0,0.27,0.09,0,0,80,38.89,0.36,0.36,11
Gonzalo Paz,0,0,75,0.5,0,0,1.92,1.58,0.17,3.08,0,0.08,0,0,23.42,61.57,2.75,30.86,0,0.17,0,0,1.33,0.25,0.42,0,56,60.81,0.42,1.25,12
Fabien Antunes,0,0,0,0.17,0,0,0.39,1.28,0,0.89,0,0.17,0,0,24.61,82.62,1.83,59.72,0,0.06,0,0,1.11,0.22,0.28,0,62.5,54.84,0.28,0.33,18
Dani Santafé,0,0,66.67,0.14,0,0,0.36,0.36,0,0.21,0,0.21,0,0,17.14,87.5,4.21,70.83,0,0,0,0,0.64,0,0.21,0,57.14,47.17,1.07,1.07,14
Apostolos Stamatelopoulos,0,0.06,0,0.41,0,0,0.24,0.06,0,0.12,0,0.06,0,0.06,5.71,70.1,1.71,100,0,0,0,0,0.53,0.12,0,0,39.13,43.75,0.47,0.53,17
Danny Bejarano,0.04,0,66.67,0.65,0,0,0.74,0.74,0,0.7,0,0.22,0.04,0.04,26.52,77.05,4.3,57.55,0,0.17,0,0,0.78,0,0.3,0.04,59.09,46.02,1,1.65,23
Abdoulaye Dabo,0,0,53.85,0.33,0,0,0.22,0.56,0,0.22,0,0.11,0.11,0.11,23.78,76.17,6.78,59.09,0,0.11,0,0,0.89,0.11,0.22,0,42.86,45.65,1,0.56,9
Dimitrios Kolovos,0.1,0.07,53.33,0.93,0,0,0.62,0.31,0,0.38,0,0.55,0.03,0.1,15.34,76.85,3.24,58.82,0,0,0,0,1.1,0.17,0.24,0,33.33,48.26,1.9,1.1,29
Konstantinos Galanopoulos,0,0,50,0.25,0,0,0.25,0.25,0,0.17,0,0.08,0,0,7.92,84.21,1,54.55,0,0,0,0,0.08,0,0,0,0,42.86,0.17,0.42,12
Themistoklis Tzimopoulos,0,0,0,0.19,0,0,0.75,0.81,0.06,1.88,0,0,0,0,23.31,79.36,1.31,43.84,0,0.13,0,0,0.56,0.19,0.19,0.06,70.83,61.82,0.31,0.88,16
David Simón,0,0,30.3,0.32,0,0,1.42,1.19,0,1.97,0,0.32,0.06,0.13,35.45,69.06,6,36.06,0,0.23,0,0,1.19,0.23,0.26,0,64,46.56,1,1.71,31
Kazenga LuaLua,0,0,36.36,0.78,0,0,0.28,0.44,0,0.22,0,0.06,0.06,0,9,70.99,2.44,55.56,0,0,0,0,0.56,0.11,0,0,30.77,58.33,2.39,0.61,18
Zinédine Machach,0.09,0.04,66.67,0.7,0,0,0.65,0.09,0,0.17,0,0.04,0,0.09,15.74,74.03,4.09,53.85,0,0,0,0,0.7,0.17,0.09,0.04,87.5,48.84,0.52,0.87,23
Michal Škvarka,0.07,0,100,0.27,0,0,0.13,0.07,0,0.33,0,0.13,0.07,0,8.87,72.93,2.73,45.45,0,0,0,0,0.4,0.07,0.13,0,14.29,42.11,0.8,0.6,15
Alexandros Kartalis,0,0,33.33,0.19,0,0,0.56,0.19,0,0,0,0.31,0.06,0.06,5.94,80,1.5,80,0,0,0,0,0.25,0,0.13,0,50,42.42,0.19,0.38,16
Theodosis Macheras,0,0,0,1,0,0,0,0,0,0,0,0,0,0,10,100,7,0,0,0,0,0,0,0,0,0,0,0,0,0,1
Odysseas Lymperakis,0,0,0,0,0,0,0,0,0,1,0,0,0,0,4,75,0,50,0,0,0,0,0,0,0,0,0,0,0,0,1
Mattheos Mountes,0,0,0,0,0,0,0,0,0,0,0,0,0,0,11,90.91,0,0,0,0,0,0,0,0,1,0,0,0,0,1,1
Zini,0,0,0,0,0,0,0.5,0,0,0,0,0,0,0,1.5,100,1.5,0,0,0,0,0,0,0,0,0,100,100,0,0,2
Ivan Demydenko,0,0,0,0,0,0,0.5,0,0,0,0,0,0,0,1.5,66.67,0.5,0,0,0,0,0,0,0,0,0,0,50,0,0.5,2
Giannis Apostolakis,0,0,100,0.33,0,0,0.33,0,0,0,0,0,0,0,6.67,65,2,100,0,0,0,0,0,0,0,0,66.67,44.44,0,1,3
Josh Bowler,0,0,100,0.5,0,0,0.75,0.25,0,0,0,0,0,0,9.75,69.23,2.5,25,0,0,0,0,0.75,0,0,0,0,71.43,0.25,0,4
Marcelo,0,0,50,0.4,0,0,0.4,0.4,0,0.6,0,0.2,0,0,14,75.71,3.8,50,0,0,0,0,0,0,0,0,0,50,0.2,0,5
Anastasios Karamanos,0,0,100,0,0,0,0.11,0.56,0,0.22,0,0.22,0,0,9.89,73.03,2.89,25,0,0,0,0,0.44,0.22,0,0,58.33,51.85,0.56,0.56,9
Bakary Sako,0,0,50,1,0,0,0.1,0.1,0,0,0,0,0,0,6,71.67,1.6,100,0,0,0,0,0.3,0.1,0.1,0,17.65,24.24,0.3,0.5,10
Daan Rienstra,0.05,0.05,42.86,0.62,0,0,0.86,0.71,0,0.33,0,0.38,0.05,0,17,78.43,4.29,63.64,0,0.1,0,0,0.71,0.24,0.1,0,23.08,39.53,0.48,1,21
Enzo Gaggi,0.07,0,38.46,0.4,0,0,1.2,1.07,0,0.27,0,0.6,0.07,0.13,24.07,77.84,5.73,42.31,0,0.07,0,0,1.87,0.33,0.47,0,46.67,40.37,0.93,2,15
Tymoteusz Puchacz,0,0,28.57,0.38,0,0,0.15,0.15,0,0.31,0,0.08,0,0,10.08,85.5,3.15,75,0,0.08,0,0,0.08,0,0.08,0,0,34.78,0.31,0.38,13
Jonathan Morsay,0.04,0,38.46,0.75,0,0,0.63,0.58,0,0.13,0,0.38,0.08,0.08,9.42,75.66,2.96,52.38,0,0,0,0,0.83,0.04,0.08,0,33.33,38.93,1.38,1,24
Cican Stanković,0,0,0,0,0,0,0,0,0,0.17,0,0,0,0,23.5,80.14,0.83,59.65,1,0.5,0.5,0,0.5,0.17,0,0,0,0,0,0.17,6
Gervinho,0.09,0.18,11.11,0.82,0,0,0.09,0,0,0.09,0,0,0,0,12.91,83.8,6,100,0,0,0,0,0.18,0.09,0,0,0,18.18,0.18,0.18,11
Enis Çokaj,0,0,20,0.35,0,0,0.4,0.2,0,0.25,0,0,0,0,9.75,83.08,2.1,69.57,0,0,0,0,0.15,0,0,0.05,66.67,57.14,0.25,0.3,20
Giorgos Xenidis,0,0,50,0.29,0,0,0.36,0.21,0,0.43,0,0.14,0,0.07,12.93,78.45,2.93,41.18,0,0,0,0,0.43,0.29,0.07,0,33.33,47.06,0.43,0.43,14
Lazaros Christodoulopoulos,0,0,75,0.46,0,0,0.08,0.15,0,0.46,0,0.15,0,0,8.38,83.49,2.31,72.73,0,0,0,0,0.62,0.08,0.23,0,50,50,0.92,0.62,13
Juha Pirinen,0,0.04,0,0.13,0,0,0.42,0.88,0.04,1.71,0,0.04,0,0,23,81.34,1.21,51,0,0.13,0,0,1.42,0.17,0.04,0,92.31,66.67,0.67,0.67,24
Antonio Luna,0.06,0.03,70,0.27,0,0,0.85,0.76,0.03,1.03,0,0.27,0,0.03,31.64,80.27,5.42,58.04,0,0.24,0,0,1.24,0.3,0.18,0,53.85,53.08,0.64,0.7,33
Stefanos Tzimas,0.25,0.25,50,0.5,0.25,0,0.25,0,0,0,0,0,0,0,2,50,0.75,0,0,0,0,0,0,0,0,0,100,33.33,0,1,4
Tomasz Kędziora,0.13,0.13,0,0.5,0,0,0.25,0.5,0,1,0,0.63,0,0,40.13,86.29,5.63,60.47,0,0.25,0,0,0.88,0.5,0,0,66.67,47.62,0.5,0.5,8
Cristian Battocchio,0,0,0,0,0,0,0,0,0,0,0,0,0,0,7,96.43,2.25,100,0,0,0,0,0,0,0,0,0,50,0.25,0,4
Giorgos Prountzos,0,0,0,0.4,0,0,0.2,0,0,0,0,0.2,0,0,12.2,91.8,1.8,100,0,0,0,0,0.2,0.2,0,0,66.67,57.14,0.2,0,5
Filipe Soares,0.05,0,41.67,0.2,0,0,0.35,0.25,0,0.2,0,0.25,0.05,0.05,15.85,83.91,3.4,62.5,0,0,0,0,0.25,0.15,0.15,0,0,35.09,0.4,0.9,20
Nicolás Quagliata,0,0,0,0,0,0,0.67,0,0,0,0,0,0,0,3.67,63.64,1,100,0,0,0,0,0,0,0,0,0,40,0,0.33,3
Bruce Kamau,0,0,0,0,0,0,0,0,0,0,0,0,0,0,7.67,78.26,1.67,50,0,0,0,0,0,0.33,0,0,100,75,0.67,0.33,3
Reagy Ofosu,0,0,66.67,0.33,0,0,0.33,0.33,0,0,0,0,0,0,8,70.83,1.33,100,0,0,0,0,1,0.33,0,0,0,42.86,0,0.33,3
Rachid Bouhenna,0,0,100,0,0,0,0,1,0.2,0.4,0,0,0,0,14.4,76.39,1.2,47.37,0,0,0,0,0.4,0,0.2,0.2,66.67,69.23,0.8,0.4,5
Javier Matilla,0,0,100,0.15,0,0,0.38,0.38,0.08,0.38,0,0.23,0,0,11.92,80.65,2.54,80,0,0,0,0,0.69,0.08,0.23,0,75,57.58,0.77,0.62,13
Omar El Kaddouri,0,0,45.45,0.43,0,0,0.26,0.3,0,0.13,0,0.09,0,0,16.78,86.01,5.48,62.96,0,0,0,0,0.43,0.04,0.13,0.04,85.71,50.7,0.87,0.43,23
Anthony Belmonte,0.07,0,100,0.6,0,0,0.67,0.27,0.07,0.2,0,0.13,0,0.07,15.73,80.08,3.13,52.63,0,0.07,0,0,0.73,0.13,0.47,0,83.33,44.68,0.27,1.47,15
Ui-Jo Hwang,0,0.2,0,0.6,0,0,0.2,0,0,0,0,0,0.2,0.2,5.2,76.92,1.4,100,0,0,0,0,0.4,0.2,0,0,0,27.27,0.4,0.6,5
Pape Cheikh,0,0,0,0.2,0,0,0.4,0.4,0,0.2,0,0,0.1,0,18.1,87.85,3.7,75,0,0,0,0,0.6,0,0.2,0,42.86,44.12,0.8,0.8,10
Konstantinos Giannoulis,0,0,0,0,0,0,0.4,0.9,0,1,0,0.1,0,0,31.1,80.71,3,51.92,0,0,0,0,1,0,0.1,0,45.45,53.57,0.6,0.4,10
Diego Biseswar,0,0.04,16.67,0.44,0,0,0.16,0.12,0,0.04,0,0.12,0.04,0,16.04,80.8,6.52,66.67,0,0,0,0,0.32,0.12,0.04,0,60,43.55,0.76,0.6,25
Angelos Tsingaras,0,0,100,0,0,0,0,0,0,0.33,0,0,0,0,14.33,81.4,2.33,33.33,0,0,0,0,0,0.33,0,0,100,71.43,0.33,0.33,3
Kyriakos Aslanidis,0,0,0,0,0,0,2.2,0.6,0,4.2,0,0,0,0,19.8,69.7,0.4,40,0,0,0,0,2.4,0,0,0,0,92.31,0.2,0,5
Giannis Theodosoulakis,0,0,0,1,0,0,0,0.17,0,0.17,0,0.17,0,0,3.33,75,1,0,0,0,0,0,0.33,0,0,0,50,31.82,0.83,1.17,6
Ilias Chatzitheodoridis,0,0,50,0.11,0,0,0.83,1.33,0,1.33,0,0.11,0,0,15.89,64.34,2.89,31.03,0,0,0,0,1.06,0.33,0.22,0,80,60.32,0.83,0.94,18
Anthony Knockaert,0.11,0.11,50,0.89,0,0,0.89,0.22,0,0.11,0,0.11,0,0,17.56,77.85,5.67,50,0,0,0,0,0.89,0.22,0.22,0,0,39.53,0.33,1,9
Sotiris Tsiloulis,0.08,0,40.63,1.58,0,0,1.04,0.42,0,0.27,0,0.27,0.04,0.04,15.27,67.51,4.38,50,0,0.08,0,0,0.96,0.23,0.23,0,44.44,40.56,1.12,1.73,26
Stefan Stojanović,0,0,0,0,0,0,0,0.13,0,0.88,0,0,0,0,20.88,52.69,0,33.61,1.63,0.38,0.25,0,1.38,0.25,0,0,0,100,0.38,0,8
Vasilios Athanasiou,0,0,0,0,0,0,0,0,0,0.89,0.11,0,0,0,23.22,66.99,0.44,33.33,2.78,0.11,0.22,0,1.33,0.56,0.11,0,0,100,0.22,0,9
Stavros Vasilantonopoulos,0,0.08,33.33,0.42,0,0,0.67,0.75,0,0.5,0,0.17,0,0,12.67,69.74,1.75,43.75,0,0.08,0,0,0.83,0.08,0,0,33.33,57.89,1,0.33,12
Stefan Aškovski,0,0.13,25,0.38,0,0,0.44,0.06,0,0,0,0.06,0.06,0.06,7.5,69.17,2.25,58.33,0,0,0,0,0.69,0,0.13,0,27.27,36.84,0.56,0.69,16
Efstathios Tachatos,0.14,0,42.86,0.29,0.07,0,0.71,0.36,0,0.86,0,0.29,0,0,10.79,77.48,1.43,37.5,0,0.07,0,0,1.14,0.14,0.14,0,53.85,44.29,0.86,1.29,14
Thomas Murg,0,0,0,0,0,0,0,0,0,0,0,0,0,0,3.25,100,0.5,0,0,0,0,0,0,0,0,0,0,0,0,0,4
Ivan Goranov,0,0,30.77,0.12,0,0,1.18,1.24,0,1.94,0.06,0.53,0,0,29.53,73.71,3.41,37.66,0,0.24,0,0,1.12,0.18,0.12,0.06,57.14,43.3,0.59,1.24,17
Victor Fernandez,0,0,50,0.29,0,0,0.71,0.14,0,0.57,0,0,0,0.14,8.29,77.59,2.29,0,0,0,0,0,0.57,0,0,0,66.67,43.24,1.14,1.29,7
Nikos Ioannidis,0,0.08,0,0.46,0,0,0.23,0.08,0,0.23,0,0,0,0,7.46,67.01,1.85,71.43,0,0,0,0,0.62,0.15,0.15,0,57.14,37.25,0.62,1.23,13
Giorgos Manousos,0,0.07,23.08,0.81,0,0,0.15,0,0,0.26,0,0.15,0.04,0,6.56,68.36,1.7,66.67,0,0,0,0,0.7,0.11,0.26,0.04,29.63,39.01,1.48,1.3,27
Dimitrios Manos,0,0,100,0.1,0,0,0.2,0.1,0,0,0,0.1,0,0,2.9,62.07,0.9,0,0,0,0,0,0.4,0,0,0,25,33.33,0.1,0.3,10
Giannis Ikonomidis,0,0,28.57,0.39,0,0,0.89,0.22,0,0.17,0,0.33,0,0,9.61,82.66,2.22,33.33,0,0,0,0,0.44,0.06,0.11,0,57.14,42.86,0.44,1.17,18
Nikolaos Marinakis,0,0,0,0.08,0,0,0.46,0.15,0,0.38,0,0.15,0,0,19,74.49,4.23,48.15,0,0.08,0,0,0.54,0.08,0.23,0,33.33,50,0.54,0.31,13
Michael Gardawski,0.05,0,100,0.38,0,0,1.67,0.67,0.05,0.52,0,0.29,0,0,13.9,72.6,3.05,38.46,0,0,0,0,0.76,0.05,0.38,0.05,27.78,53.04,0.95,1.48,21
Alexis Trouillet,0,0,0,0,0,0,0,0,0,0,0,0,0,0,1,100,0,0,0,0,0,0,0,0,0,0,0,0,0,0,1
Rayan Edrees Fallatah,0,0,0,1,0,0,0,0,0,0,0,0,0,0,6,83.33,3,0,0,0,0,0,0,0,0,0,0,0,0,0,1
Ilias Panagiotis Christopoulos,0,0,0,0,0,0,0,0,0,0,0,0,0,0,0,0,0,0,0,0,0,0,0,0,0,0,0,0,0,0,1
José Luis Valiente,0,0,0,0,0,0,0,0,0,1,0,0,0,0,3,100,0,0,0,0,0,0,0,0,0,0,0,0,0,0,1
Panagiotis Anastasopoulos,0,0,0,0,0,0,0,0,0,0,0,0,0,0,7,71.43,1,0,0,0,0,0,1,0,1,0,0,33.33,1,1,1
Savvas Gentsoglou,0,0,0,0,0,0,0,1.5,0,2,0,0.5,0,0,21,78.57,2,75,0,0,0,0,1.5,0.5,0,0,40,36.36,1,2,2
Ilias Tselios,0,0,0,0,0,0,0,0,0,0,0,0,0,0,0.5,100,0,0,0,0,0,0,0.5,0,0,0,0,0,0,0,2
Eneko Capilla,0,0,0,0,0,0,0,0,0,0,0,0,0,0,1.5,100,1,0,0,0,0,0,0.5,0,0,0,0,0,0,0,2
Konstantinos Provydakis,0,0,0,0,0,0,1,0.5,0,0,0,0,0,0,9.5,47.37,1,40,0,0,0,0,1,0,0,0,100,100,0,0,2
Felipe Pires,0.06,0,62.5,0.65,0,0,0.12,0.24,0,0,0,0.24,0,0,18.59,85.13,4,72.73,0,0,0,0,1.12,0.18,0.12,0.06,42.86,35.14,0.65,1.12,17
Ergys Kaçe,0,0,0,0.17,0,0,0.75,0.58,0,0.25,0,0.75,0,0,15.58,85.56,1.92,68.75,0,0,0,0,1.17,0.08,0.08,0,0,40.82,0.92,1.08,12
Oluwatobiloba Alagbe,0,0,50,0.2,0,0,1,0.5,0,1.1,0,0.5,0.1,0,26.4,82.58,4.3,68.97,0,0.1,0,0,0.7,0.1,0,0.1,47.06,41.94,0.7,1.7,10
Antonis Dentakis,0,0,50,0.4,0,0,1.1,0.8,0,0.8,0,0.6,0.2,0,15.4,64.94,3.3,19.05,0,0.1,0,0,0.9,0.4,0,0,50,53.19,0.8,0.8,10
Konstantinos Kotsopoulos,0,0.22,0,1.11,0,0,0,0.11,0,0,0,0.33,0,0,9,77.78,2.89,66.67,0,0,0,0,0.67,0,0.11,0,42.86,31.58,1.11,1.11,9
Jean-Baptiste Leo,0,0,20,0.25,0,0,0.25,0,0,0,0,0,0,0,1.25,60,0.25,0,0,0,0,0,0.25,0.25,0,0,0,28.57,0,0,4
Abdul Rahman Weiss,0,0,100,0.09,0,0,0.91,0.64,0,0.82,0,0.36,0,0,17.55,63.73,3.36,28.57,0,0.18,0,0,0.64,0.18,0.27,0,42.86,41.67,0.82,1.45,11
Federico Milo,0,0,100,0.29,0,0,0.29,0.57,0,0.43,0,0.43,0,0,15.71,79.09,1.71,60,0,0,0,0,0.71,0,0.29,0,66.67,30.77,0.29,1.14,7
Mesaque Dju,0,0,22.22,0.7,0,0,0.3,0.3,0,0.2,0,0.2,0,0,9.7,58.76,1.8,25,0,0,0,0,0.7,0,0.1,0,33.33,26.92,0.7,1.4,10
Konrad de la Fuente,0,0.33,75,1,0,0,0.33,0.33,0,0,0,0,0.33,0,17.33,88.46,7,0,0,0,0,0,0,0.33,0,0,0,37.5,0.67,0.67,3
Kyriakos Kivrakidis,0,0,0,0,0,0,1,2.67,0.33,1.33,0,0,0.33,0,34.67,78.85,4.33,20,0,0,0,0,1.33,0,0.33,0.33,66.67,55.56,1.67,2,3
Paris Babis,0,0,0,0.4,0,0,1,0.6,0,0,0,0,0,0,5.6,57.14,0.8,0,0,0,0,0,0.8,0.2,0,0,50,53.33,0.4,0.8,5
Theodoros Tsirigotis,0,0.17,100,0.5,0,0,0,0,0,0.25,0,0,0,0,3.17,65.79,0.75,33.33,0,0,0,0,0.25,0,0,0,28.57,47.62,0.5,0.33,12
Matic Kotnik,0,0,0,0,0,0,0,0,0.2,0.4,0,0,0,0,23.4,64.96,1,37.5,4,0,0.6,0,2.4,0.4,0,0,0,0,0,0.2,5
Christos Voutsas,0,0,0,0.5,0,0,0,0,0,0,0,0,0,0,6,91.67,1.5,100,0,0,0,0,0,0,0,0,0,0,0,1.5,2
Andrei Radu,0,0,100,0,0,0,0.5,0.5,0,0,0,0.5,0,0,29,67.24,3.5,14.29,0,0,0,0,2.5,0.5,0,0,50,69.23,3,0.5,2
Thanasis Triantafyllou,0,0,0,0,0,0,0,0,0,2,0,1,0,0,5.5,63.64,0,33.33,0,0,0,0,0.5,0,0,0,100,20,0,0.5,2
Juan Domínguez,0,0,100,0.11,0,0,0.44,0.11,0,0.11,0,0.44,0,0,15.78,88.03,2.22,71.43,0,0,0,0,0.67,0.22,0.11,0,66.67,40.74,0.33,0.44,9
Harouna Sy,0,0,37.5,0.13,0,0,0.87,0.47,0.07,0.8,0,0,0,0,22.53,80.77,3.53,42.86,0,0.13,0,0,1.2,0.13,0,0.07,53.85,54.05,1.13,1.13,15
Jerson Cabral,0,0.14,0,0.43,0,0,0.14,0.14,0,0.14,0,0.29,0,0,4.14,62.07,1.14,60,0,0,0,0,0.29,0,0.29,0,50,44.44,0.86,0.29,7
Gustavo Marmentini,0,0,25,0.33,0,0,0,0,0,0,0,0,0,0,7,57.14,1.5,0,0,0,0,0,0.17,0,0.17,0,0,12.5,0,0.33,6
Sonny Stevens,0,0,0,0,0,0,0,0,0,0,0,0,0,0,24.5,61.9,2,31.71,2.5,0.17,0.17,0,1.33,0.33,0.17,0,0,100,0.17,0,6
Ivan Varone,0,0,0,0,0,0,0,0,0,0,0,0,0,0,6,66.67,3,0,0,0,0,0,0,0,0,0,100,50,0,1,1
Theodoros Vasilakakis,0,0,0,0,0,0,0,0,0,0,0,0,0,0,2,50,0,0,0,0,0,0,0,0,1,0,50,33.33,0,1,1
Alexander Fransson,0,0,0,0,0,0,0,0,0,0,0,0,0,0,5,90,1,0,0,0,0,0,0,0,0,0,0,0,0,0.5,2
Xavier,0,0,0,0,0,0,0,0,0,0,0,0,0,0,6.5,76.92,1.5,0,0,0,0,0,2,0,0,0,0,28.57,1,0,2
Iason Kyrkos,0,0,0,0.5,0,0,0.5,0,0,0,0,0,0,0,3.5,71.43,1.5,0,0,0,0,0,0,0.5,0,0,0,100,0,0,2
Konstantinos Tsirigotis,0,0,100,0,0,0,1,0.67,0,2.67,0,0.33,0,0,15,75.56,0.67,37.5,0,0,0,0,1.67,0.67,0,0,0,66.67,0.67,0.33,3
Simo Roumpoulakou,0,0,0,0.2,0,0,1.2,0.8,0,1.8,0,0.2,0,0,13.8,75.36,1.4,11.11,0,0.2,0,0,1.6,0.4,0.2,0,0,60,0.6,0.4,5
Antonis Oikonomopoulos,0,0,0,0,0,0,0,0.2,0,1,0,0.2,0,0,5.4,70.37,1,33.33,0,0,0,0,0.8,0,0,0,0,42.86,0.6,0.2,5
Marios Vichos,0,0,66.67,0.61,0,0,0.89,0.83,0,1.5,0,0.22,0.06,0,26.17,67.73,3.78,27.59,0,0.11,0,0,1.5,0.17,0.22,0.06,60,57.78,1,0.83,18
Athanasios Garavelis,0,0,0,0,0,0,0,0,0,0.2,0.1,0,0,0,22.6,46.02,1.6,37.76,2.7,0.1,0,0,1.5,0.4,0.1,0,100,100,0.3,0,10
Filip Sachpekidis,0,0.1,20,0.5,0,0,0.4,0.1,0,0,0,0,0,0,5.1,64.71,2.3,50,0,0,0,0,0.7,0.3,0.2,0,50,32.65,0.6,1.3,10
Jérôme Prior,0,0,0,0,0,0,0,0,0,0,0,0,0,0,26,78.21,0,51.52,1,0,0,0,1,0.33,0,0,100,100,0.33,0,3
Kévin Soni,0,0,0,0.5,0,0,0,0,0,0,0,0,0,0,3,50,1.5,0,0,0,0,0,0,0,0,0,100,16.67,0,0,2
Rafail Sgouros,0,0,0,0,0,0,0,0,0,0.2,0,0,0,0,4,95,0,0,0,0,0,0,0.2,0,0,0,0,25,0.4,0.8,5
Louis Poznański,0,0,0,0.33,0,0,1.67,1.33,0,2.67,0,1,0,0,29.33,71.59,3,50,0,0,0,0,2,0.67,0,0,100,55,1,0.33,3
Giorgos Saramantas,0,0,0,0,0,0,0.44,0.22,0,0.67,0,0,0,0,6,64.81,0.78,44.44,0,0,0,0,1.11,0,0.11,0,75,61.11,0.44,0.22,9
Ismahila Ouédraogo,0,0,0,0,0,0,0,2,0,0,0,0,0,0,5,60,0,0,0,0,0,0,2,0,0,0,0,0,0,1,1
Afeez Nosiru,0,0,0,0.5,0,0,0.5,0.5,0,1.5,0,1,0,0,5.5,63.64,0,0,0,0,0,0,0.5,0,0,0,100,37.5,0,0.5,2
Vasilios Poghosyan,0,0,0,0,0,0,0,0.5,0,0,0,0,0,0,0.5,0,0,0,0,0,0,0,0.5,0,0,0,0,0,0,0,2
Panagiotis Avgerinos,0,0,0,0,0,0,0,0,0,0.33,0,0,0,0,26,41.03,0.33,26.67,3.33,0,0.33,0,3,0,0,0,0,0,0,0,3
Antonis Stergiakis,0,0,0,0,0,0,0,0,0.2,0.6,0.4,0,0,0,27.4,45.26,1.8,35.09,1.6,0.2,0.2,0.2,1.2,0.4,0.4,0,0,0,0,0.2,5
Vangelis Nikolaou,0,0,0,0,0,0,0,0,0,0,0,0,0,0,6,83.33,1,0,0,0,0,0,2,0,0,0,0,0,0,1,1
Vangelis Kontogiannis,0,0,0,0,0,0,0,0,0.5,0,0,0,0,0,21.5,60.47,0.5,37.04,2.5,0.5,0.5,0,2.5,0.5,0,0,0,0,0,0.5,2
Samuel Yohou,0,0,0,0,0,0,0.71,1,0.14,1,0,0.29,0,0,26.14,84.7,2.57,62.07,0,0.14,0,0,0.71,0.14,0.14,0.14,54.55,42.86,0.14,1.14,7
Angelos Tsavos,0,0,100,0,0,0,0,1,0,0.67,0,1,0,0,15,71.11,3.67,25,0,0,0,0,1,0,0.33,0,100,25,0.33,1.33,3
Raman Chibsah,0,0,66.67,0.11,0,0,0.78,0.44,0.11,0.11,0,0,0,0,19.11,79.65,2.33,46.67,0,0,0,0,0.89,0.11,0.11,0.22,25,42.11,0.67,1.22,9
Sotiris Alexandropoulos,0,0,0,0,0,0,0,0,0,0,0,0,0,0,5,60,1,0,0,0,0,0,0,0,0,0,0,100,1,0,1
Leandro Frroku,0,0,0,0,0,0,1,0,0,0,0,0,0,0,0,0,0,0,0,0,0,0,0,0,0,0,0,100,0,0,1
Efthymios Christopoulos,0,0,0,0,0,0,0,0,0,0,0,0,0,0,1,0,0,0,0,0,0,0,0,0,0,0,100,100,0,0,1
Sotirios Kokkinis,0,0,0,0,0,0,1,0,0,0,0,0,0,0,6,83.33,0,0,0,0,0,0,0,0,0,0,0,25,0,0,1
Nikolaos Lolis,0,0,0,0,0,0,0,1,0,0,0,0,0,0,1,0,0,0,0,0,0,0,0,0,0,0,0,0,0,0,1
Christos Chatziioannou,0,0,0,0,0,0,0,0,0,0,0,0,0,0,3.5,71.43,0.5,100,0,0,0,0,0,0,0,0,0,0,0,0,2
Oliver Benítez,0,0,0,0,0,0,0,0,0,0,0,0,0,0,0,0,0,0,0,0,0,0,0,0,0,0,0,0,0,0,2
Angelos Tsiris,0,0,0,0,0,0,0,0,0,0,0,0,0,0,1,100,0,0,0,0,0,0,0.5,0,0,0,0,0,0,0,2
