Name,Goals,Big chances missed,Successful dribbles %,Total shots,Headed goals,Set piece conversion %,Tackles,Interceptions,Penalty committed,Clearances,Errors lead to goal,Dribbled past,Big chances created,Assists,Total passes,Accurate passes %,Accurate final third passes,Accurate long balls %,Saves,Clean sheets,Penalties faced,Penalties saved,Goals conceded inside the box,Goals conceded outside the box,Yellow cards,Red cards,Aerial duels won %,Total duels won %,Was fouled,Fouls,Appearances,Age Range,Position
Salvatore Esposito,0.12,0,61.54,1.29,0,0.35,2.59,0.35,0,1.18,0,0.71,0.18,0.12,68.12,87.13,13.18,66.44,0,0.41,0,0,1,0.12,0.29,0,52.94,69.47,3.71,1.18,17,1,3
Nicolò Manfredini,0,0,0,0,0,0,0,0,0,0.63,0,0.13,0,0,21.75,55.17,1,35.34,5,0.13,0.13,0,0.88,0.25,0,0,80,71.43,0.13,0,8,3,1
Luca Matarese,1,0,0,2,0,0,3,3,0,4,0,3,1,0,51,56.86,10,14.29,0,1,0,0,0,0,0,0,66.67,42.86,1,2,1,2,4
Giovanni Zaro,0.14,0.06,80,0.61,0.06,0,2.17,1.53,0.03,5.44,0,0.86,0.03,0,34.25,74.29,2.58,43.49,0,0.42,0,0,0.67,0.17,0.17,0,69.3,62.93,0.67,1.06,36,2,2
Joel Pohjanpalo,0.51,0.27,52,2.57,0.08,0,0.24,0.08,0,0.84,0,0.11,0.16,0.19,17.16,69.45,4.32,51.61,0,0,0,0,0.86,0.16,0.05,0,50.94,49.51,0.57,0.73,37,2,4
Eric Botteghin,0.08,0.08,76.47,0.84,0.08,0,1.78,2.38,0.08,4.03,0.03,0.43,0.03,0.03,49.11,79.91,4.03,55.08,0,0.24,0,0,1.19,0.03,0.16,0,72.15,65.16,0.22,1.16,37,3,2
Antonio Palumbo,0.11,0.03,47.92,1.2,0,0,1.26,0.49,0,0.37,0,1.06,0.46,0.23,37.51,76.92,12.11,59.69,0,0.06,0,0,0.86,0.2,0.2,0,15.79,42.12,1.31,0.97,35,2,3
Marco Mancosu,0.21,0.08,58.06,1.71,0.04,0.6,0.83,0.29,0,0.29,0,0.58,0.38,0.13,28.71,77.07,10.04,58.14,0,0.13,0,0,0.5,0.04,0.04,0,40.43,43.79,0.71,0.63,24,3,3
Anthony Oyono,0,0,65.63,0.62,0,0,2.54,0.54,0,1.31,0,0.54,0.08,0.15,36.54,81.89,7.92,39.22,0,0.54,0,0,0.23,0.08,0.08,0,62.96,69.84,1.31,0.46,13,1,2
Alberto Dossena,0,0.04,0,0.7,0,0,1.43,1.3,0,4.39,0,0.48,0,0,38.91,83.91,1.96,60.42,0,0.35,0,0,0.52,0,0.26,0,68.5,64.76,1.22,1.13,23,2,2
Biagio Meccariello,0.06,0,58.33,0.34,0.03,0,2.29,2.37,0.03,4.46,0,0.69,0,0,60.31,87.97,4.29,61.75,0,0.2,0,0,1.11,0.17,0.29,0.03,75.84,63.68,1.2,1.86,35,3,2
Franco Vázquez,0.31,0.22,51.5,2.75,0.06,0,1.44,0.83,0,0.75,0,0.64,0.22,0.19,41.83,78.55,14.94,68.18,0,0.22,0,0,0.83,0.08,0.19,0,52.21,50,4.03,1.86,36,3,4
Kevin Strootman,0.07,0.03,60,0.53,0,0,2.2,1.03,0,1,0,0.77,0.1,0,61.47,84.87,15.07,51.02,0,0.3,0,0,0.4,0.1,0.17,0,54.69,53.25,0.73,1.17,30,3,3
Tiago Casasola,0.26,0.06,45.31,0.94,0.09,0,2.77,1.03,0.03,1.91,0,1.06,0.2,0.11,29.97,56.34,7.57,36.4,0,0.31,0,0,1,0.26,0.23,0.03,45.87,53.08,0.63,0.89,35,2,3
Domenico Criscito,0.06,0,50,0.31,0,0,1.69,1.69,0,1.25,0,0.19,0.13,0,29.5,81.57,5.38,54.39,0,0.31,0,0,0.38,0,0.06,0,59.26,74.03,0.88,0.19,16,3,2
Luca Ravanelli,0,0,0,0.38,0,0,1.88,1.13,0,3.79,0,0.33,0,0,52.63,84.96,3.25,39.23,0,0.63,0,0,0.42,0.04,0.17,0,59.76,62.5,0.71,0.67,24,2,2
Adrián Bernabé,0.03,0,63.24,1.79,0,0,2,0.38,0.03,0.45,0,0.79,0.03,0.1,43.41,86.34,12.55,68.18,0,0.1,0,0,0.83,0.1,0.21,0,45.16,58.25,1.76,0.93,29,1,3
Luca Mazzitelli,0.12,0.04,56,1.32,0,1.33,1.6,1.16,0.04,1.56,0,0.8,0.28,0.2,52.2,75.71,11.8,48.74,0,0.32,0,0,0.44,0.16,0.32,0,57.73,53.79,1.32,1.52,25,2,3
Raffaele Maiello,0,0,57.89,0.29,0,0,2.68,1.71,0.07,1.79,0,0.54,0,0.04,53.18,86.84,6.71,60.94,0,0.14,0,0,0.61,0.14,0.21,0.04,50,69.2,1.82,0.86,28,3,3
Walid Cheddira,0.55,0.45,48.53,2.65,0.13,0,0.77,0,0,0.68,0,0.52,0.13,0.16,16.52,71.48,5.1,77.78,0,0.23,0,0,0.52,0.19,0.06,0.03,41.03,44.82,1.77,1.32,31,2,4
Giacomo Poluzzi,0,0,0,0,0,0,0.03,0,0,0.97,0,0,0,0,29.34,57.85,2.16,47.61,2.87,0.39,0.13,0.03,0.71,0.18,0.08,0,90.91,93.55,0.37,0,38,3,1
Alessandro Micai,0,0,0,0,0,0,0,0,0,0.95,0,0,0,0,26.42,53.78,1.16,33.14,3.21,0.42,0.16,0.05,0.95,0.16,0.11,0,100,100,0.16,0,19,2,1
Luca Tremolada,0.11,0.03,56,1.78,0,0.25,0.42,0.08,0,0.08,0,0.36,0.42,0.33,26.86,71.15,9.36,38.71,0,0,0,0,0.94,0.14,0.08,0,36.36,32.54,0.22,0.53,36,3,3
Roberto Insigne,0.25,0.16,41.46,2.03,0,0,0.69,0.44,0,0.06,0,0.56,0.28,0.06,27.28,84.77,9.03,69.88,0,0,0,0,0.38,0.13,0.13,0,36.84,43.42,0.63,0.5,32,2,4
Fabio Lucioni,0.13,0.06,75,0.71,0.13,0,1.03,0.97,0.03,4.23,0,0.23,0.03,0.03,50.71,77.74,4,44.33,0,0.55,0,0,0.55,0.13,0.23,0,65.83,63.35,0.87,0.94,31,3,2
Elia Caprile,0,0,100,0,0,0,0,0.03,0,0.78,0,0,0,0,23.3,60.21,0.92,38.03,2.97,0.38,0.14,0.05,0.7,0.19,0.05,0,88.24,90.48,0.19,0,37,1,1
Andrea Masiello,0,0,80,0.23,0,0,1.16,1.42,0.06,4.48,0,0.19,0,0.03,33.71,83.64,2.42,55.41,0,0.42,0,0,0.55,0.16,0.26,0,53.85,59.12,0.48,0.74,31,3,2
Gianluca Lapadula,0.58,0.44,44,2.78,0.19,0,0.47,0.06,0,0.5,0,0.25,0.06,0.11,11.03,68.26,3.39,50,0,0.25,0,0,0.69,0.06,0.11,0.03,44.3,42.32,1.44,1.97,36,3,4
Nicola Falasco,0,0,48.48,0.56,0,0,0.85,0.7,0,1.26,0,0.48,0.26,0.07,34,68.19,6.7,42.61,0,0.22,0,0,0.7,0.04,0.3,0.07,50,53.37,1.59,1.11,27,2,2
Alessandro Livieri,0,0,100,0,0,0,0,0,0,1,0.09,0,0,0,26.55,72.6,0.91,53.05,2.64,0.55,0,0,0.45,0.18,0.09,0,100,100,0.18,0,11,2,1
Alberto Cerri,0.26,0.29,60.34,2.79,0.09,0,0.32,0.21,0,1.18,0,0.21,0.18,0.09,19.15,56.53,3.94,50.88,0,0.06,0,0,0.71,0.15,0.24,0,55.25,49.72,2.24,2.74,34,2,4
Daniel Boloca,0.06,0.03,76.32,1.13,0,0,1.87,1.06,0,0.81,0,0.77,0,0,51.94,89.5,12,77.4,0,0.42,0,0,0.58,0.16,0.39,0,38.3,51.84,0.23,1.39,31,2,3
Albert Guðmundsson,0.31,0.11,58.82,1.78,0,0,0.53,0.39,0,0.08,0,0.94,0.14,0.11,27.44,82.69,11.28,55.56,0,0.19,0,0,0.53,0.11,0.11,0.03,23.53,43.8,1.72,1.17,36,2,4
Giorgio Cittadini,0,0.06,72.73,0.39,0,0,2.44,2.61,0,4.56,0,0.83,0,0,34.72,81.28,2.06,45.88,0,0.17,0,0,1,0.22,0.56,0,69.41,63.98,0.89,1.44,18,1,2
Federico Viviani,0,0,66.67,1.67,0,0,1.4,1.33,0,0.73,0,0.33,0,0,35.73,83.77,6.67,70.65,0,0,0,0,0.87,0.2,0.2,0,54.55,62.64,1.27,0.93,15,3,3
Andrea Carboni,0.19,0.06,72.73,0.75,0.13,0,2.56,1.31,0,3.31,0,0.69,0.06,0.06,48.69,77.02,6.94,36.59,0,0.19,0,0,0.94,0.13,0.25,0,54.35,60,0.63,1,16,1,2
Boris Radunović,0,0,0,0,0,0,0,0.05,0.03,0.71,0,0,0,0,23.74,69.96,1.34,47.52,2.71,0.37,0.24,0.03,0.84,0.05,0.03,0,90,87.5,0.13,0.03,38,2,1
Enrico Baldini,0.33,0.17,28.57,2.83,0,0,0.33,0.33,0,0.17,0,0.17,0.17,0,18.17,72.48,6.17,80,0,0.17,0,0,0.67,0,0,0,33.33,37.14,1.17,0.5,6,2,4
Giorgio Altare,0.04,0.04,0,0.81,0.04,0,1.38,1.31,0,3.46,0.04,0.15,0.04,0,48.12,79.7,4.23,53.36,0,0.31,0,0,0.77,0,0.19,0.04,61.06,59.28,0.38,1.12,26,2,2
Mattia Bani,0.06,0.15,28.57,1,0.03,0,1.03,1.36,0,2.97,0,0.24,0.03,0.06,53.64,83.39,4.91,48.52,0,0.39,0,0,0.42,0.03,0.18,0.06,64.97,62.2,0.94,1.09,33,2,2
Marko Pajač,0,0,50,0.6,0,0,1.6,0.8,0,1.4,0,0.5,0.1,0,38.4,76.56,9,45.31,0,0.4,0,0,0.4,0.1,0.3,0,0,59.62,1.2,1,10,2,2
Frederik Sørensen,0.03,0.09,80,0.47,0.03,0,1.5,1.85,0,5.65,0,0.41,0.06,0,36.82,76.44,2.59,47.69,0,0.35,0,0,0.94,0.18,0.15,0.03,54.86,55.63,0.5,1.06,34,3,2
Camillo Ciano,0.26,0,31.82,1.47,0.05,0,1.21,0.21,0,0.26,0,0.58,0.21,0.16,17.16,66.87,7.16,33.33,0,0,0,0,0.89,0.11,0.11,0,32.5,43.14,1.21,1.05,19,3,4
Gennaro Acampora,0.14,0.03,79.66,1.41,0,0,1.9,0.66,0,0.55,0,0.93,0.03,0.03,30.52,79.32,8.03,58.39,0,0.03,0,0,0.69,0.1,0.31,0.03,46,56.55,2.24,1.59,29,2,3
Josep Martínez,0,0,100,0,0,0,0,0,0,0.87,0,0.03,0.03,0,31.8,77.04,0.8,44.18,2.07,0.57,0.07,0,0.57,0.17,0.1,0,100,90,0.2,0.03,30,2,1
Michael Folorunsho,0.3,0,42.11,2.33,0.04,1.23,1.52,0.63,0.04,1.11,0.04,0.59,0.15,0.04,25.41,71.43,6.15,55.07,0,0.15,0,0,0.59,0.19,0.3,0,56.57,55.62,2.48,1.15,27,2,3
Nicola Valente,0.09,0.06,47.62,1,0,0,0.66,0.34,0,0.41,0,0.38,0.22,0.19,14.25,76.97,4.34,31.58,0,0,0,0,0.72,0.16,0.06,0.03,48.15,53.26,1.41,0.69,32,3,3
Francesco Vicari,0,0,0,0.15,0,0,0.7,0.7,0,4.15,0,0.3,0,0,49.18,88.29,1.36,67.46,0,0.36,0,0,0.61,0.21,0.15,0,66.4,60.61,0.45,0.7,33,2,2
Alfred Gomis,0,0,0,0,0,0,0,0,0.06,0.76,0.06,0.06,0,0,25.18,68.93,0.88,48.05,2.71,0.35,0.12,0.06,0.82,0.18,0,0,100,75,0.18,0.06,17,2,1
Radu Drăguşin,0.11,0.05,0,0.5,0.11,0,0.92,1.26,0.03,3.03,0,0.26,0,0,51.32,84.15,2.79,40.1,0,0.5,0,0,0.61,0.13,0.08,0,65.94,62.36,1.18,0.97,38,1,2
Rubén Botta,0.08,0.04,46.38,1.04,0,0,1.28,0.12,0,0.08,0,0.64,0.2,0.12,30.08,81.65,10.84,61.43,0,0.04,0,0,0.4,0.16,0.16,0,35.71,46.94,0.92,0.84,25,3,3
Gregorio Morachioli,0.11,0,61.11,0.67,0,0,1,0.22,0,0,0,0.44,0.33,0.33,20.11,80.66,7,25,0,0,0,0,0.11,0,0,0,40,54.55,0.89,0.44,9,1,4
Nicolas Viola,0.06,0,55.56,1.06,0,0,0.63,0.69,0,0.56,0,0.31,0.19,0,32.88,80.8,7.56,60.42,0,0,0,0,0.56,0,0.06,0,45,48.86,0.88,1.06,16,3,3
Luis Binks,0,0.09,100,0.58,0,0,1.27,1.24,0.03,4.36,0,0.15,0.03,0.03,43.12,76.67,4.73,48.85,0,0.24,0,0,0.88,0.27,0.12,0.03,56.56,61.11,0.48,0.76,33,1,2
Filippo Palazzino,0,0,66.67,2,0,0,0,0,0,0,0,0,0,0,15,80,6,0,0,0,0,0,1,0,0,0,50,60,0,0,1,1,4
Andrea Seculin,0,0,0,0,0,0,0,0,0,0,0,0,0,0,38,52.63,0,28,4,0,0,0,0,1,1,0,0,0,0,0,1,3,1
Nicola Leali,0,0,0,0,0,0,0.08,0.04,0.04,0.68,0.12,0.04,0,0,28.2,62.7,1.36,41.89,2.76,0.24,0.32,0.16,1.16,0.04,0.12,0,100,71.43,0.04,0.04,25,2,1
Raphael Odogwu,0.24,0.19,54,1.89,0.11,0,0.22,0.14,0,0.59,0,0.11,0.05,0.08,15.7,63.34,4.86,71.43,0,0.19,0,0,0.54,0.14,0.05,0,51.1,49.82,2.19,1.62,37,3,4
Francesco Di Tacchio,0.03,0,81.25,0.8,0,0,2.11,1.71,0.06,1.71,0,0.69,0,0,40.51,79.27,6.74,48.19,0,0.34,0,0,0.86,0.23,0.31,0,57.89,63.91,2.31,1.34,35,3,3
Valerio Mantovani,0.03,0.03,42.86,0.47,0.03,0,0.87,1.53,0,2.97,0,0.23,0.07,0.03,40.43,77.82,3.53,42.44,0,0.37,0,0,0.9,0.13,0.17,0,54.81,57.63,1.1,0.87,30,2,2
Massimo Coda,0.32,0.29,36.17,2.94,0,0,0.06,0.03,0,0.19,0,0.29,0.32,0.19,18.16,66.25,7.45,47.73,0,0.13,0,0,0.48,0.06,0.1,0,37.98,30.74,0.35,0.55,31,3,4
Riccardo Capellini,0.05,0,33.33,0.16,0,0,1.42,1.42,0.05,3.53,0,0.11,0,0,43.68,84.1,2.47,57.48,0,0.26,0,0,0.89,0.16,0.11,0,68.75,69.52,1.21,0.89,19,1,2
Andrea Favilli,0.35,0.23,48.28,2.15,0.12,0,0.12,0.12,0,0.58,0,0.04,0.12,0.12,14.69,62.3,3.58,61.11,0,0.08,0,0,0.92,0.23,0.23,0,46.73,45.73,2.15,1.69,26,2,4
Federico Barba,0.03,0,66.67,0.27,0,0,0.97,1.18,0,4.3,0,0.3,0,0,47.39,81.27,3.73,48.38,0,0.36,0,0,0.79,0.09,0.18,0,60.77,59.15,0.85,0.97,33,2,2
Dimitri Bisoli,0.09,0.09,61.29,1.41,0,0,2.38,0.97,0,1.09,0,1.13,0.22,0.13,44.69,73.22,11.31,29.13,0.03,0.13,0,0,1.22,0.09,0.13,0,41.67,50.26,1.63,1.66,32,2,3
Diego Farias,0.14,0.05,51.85,1.43,0.05,0,0.33,0.29,0,0,0,0.62,0.19,0.19,19.14,80.85,6.43,76.19,0,0.05,0,0,0.81,0.14,0.14,0,62.5,44,0.62,0.48,21,3,4
Stefano Turati,0,0,0,0,0,0,0.03,0.03,0,0.65,0.03,0.03,0.03,0,26.11,60.25,1.08,32.98,2.03,0.54,0.11,0.03,0.51,0.14,0.05,0,94.74,92.59,0.16,0.03,37,1,1
Gianluca Di Chiara,0,0,59.09,0.84,0,0,0.91,1.5,0,1.34,0,0.56,0.19,0.09,40.25,74.15,10.16,37.92,0,0.16,0,0,0.81,0.13,0.13,0,57.14,58.57,0.75,0.25,32,2,2
Sergio Kalaj,0,0,100,0.56,0,0,1.22,0.89,0,6.22,0,0.22,0,0.11,51.44,79.91,3.44,40.28,0,0,0,0,0.89,0.44,0.33,0,72.88,69.47,1.22,1.22,9,1,2
Leonardo Marson,0,0,0,0,0,0,0,0,0,0.67,0,0,0,0,23,69.08,0.22,47.5,3.89,0.11,0.11,0.11,1.56,0.22,0.11,0,100,100,0.11,0,9,2,1
Elhan Kastrati,0,0,0,0.03,0,0,0.03,0,0,1,0,0.06,0,0,25.86,61.22,1.64,41.57,2.78,0.31,0.06,0.03,1.08,0.08,0.14,0,84.62,82.61,0.19,0,36,2,1
Hernani Jr.,0.23,0.07,57.97,1.6,0,0.3,1.17,0.57,0,0.7,0,1.27,0.13,0.13,32.73,73.52,9.1,65.35,0,0.17,0,0,0.7,0.2,0.17,0,52.87,46.88,1.27,1.3,30,2,3
Luca Vignali,0.06,0,46.88,0.82,0,0,1.73,1.42,0,2.52,0,0.85,0.18,0.03,32.67,70.69,6.42,40.8,0,0.15,0,0,0.97,0.18,0.3,0,52.33,54.64,1.27,0.97,33,2,3
Matteo Brunori,0.47,0.36,40.26,2.75,0.08,0,0.25,0.11,0,0.75,0,0.22,0.14,0.11,12.39,61.88,3.97,34.38,0,0.11,0,0,0.97,0.17,0.14,0,36.21,41.43,1.75,0.92,36,2,4
Andrea Meroni,0.04,0,50,0.7,0.04,0,1,0.78,0,4.83,0,0.17,0.04,0,38.61,78.6,1.78,39.67,0,0.26,0,0,0.91,0.09,0.17,0,61.54,64.13,1,0.61,23,2,2
Przemysław Szymiński,0.07,0,0,0.2,0.07,0,0.87,0.87,0,3.73,0,0.2,0,0,36.73,82.03,3.2,48.15,0,0.47,0,0,0.4,0.07,0.07,0,47.62,50.51,0.47,0.73,15,2,2
Radja Nainggolan,0.1,0,38.89,1.5,0,0,0.9,0.2,0,0.6,0,0.7,0.3,0.2,31.9,78.06,10.4,70.18,0,0,0,0,1,0.2,0.3,0,44.44,40,0.4,0.6,10,3,3
Simone Branca,0,0,80.77,0.91,0,0,3.38,1.38,0.03,0.88,0,1.22,0.09,0.09,43.88,79.27,11.59,43.68,0,0.16,0,0,0.97,0.09,0.28,0.06,47.3,49.51,1.19,2.56,32,3,3
Gabriele Moncini,0.28,0.22,54.17,1.97,0.16,0,0.13,0.16,0,0.47,0,0.31,0.16,0.19,13.03,67.63,3.53,54.17,0,0.09,0,0,0.91,0.13,0.06,0,49.73,46,0.94,0.94,32,2,4
Enrico Del Prato,0.09,0,37.5,0.26,0.03,0,1.56,1.5,0,1.68,0,0.53,0.15,0,44.29,83.93,9.91,45.39,0,0.29,0,0,0.85,0.12,0.18,0,50,52.03,0.41,1,34,1,2
Fabio Gerli,0.06,0.03,67.74,0.49,0,0,1.69,1.34,0,0.86,0,0.91,0.03,0.03,48.63,86.84,10.63,69.23,0,0.23,0,0,1.11,0.17,0.11,0,31.58,55.83,0.77,0.63,35,2,3
Miloš Vulić,0,0,0,0.63,0,0,2,0.75,0,0.5,0,0.5,0.13,0,27,75.93,5.75,44.19,0,0.13,0,0,1.25,0,0.13,0,60,60,1,0.88,8,2,3
Giovanni Crociata,0.29,0,44.74,1.71,0,1.59,0.57,0.62,0,1,0,0.43,0.1,0.05,28.05,76.4,9.71,50,0,0.05,0,0,0.71,0.05,0.33,0,33.33,38.22,0.86,1.29,21,2,3
Gaetano Letizia,0,0,51.28,0.52,0,0,2.19,0.37,0.04,1,0,0.59,0.11,0,34.44,78.06,9.3,56.49,0,0.11,0,0,0.85,0.15,0.19,0,63.89,65.94,1.85,0.63,27,3,2
Hans Nicolussi Caviglia,0.12,0,50,0.82,0,0,2.65,1.24,0,1.18,0,0.76,0.06,0,30,76.67,6.76,58.04,0,0.12,0,0,0.94,0.29,0.06,0,36,47.65,0.76,1.53,17,1,3
Sebastiano Esposito,0.36,0.09,50,1.91,0,3.03,0.45,0.36,0,0.45,0,1.27,0,0.18,14.82,72.39,4.27,50,0,0,0,0,0.45,0.18,0.18,0,27.27,41.11,1.82,0.91,11,1,4
Michael Svoboda,0,0,61.54,0.19,0,0,1.67,1.76,0,3.33,0.05,0.52,0.05,0,48.05,83.55,3.52,55.92,0,0.1,0,0,1,0.1,0.24,0,66.25,63.64,0.43,0.57,21,2,2
Aljaž Tavčar,0,0,100,1.5,0,0,1.5,2,0,1.5,0,0.5,0,0,34,64.71,2.5,23.08,0,0.5,0,0,1,0,0.5,0,62.5,61.54,0.5,1.5,2,1,2
Alessandro Vogliacco,0,0.12,50,0.4,0,0,1.04,0.64,0,2.92,0,0.24,0.08,0,47.48,88.88,2.76,57.05,0,0.28,0,0,0.44,0.16,0.28,0,50.72,55.17,0.72,0.88,25,2,2
Antony Iannarilli,0,0,0,0,0,0,0,0,0.05,1.08,0.03,0.05,0,0,24.39,54.91,0.97,33.33,3.11,0.34,0.21,0.08,1.13,0.24,0.08,0,91.67,73.68,0.08,0.05,38,3,1
Michele Collocolo,0.11,0.08,60.71,1,0.03,0,2.47,1,0,0.97,0,0.78,0.08,0.17,29.14,74.93,6.83,51.3,0,0.22,0,0,1.14,0.03,0.14,0.03,52.53,52.86,0.78,1.47,36,1,3
Marco Varnier,0.07,0.2,66.67,0.47,0.07,0,1.4,0.73,0,2.53,0.07,0.13,0.13,0,37.47,86.83,2.2,60.67,0,0.13,0,0,0.6,0,0.13,0,75,67.82,0.4,0.87,15,2,2
Enrico Alfonso,0,0,100,0,0,0,0.06,0,0.03,1.06,0.03,0.06,0,0,26.49,76.05,0.8,50.23,2.94,0.26,0.14,0.03,1.09,0.14,0.11,0,80,72.73,0.23,0.06,35,3,1
Federico Ricci,0,0.18,25,1.55,0,0,1.09,0.36,0,0,0,0.27,0.18,0.18,13.91,73.86,5.91,45,0,0,0,0,0.36,0,0.09,0,28.57,41.94,0.91,1.27,11,2,4
Cas Odenthal,0,0.03,100,0.53,0,0,1.6,1.13,0,4,0,0.47,0.03,0.03,43.03,80.71,3.73,43.23,0,0.37,0,0,0.93,0.23,0.23,0,54.46,55.74,0.67,1.17,30,1,2
Mato Jajalo,0,0,90,0.57,0,0,0.71,0.86,0,2.29,0,0.29,0.29,0,41.57,77.32,9.29,35.9,0,0,0,0,0.71,0,0.14,0,46.15,59.62,1.57,1,7,3,3
Cristian Dell'Orco,0,0,62.5,0.24,0,0,1.33,1.48,0,2.86,0,0.14,0,0,30.05,71.63,3.52,42.22,0,0.29,0,0,1.05,0.14,0.24,0,56.41,59.87,0.81,0.67,21,2,2
Ettore Gliozzi,0.31,0.25,33.33,1.94,0.06,0,0.19,0.19,0,0.44,0,0.19,0.09,0.09,12.19,62.56,3.28,33.33,0,0.03,0,0,0.69,0.06,0.03,0,41.33,43.48,1.16,0.56,32,2,4
Fabio Maistro,0.16,0,68.42,1.81,0.03,0,0.63,0.22,0,0.31,0,0.66,0.16,0.06,24.97,86.11,9.16,64.63,0,0,0,0,0.66,0.09,0.06,0.03,33.33,47.1,1.53,0.84,32,2,3
Mattia Maita,0.03,0.03,69.23,0.47,0,0,2.81,0.66,0,0.88,0.06,1.19,0.09,0.06,41.72,84.49,10.44,61.54,0,0.25,0,0,0.53,0.16,0.44,0,37.5,51.5,1.06,1.97,32,2,3
Manolo Portanova,0.08,0.17,62.07,1.42,0,0,1.5,0.5,0,0.33,0,0.33,0.08,0.08,11.83,66.9,3.67,40,0,0,0,0,0.42,0,0.17,0,41.38,52.89,1.33,1.33,12,1,3
Leo Štulac,0,0,50,1,0,0,0.55,0.27,0,0.82,0,0.27,0.18,0.18,33,80.17,6.64,44.23,0,0,0,0,0.73,0.09,0.09,0,57.14,56,1,0.73,11,2,3
Morten Frendrup,0.05,0.03,66.67,0.76,0.03,0,2.86,1.3,0,0.62,0,1.14,0.03,0,38.16,83.64,8.19,51.28,0,0.35,0,0,0.59,0.08,0.08,0,44.62,53.66,0.73,1.14,37,1,3
Olimpiu Moruțan,0.17,0.09,63,1.8,0,0,0.71,0.31,0.03,0.14,0,1.09,0.23,0.23,20.06,73.79,8.17,51.16,0,0.06,0,0,0.57,0.06,0.14,0,32,45.45,1.83,0.83,35,1,3
Antonio Pergreffi,0.06,0.1,50,0.61,0.06,0,1,1.81,0.03,4.26,0,0.32,0.06,0.03,34.74,78.37,1.97,40.32,0,0.26,0,0,1.23,0.16,0.13,0,56.21,58.09,0.68,0.71,31,3,2
Giacomo Calò,0,0,50,0.83,0,0,0.71,0.88,0,0.79,0.04,0.71,0.13,0,25.92,73.79,3.33,40.27,0,0.08,0,0,0.71,0.04,0.21,0,53.85,60.14,2.21,0.92,24,2,3
Gabriele Angella,0.06,0,60,0.94,0.06,0,0.65,1.47,0,3.47,0.06,0.24,0.12,0.06,30.71,68.39,3.24,46,0,0.18,0,0,0.88,0.18,0.12,0,74.55,65.38,0.35,1.24,17,3,2
Paolo Bartolomei,0,0,70.83,1.06,0,0,0.69,0.91,0,0.75,0,0.5,0.09,0.09,26.25,66.67,6.81,42.79,0,0.09,0,0,0.69,0.09,0.19,0,47.62,48.1,0.53,0.75,32,3,3
Pasquale Schiattarella,0,0,64.71,0.36,0,0,1.46,0.96,0,1.43,0,0.64,0.14,0.04,45.25,82.95,10.25,57.69,0,0.07,0,0,0.79,0.18,0.36,0,70,67.16,2.21,1,28,3,3
Filippo Falco,0,0.07,61.54,1.5,0,0,0.43,0,0,0,0,0.14,0.07,0,27.14,87.63,12.21,64.29,0,0,0,0,0.71,0.07,0.07,0,16.67,47.37,1.5,0.57,14,3,3
Luca Ceppitelli,0,0.09,100,0.36,0,0,1.41,1.77,0.05,4.18,0.05,0.41,0.05,0,55.36,85.47,3.45,53.98,0,0.05,0,0,0.95,0.23,0.23,0,66.34,61.5,0.68,1.18,22,3,2
Raffaele Pucino,0,0.03,25,0.65,0,0,1.24,1.03,0.03,1.79,0,0.24,0.09,0.09,36.26,82.4,6.76,53.67,0,0.26,0,0,0.59,0.21,0.12,0.03,61.9,62.07,0.59,0.74,34,3,2
Stefano Gori,0,0,0,0,0,0,0,0,0,0.59,0.03,0.03,0.03,0,23.28,48.72,1.19,32.91,3.06,0.34,0.09,0.03,1.03,0.22,0,0,90,88.89,0.25,0,32,2,1
Riccardo Gagno,0,0,100,0,0,0,0.05,0.03,0.05,0.7,0.03,0.08,0,0,29.32,58.62,1.78,38.71,3.27,0.24,0.22,0.03,1.27,0.14,0.05,0,76.92,70.37,0.22,0.05,37,2,1
Riccardo Gagliolo,0.07,0,0,0.57,0.07,0,1.23,1.1,0.07,4.2,0,0.57,0,0,52.63,79.42,3.83,46.3,0,0.3,0,0,0.87,0.13,0.27,0,48.98,54.39,1.3,1.07,30,3,2
Žan Majer,0.03,0,66.67,0.81,0,0,1.74,0.87,0,0.71,0,0.94,0.1,0.1,36.68,83.11,7.84,65.82,0,0.19,0,0,0.81,0.16,0.32,0.03,38.89,47.83,0.65,1.1,31,3,3
Leonardo Pavoletti,0.26,0.26,50,1.65,0.09,0,0.13,0.04,0,0.43,0,0.17,0.04,0,13,64.88,3.61,72.73,0,0,0,0,0.52,0.04,0.13,0,71.19,59.2,0.61,1.48,23,3,4
Andrea Cistana,0.12,0.06,83.33,0.47,0.06,0,1.12,1.41,0,2.88,0,0.47,0,0,46.71,81.86,4.41,50.75,0,0.18,0,0,0.88,0.12,0.12,0,30.61,41.44,0.41,1.06,17,2,2
Filippo Scaglia,0,0,50,0.08,0,0,0.88,1.15,0,5.38,0.04,0.19,0.12,0,44.62,81.47,2.65,53.4,0,0.27,0,0,0.85,0.27,0.08,0.04,61.11,60.92,0.15,0.42,26,3,2
Sauli Väisänen,0.04,0.04,0,0.7,0,0,1.04,1.11,0.04,4.96,0.04,0.15,0,0,40.59,85.13,2.07,48.44,0,0.22,0,0,1.26,0.15,0.22,0.04,63.39,63.16,0.81,0.89,27,2,2
Matteo Cotali,0,0,45.45,0.26,0,0,1.52,1.48,0,1.41,0,0.41,0.07,0.07,39.19,82.51,7.26,27.71,0,0.3,0,0,0.52,0.11,0.26,0,53.33,54.97,1.33,1.67,27,2,2
Manuel Marras,0.07,0.2,55.77,1.27,0,0,3.13,0.93,0,0.93,0,2.13,0.27,0.2,29.4,74.83,9.33,43.48,0,0.27,0,0,0.8,0.2,0.4,0.07,37.04,50.49,1.27,1.13,15,2,3
Elio Capradossi,0,0.06,0,0.63,0,0,1.5,1.31,0,2.63,0.06,0.19,0.06,0.06,43.44,87.19,3.31,63.46,0,0.06,0,0,1,0.13,0.13,0,48.33,53.77,0.25,0.88,16,2,2
Fabian Tait,0.09,0,62.5,0.94,0.03,0,1.65,1.41,0,2.21,0,1.12,0.06,0.03,28.47,76.55,6.47,33.71,0,0.38,0,0,0.56,0.15,0.15,0,67.78,54.21,1.03,1.41,34,2,3
Milan Badelj,0.12,0.04,48.15,0.77,0,0,1.5,1.85,0,1.42,0,1.23,0.04,0.04,56.92,82.57,10.96,52.66,0,0.35,0,0,0.5,0.19,0.15,0.04,58.62,42.29,0.62,1.85,26,3,3
Alessandro Deiola,0.12,0.04,50,1.5,0,0,0.92,0.62,0,1,0,0.62,0.08,0.08,26.15,75.59,4.96,63.78,0,0.12,0,0,0.73,0.04,0.12,0,51.25,50,0.42,0.46,26,2,3
Santiago Visentin,0,0.08,100,0.92,0,0,1.23,1.08,0,3.92,0,0.31,0.08,0,45.23,73.13,2.54,38.76,0,0.46,0,0,0.69,0.23,0.38,0,54.74,53.59,1,1.92,13,1,2
Francesco Di Mariano,0.15,0.3,25.93,1.67,0,0,1.11,0.41,0,0.15,0,0.52,0.26,0.11,17.26,77.25,5.56,44.44,0,0,0,0,0.85,0.11,0.11,0,43.24,54.39,2.63,0.96,27,2,4
Filip Jagiełło,0.12,0,67.65,0.82,0,0,0.71,0.15,0,0.32,0,0.38,0.12,0.06,21.29,81.35,7.41,47.73,0,0,0,0,0.24,0.12,0.03,0,52.78,51.27,0.5,0.38,34,2,3
Pietro Ceccaroni,0.05,0.05,50,0.85,0.05,0,1.2,0.95,0.05,3.5,0,0.3,0.1,0,65.2,85.05,7.45,46.36,0,0.1,0,0,1.15,0.15,0.15,0.05,52.38,51.97,0.4,1.15,20,2,2
Yordan Osorio,0,0,84.62,0.14,0,0,0.89,1.32,0,3.57,0.04,0.29,0,0,49.64,84.46,2.21,41.21,0,0.36,0,0,0.75,0.07,0.11,0,57.48,59.41,0.43,0.57,28,2,2
Tommaso Arrigoni,0.1,0,80,0.63,0,0.48,1.07,0.33,0.03,0.77,0,0.47,0.1,0.07,24.47,80.93,5.27,44.83,0,0.1,0,0,0.6,0.1,0.13,0.03,43.59,53.02,0.73,0.83,30,2,3
Valerio Di Cesare,0.09,0,66.67,0.5,0.03,0,0.62,1.35,0,2.71,0,0.09,0,0,38.03,89.56,0.88,37.35,0,0.32,0,0,0.59,0.18,0.35,0,57.85,57.87,0.53,0.71,34,3,2
Valerio Verre,0.14,0,42.11,1.79,0,0,1.5,0.29,0,0.43,0,1.14,0.14,0.14,35.29,79.55,9.93,58.18,0,0,0,0,1.21,0.14,0.21,0,33.33,41.35,0.79,1.07,14,2,3
Alessio Re,0,0,100,0.5,0,0,0.5,0,0,0,0,0,0,0,5.5,81.82,2.5,0,0,0,0,0,0,0,0.5,0,0,60,0.5,0.5,2,1,4
Romano Perticone,0,0,80,0.17,0,0,1.48,1.22,0,3.91,0,0.13,0.04,0,41.17,75.92,3.3,48.15,0,0.35,0,0,0.87,0.04,0.43,0.04,60.42,63.48,0.74,0.91,23,3,2
Mirko Pigliacelli,0,0,0,0,0,0,0.03,0.05,0,0.61,0.05,0,0,0,32.87,67.89,1.79,43.74,2.97,0.26,0.11,0,1.11,0.18,0,0,92.31,95.24,0.26,0,38,2,1
Matteo Rover,0.14,0.08,47.37,1.5,0,0,1.19,0.72,0,0.83,0,0.67,0.14,0.14,16.69,68.55,4.56,42.65,0,0,0,0,0.5,0.17,0.11,0,43.1,48.28,0.61,0.75,36,1,4
Nicola Pavan,0,0.03,42.86,0.54,0,0,1.31,1.26,0,1.89,0,0.4,0.11,0,31.94,74.06,5.14,45.7,0,0.2,0,0,0.74,0.06,0.23,0,58.87,61.97,1.29,0.8,35,2,2
Luca Strizzolo,0.25,0.03,50,1.25,0.09,0,0.5,0.22,0,0.5,0,0.22,0.13,0,13.38,56.54,3.66,41.67,0,0,0,0,0.75,0.03,0.09,0,49.72,46.64,0.78,1.25,32,3,4
Ivan Marconi,0.1,0.1,83.33,0.55,0.07,0,1.24,1.34,0,3.14,0,0.34,0.03,0.03,44.48,82.95,3.17,44.97,0,0.21,0,0,0.79,0.14,0.28,0.07,63.36,60.09,0.34,1.03,29,3,2
Alessio Vita,0.03,0.03,36,1.03,0,0,1.63,1.09,0,0.91,0,1.43,0.11,0.09,25.74,67.7,6.77,31.52,0,0.17,0,0,0.83,0.06,0.11,0,38.89,50.94,1.94,1.09,35,2,3
Luca Garritano,0.09,0.15,44.83,1.12,0,0,1.09,0.29,0,0.26,0,0.71,0.12,0.15,24.32,76.66,6.59,47.75,0,0,0,0,0.38,0,0.12,0,24.14,42.16,0.65,0.71,34,2,3
Fabrizio Caligara,0.06,0,46.43,1.76,0,0,2.24,1.21,0,1.09,0,1.27,0.12,0.15,28.39,73,5.88,51.92,0,0.09,0,0,0.97,0,0.18,0.03,60.27,53.07,1.67,1.67,33,1,3
Nahitan Nández,0,0.06,45.45,0.94,0,0,1.58,0.48,0.03,0.55,0,1.18,0.24,0.12,32.21,76.58,9.21,49.57,0,0.18,0,0,0.7,0.06,0.27,0,48.68,50.55,2,1.12,33,2,3
Nícolas,0,0,0,0,0,0,0.11,0,0,0.46,0,0,0,0,26.36,62.2,1.21,36.49,2.61,0.21,0.39,0.11,1.14,0.11,0.11,0,88.89,94.12,0.29,0,28,3,1
Lautaro Valenti,0.04,0.04,50,0.75,0,0,1.58,1.46,0,3.04,0.04,0.58,0.04,0.13,52.67,73.81,5.75,33.96,0,0.29,0,0,0.96,0.08,0.25,0.04,58.33,57.38,0.5,0.92,24,1,2
Edoardo Goldaniga,0,0,50,0.44,0,0,0.78,1.83,0,3.39,0,0.44,0,0,44.06,84.24,3.94,61.38,0,0.28,0,0,0.67,0,0.22,0,56.14,53.15,0.67,0.94,18,2,2
Gastón Pereiro,0.11,0,71.43,0.89,0,0,0.22,0,0,0.22,0,0.11,0.11,0.11,12.22,80.91,4.33,70,0,0,0,0,0.33,0,0,0,42.86,50,0.22,0.22,9,2,3
Adrian Šemper,0,0,0,0,0,0,0,0.13,0,0.25,0,0,0,0,31.88,69.02,1.25,41.73,1.88,0.38,0.25,0.13,0.75,0,0,0,100,100,0.38,0,8,2,1
Matteo Solini,0,0,0,0.63,0,0,1.63,0.75,0,4.38,0,0.25,0,0,38.88,76.21,1.5,37.78,0,0.25,0,0,1.25,0,0.13,0,58.62,65.52,1.13,0.88,8,2,2
Dennis Man,0.21,0.21,52.94,1.46,0,0,0.54,0.18,0,0.18,0,0.64,0.14,0.07,24.21,83.92,10.07,67.74,0,0,0,0,0.68,0.07,0.04,0,29.03,42.18,0.71,0.54,28,2,3
Christian Dalle Mura,0,0,66.67,0.22,0,0,1.11,1.52,0,2.56,0,0.15,0.04,0.04,46.15,85.47,5.85,44.97,0,0.15,0,0,0.81,0.19,0.26,0,45.59,52.76,0.15,0.59,27,1,2
Amato Ciciretti,0.15,0,66.67,1.69,0,0,0.69,0.31,0.08,0.08,0,0.62,0.15,0.08,14.92,77.84,3.38,52.17,0,0,0,0,0.54,0,0.23,0,50,50,0.46,0.54,13,2,3
Lorenco Šimić,0.08,0.08,55.56,0.58,0.04,0,0.88,2.31,0.12,3.38,0,0.27,0,0,35.65,75.94,2.58,47.96,0,0.15,0,0,1.08,0.04,0.23,0.04,66.67,59.85,0.42,1.38,26,2,2
Tanner Tessmann,0.09,0,46.81,1.31,0,0.63,1.66,0.69,0.06,1.53,0,0.69,0.13,0.06,41.59,81.07,8.66,53.88,0,0.13,0,0,0.84,0.13,0.16,0.03,55,51.87,0.97,0.94,32,1,3
Jayden Oosterwolde,0.06,0.06,51.61,0.44,0,0,2.44,1.33,0,1.11,0,0.28,0.06,0,36.5,79.45,8.33,41.94,0,0.22,0,0,1.11,0.11,0.22,0.06,44.83,53.33,0.44,1.17,18,1,2
Patrick Cutrone,0.26,0.09,48.48,1.91,0,0,0.57,0.37,0,0.31,0,0.34,0.09,0.06,12.2,73.77,4.06,68.42,0,0.03,0,0,0.86,0.14,0.09,0,24.69,37.33,0.8,0.8,35,2,4
Niccolò Pierozzi,0.12,0.06,40.82,0.76,0,0,2,1.47,0.06,2,0,0.59,0.06,0.06,33.91,74.85,5.29,33.53,0,0.24,0,0,0.91,0.18,0.24,0.03,59.05,56.65,1.35,1.44,34,1,2
Simone Santoro,0.06,0,55.88,1.09,0,0,2.09,0.97,0,1.21,0,1.15,0,0,28.44,73.11,7.76,49.29,0,0.18,0,0,0.76,0.26,0.26,0.03,45.21,55.94,2.09,1.44,34,1,3
Mario Sampirisi,0,0,66.67,0.36,0,0,0.89,0.79,0,1.54,0,0.36,0.14,0,40.43,79.33,6.04,40.59,0,0.46,0,0,0.43,0.14,0.07,0,70.59,64.55,0.64,0.57,28,3,2
Adam Obert,0,0.03,68.75,0.72,0,0,0.69,0.83,0.03,2.48,0,0.38,0.07,0.03,41.86,82.7,4.31,65.16,0,0.17,0,0,0.72,0.07,0.03,0.03,62.96,55.56,0.38,0.76,29,1,2
Kamil Glik,0,0,0,0.67,0,0,0.78,1.28,0,4.5,0,0.39,0.06,0.06,38,80.41,1.5,40.21,0,0.22,0,0,0.83,0.17,0.33,0.06,66.28,63.38,1.06,0.89,18,3,2
Przemysław Wiśniewski,0,0,54.55,0.21,0,0,1.47,1.63,0.05,3.37,0,0.42,0.05,0,52.68,85.11,4,60.77,0,0.11,0,0,1.11,0.26,0.26,0,72,59.49,0.32,1.37,19,2,2
Lucas Da Cunha,0.14,0.07,45,1.29,0,2.38,1,0.21,0,0.21,0,1,0.07,0.14,17.14,84.17,5.93,70.83,0,0,0,0,0.5,0.07,0.07,0,26.67,36.47,0.29,0.64,14,1,4
Arturo Calabresi,0,0.04,47.37,0.38,0,0,2.12,1.12,0.04,2.19,0,0.5,0.08,0.08,33.35,73.59,6.81,41.49,0,0.23,0,0,0.69,0.12,0.27,0.04,46.48,51.14,0.58,1.62,26,2,2
Samuele Mulattieri,0.41,0.1,38.1,1.45,0.07,0,0.41,0.1,0,0.21,0,0.17,0.07,0.14,10.1,77.13,3.34,66.67,0,0.03,0,0,0.28,0.1,0.1,0,26.79,29.27,0.48,1,29,1,4
Gabriele Zappa,0.1,0,32.26,0.38,0,0,1.76,1.14,0.07,1.62,0,0.9,0.14,0.03,43.69,79.16,9.48,37.87,0,0.34,0,0,0.66,0.03,0.28,0,37.04,46.12,0.69,1.07,29,1,2
Leonardo Benedetti,0.1,0.13,59.57,0.77,0.06,0,1.42,0.94,0,1,0,0.58,0.1,0.06,29.74,84.71,6.65,46.81,0,0.06,0,0,0.48,0.16,0.1,0,50.82,53.28,1.13,0.81,31,1,3
Pietro Beruatto,0.03,0,44.12,0.97,0,0,1.71,0.97,0,2.21,0,0.47,0.03,0,29.79,70.68,4.74,28.19,0,0.24,0,0,0.88,0.12,0.35,0,47.46,53.01,0.91,1.26,34,2,2
Federico Melchiorri,0.17,0.17,50,1.28,0,0,0.61,0.17,0,0.44,0,0.22,0.11,0.06,9.22,38.55,2.11,11.11,0,0,0,0,0.33,0,0.22,0,53.41,51.66,0.78,1.06,18,3,4
Gianluca Frabotta,0,0.05,44.44,0.64,0,0,1.23,1.18,0.09,1.68,0,0.68,0.05,0.14,23.23,72.8,4.82,42.25,0,0.18,0,0,0.32,0.05,0.23,0,52.63,48.09,0.36,1.09,22,1,2
Jacopo Furlan,0,0,0,0,0,0,0,0,0,0.5,0.17,0.17,0,0,19.83,53.78,1.67,36.05,3,0.17,0.17,0,1,0.17,0,0,100,50,0,0,6,2,1
Jaime Báez,0.06,0.06,61.9,0.76,0,0,0.29,0.24,0,0.35,0,0.29,0.12,0.12,15.82,77.32,5.59,63.64,0,0.06,0,0,0.06,0.12,0,0,33.33,44.44,0.65,0.47,17,2,4
Jérémy Ménez,0.15,0.12,54.41,1.24,0,0,1,0.09,0,0.18,0,0.36,0.15,0.09,22.91,81.22,7.33,60.32,0,0,0,0,0.79,0.09,0.27,0.03,12.5,49.82,1.94,0.85,33,3,4
Salvatore Elia,0.3,0.1,36.36,1.3,0,0,1,1.1,0,0.5,0,0.8,0,0,17.7,63.84,5.3,33.33,0,0.1,0,0,1,0.3,0.2,0,33.33,44.95,2.7,1.4,10,1,3
Michele Rigione,0.07,0.07,50,0.67,0,0,1,1.04,0.15,3.7,0.04,0.15,0.04,0,41.26,82.41,2.44,55.14,0,0.26,0,0,1.3,0.19,0.19,0,54.17,63.04,0.74,0.56,27,3,2
Salim Diakite,0.03,0.06,55.81,0.41,0,0,1.56,1.56,0,1.75,0,0.34,0,0,30.84,75.38,4.91,39.19,0,0.22,0,0,0.94,0.09,0.19,0.03,71.62,65.97,2,0.97,32,1,2
Francesco Renzetti,0,0,50,0.11,0,0,1.72,0.56,0,1,0,0.22,0.06,0,21.28,72.58,5.06,44.12,0,0,0,0,0.5,0.06,0.11,0,25,59.3,0.61,0.61,18,3,2
Cesc Fàbregas,0,0,40,0.29,0,0,1,0.24,0.06,0.35,0,0.65,0.06,0.12,32.53,83.36,7.82,55,0,0,0,0,0.76,0.12,0.35,0,25,48.05,0.82,0.76,17,3,3
Alessio Iovine,0,0,50,0.67,0,0,1,0.61,0,0.67,0,0.44,0.06,0,19.5,74.07,4.11,51.61,0,0,0,0,0.61,0.17,0.17,0,38.71,51.46,1,0.78,18,3,3
Nicholas Ioannou,0.09,0,32.79,0.63,0,0,1.28,0.78,0,1.78,0,0.38,0.06,0.09,21.53,65.17,3.72,39.29,0,0.16,0,0,0.84,0.22,0.19,0,45.16,51.22,1.16,0.69,32,2,3
Stefano Sabelli,0.03,0.03,35.42,0.53,0,0,1.57,0.97,0.07,1.27,0,0.9,0.2,0.13,37.5,69.96,9.7,35.66,0,0.33,0,0,0.63,0.1,0.33,0,54.55,51.03,1.83,1.43,30,2,3
Marcel Büchel,0.04,0.04,68.42,0.96,0,0,0.75,1.54,0,1.36,0,0.64,0,0.04,40.04,79.48,7.57,58.05,0,0.04,0,0,0.89,0,0.29,0,54.05,48.89,0.82,1.18,28,3,3
Magnus Kofod Andersen,0,0.04,23.08,0.62,0,0,1.15,0.5,0,0.65,0,0.46,0.15,0.15,17.77,82.47,3.85,58.97,0,0.04,0,0,0.5,0.08,0.04,0,28.57,47.66,0.54,0.65,26,1,3
Giuseppe Caso,0.26,0.17,47.79,2.31,0,0,0.14,0.03,0,0.11,0,0.2,0.14,0.09,13.29,81.29,5.03,64.71,0,0.03,0,0,0.34,0.09,0.14,0,37.5,49.78,1.49,0.37,35,2,4
Aleš Matějů,0,0.03,52.17,0.15,0,0,1.73,1.21,0,2.64,0.03,0.55,0,0.06,51.52,84.59,9.15,40.15,0,0.24,0,0,1.09,0.18,0.24,0,65.06,59.69,0.94,1.39,33,2,2
Thiago Cionek,0,0,70,0.42,0,0,1.23,1.55,0.06,2.94,0,0.45,0.03,0.03,35.1,78.68,3.19,49.74,0,0.23,0,0,0.74,0.13,0.23,0.06,48.43,52.32,1.16,1.42,31,3,2
Denis Cheryshev,0.17,0.04,58.33,1.04,0,0,0.61,0.22,0,0.09,0,0.52,0.13,0.09,12.3,70.67,4,52.38,0,0,0,0,0.7,0.09,0.04,0,25,41.58,0.39,0.43,23,3,3
Drissa Camara,0.18,0.05,50,1.05,0.05,0,1.05,0.23,0,0.23,0,0.32,0.09,0.05,14,77.27,5.27,44,0,0,0,0,0.27,0.05,0.23,0.05,26.92,48.84,1.5,1.45,22,1,3
Cristian Ansaldi,0.05,0,41.94,0.52,0,0,1.29,0.43,0,0.67,0,0.57,0.14,0.1,19.71,78.26,6.1,50,0,0.05,0,0,0.48,0.1,0.14,0,50,49.15,0.48,0.81,21,3,2
Antonio Caracciolo,0,0,100,0.09,0,0,1.73,1.73,0.18,5.09,0,0.45,0,0,32.18,74.86,2.27,47.89,0,0.27,0,0,1,0.09,0.27,0.09,68.57,57.3,0.55,2,11,3,2
Shady Oukhadda,0,0,64.44,0.86,0,0,1.52,0.66,0,2.03,0.03,0.34,0,0.07,35.76,73.77,7.59,40.56,0,0.24,0,0,1.03,0.14,0.14,0.03,47.37,62.04,1.52,0.79,29,1,2
Nahuel Estévez,0.03,0.03,55.56,0.97,0,0,0.78,0.94,0.03,1.42,0,0.72,0.14,0.06,39.92,82.12,8.36,40.88,0,0.28,0,0,0.67,0.08,0.19,0.03,53.61,46.02,0.53,1.19,36,2,3
Marcus Rohdén,0.09,0.06,40,1.27,0.03,0,1.03,0.61,0,0.91,0,0.7,0.21,0.18,26.09,76.19,7.03,33.33,0,0.12,0,0,0.45,0.06,0.24,0,41.07,43.81,1.03,1.45,33,3,3
Simone Colombi,0,0,0,0,0,0,0,0,0,0.81,0,0.04,0,0,24.31,69.46,0.88,44.08,2.38,0.38,0.15,0,0.96,0.12,0.08,0,100,93.33,0.23,0,26,3,1
Anthony Partipilo,0.19,0.36,42.11,2.47,0,0,0.89,0.44,0,0.75,0,0.61,0.19,0.08,17.58,70.77,6.14,59.26,0,0.11,0,0,0.89,0.19,0.19,0,32.14,41.45,1.69,1.22,36,2,4
Leandro Chichizola,0,0,0,0,0,0,0,0,0,0.71,0.06,0.12,0,0,28.18,61.38,2.29,40.13,1.94,0.41,0.12,0,0.65,0.12,0.12,0,83.33,72.73,0.24,0,17,3,1
Patryk Peda,0.05,0,58.33,0.33,0.05,0,1.62,1.67,0,2.38,0,0.52,0,0,48.86,84.8,4.67,45.22,0,0.19,0,0,0.9,0.05,0.1,0.1,54.84,56.77,0.62,0.95,21,1,2
Nicolo Contiliano,0,0,75,0.63,0,0,1.13,0.63,0,1.38,0,1,0.13,0.13,31,83.06,6.88,43.75,0,0.13,0,0,1,0.13,0.25,0,25,50.91,1.38,0.88,8,1,3
Antoine Makoumbou,0.03,0,77.55,0.28,0,0,1.19,0.86,0.06,0.78,0,0.44,0.06,0,45.83,88.79,10.25,66.44,0,0.31,0,0,0.78,0.06,0.11,0,32.5,51.09,1.28,1.22,36,2,3
Alessandro Bellemo,0.03,0.03,78.26,0.65,0,0,2.32,1,0.06,1.87,0,1.26,0.03,0.06,33.19,81.63,6.16,50.44,0,0.29,0,0,0.9,0.19,0.29,0,50,56,1.35,1.16,31,2,3
Daniele Baselli,0.06,0,60,0.83,0,0,1.44,0.61,0,0.78,0,0.67,0,0,30.33,83.15,5.94,52.86,0,0,0,0,0.78,0.11,0.22,0,62.5,61.8,0.72,0.44,18,3,3
Andrés Tello,0.18,0.04,57.58,1,0.07,0,1.18,0.61,0,0.64,0.04,1.32,0.07,0.07,28.11,76.87,7,54.67,0,0.11,0,0,0.64,0.21,0.25,0.04,59.18,45.33,0.75,1.46,28,2,3
Nicholas Pierini,0.11,0.06,46.34,0.8,0,1.43,0.66,0.2,0,0.17,0,0.29,0.03,0,11,78.7,4.34,69.57,0,0,0,0,0.49,0.06,0.03,0,37.5,51.61,1.03,0.4,35,2,4
Mehdi Dorval,0,0,40,0.12,0,0,1.12,1.35,0,2.06,0,0.29,0.06,0.06,30.94,79.28,3.59,43.1,0,0.18,0,0,0.47,0.18,0,0,46.43,54.46,1,0.76,17,1,2
Ernesto Torregrossa,0.25,0.04,50,0.96,0,0,0.13,0.04,0,0.42,0,0.42,0.13,0.08,8.92,56.54,2.17,55,0,0,0,0,0.29,0.04,0.04,0,39.24,41.33,1.54,1,24,3,4
Matteo Prati,0.1,0,68.75,1.25,0,0,1.65,0.9,0,1,0,1.2,0.05,0.05,39.45,80.1,6.3,41.94,0,0.05,0,0,1.15,0.15,0.2,0,58.33,50.7,0.7,0.9,20,1,3
Liam Kerrigan,0.25,0.25,40,1.5,0,0,0.5,1,0,0.75,0,0.75,0.5,0,19.25,80.52,5.25,0,0,0,0,0,1,0.25,0,0,20,38.46,1.25,0.75,4,1,3
Andrea La Mantia,0.15,0.29,25,1.85,0.03,0,0.38,0.24,0,0.65,0,0.03,0.06,0.06,12.94,58.18,2.82,50,0,0.09,0,0,0.76,0.18,0.24,0,61.84,55.81,1.41,1.41,34,3,4
Marcos Curado,0,0.03,50,0.73,0,0,1.43,1.93,0,4.17,0,0.43,0,0.03,31.57,70.86,2.2,41.1,0,0.27,0,0,1.17,0.3,0.43,0,66.12,60.71,0.73,1.37,30,2,2
Mattia Aramu,0.08,0.12,34.62,1.31,0.04,0,0.65,0.23,0,0.04,0,0.46,0.12,0.08,19.31,78.69,6.88,38.89,0,0.08,0,0,0.5,0.04,0.15,0,25,43.98,2,1.15,26,2,4
Massimo Bertagnoli,0.08,0.08,66.67,0.54,0,0,1.54,0.54,0,0.54,0,0.62,0,0.08,25.54,80.42,6.46,66.67,0,0.15,0,0,1,0.08,0.15,0,52.63,54.37,1.38,1.38,13,1,3
Gregorio Luperini,0.14,0.03,53.33,1.2,0,0,1.77,0.43,0,0.57,0,0.86,0.11,0,15.97,61.54,4.86,37.25,0,0.11,0,0,0.91,0.17,0.03,0,36.41,44.2,0.97,1.17,35,2,3
Gennaro Borrelli,0.26,0.04,25,1.17,0.13,0,0.26,0,0,0.57,0,0.13,0.09,0.04,4.17,62.5,1.52,44.44,0,0,0,0,0.13,0.04,0.26,0,47.89,39.53,0.43,0.96,23,1,4
Tommy Maistrello,0.21,0.11,46.15,0.95,0.05,0,0.42,0.16,0,0.47,0,0.37,0,0,13.53,48.64,3.53,28.57,0,0,0,0,0.68,0,0,0,57.24,53.51,1.11,1,19,2,4
Cedric Gondo,0.21,0.09,50,1.59,0,0,0.62,0.21,0,0.47,0,0.29,0.03,0,12.44,60.05,3.03,66.67,0,0.03,0,0,0.68,0.03,0.18,0.06,46.09,44.89,1.82,1.88,34,2,4
Marco Sala,0.04,0,37.5,0.42,0,0,1.77,0.58,0.04,1.58,0,0.5,0.19,0.04,27.04,71.83,5.5,28.72,0,0.08,0,0,0.73,0.04,0.15,0,42.42,50.97,0.27,0.62,26,1,3
Kristjan Matošević,0,0,0,0,0,0,0,0,0,1.1,0,0,0,0,23.2,57.76,1.9,38.61,3.2,0.1,0.2,0,1.5,0.1,0,0,100,100,0.1,0,10,2,1
Francesco Zampano,0.03,0,41.25,0.82,0,0,1.52,0.88,0,1.21,0.03,0.61,0.15,0.06,36.82,79.18,7.97,51.02,0,0.12,0,0,1.06,0.12,0.18,0,47.73,48.05,1.33,1.45,33,2,3
Lorenzo Dickmann,0.08,0.03,30,0.92,0.06,0,1.44,1.11,0,1.33,0,1,0.03,0.06,34.53,77.39,6.06,42.42,0,0.11,0,0,1.03,0.19,0.19,0,36.36,47.98,0.94,0.64,36,2,3
Ionuț Nedelcearu,0,0.03,50,0.25,0,0,0.69,1.31,0.03,3.78,0,0.22,0.08,0.08,48.72,87.91,1.81,44.69,0,0.28,0,0,1.06,0.19,0.25,0,61.44,56.07,0.39,1.03,36,2,2
Davide Adorni,0,0.03,50,0.31,0,0,1.81,1.28,0,3.25,0,0.31,0,0,44.47,82.99,2.88,54.36,0,0.19,0,0,1.25,0.16,0.19,0.03,62.5,57.96,0.41,1.56,32,3,2
Stefan Ilsanker,0,0,0,0.25,0,0,1.44,0.5,0,1.06,0,0.31,0.06,0,15.25,81.97,1.06,45.16,0,0,0,0,0.19,0,0.13,0,45.45,59.09,0.38,0.75,16,3,2
Jesse Joronen,0,0,0,0,0,0,0.03,0,0.03,0.79,0,0.06,0,0,29.68,67.89,1.24,40.11,2.88,0.15,0.24,0.03,1.12,0.18,0.09,0.03,100,63.64,0.09,0.06,34,2,1
Stefano Moreo,0.11,0.25,44.74,1.5,0.06,0,0.94,0.31,0,1.31,0,0.33,0.03,0.03,16.78,58.28,4,36.36,0,0.06,0,0,0.89,0.08,0.08,0,53.6,51,0.89,1.31,36,2,4
Florian Ayé,0.22,0.14,53.33,1.7,0.14,0,0.49,0.03,0,0.57,0,0.22,0.05,0.05,14.97,62.45,4.08,50,0,0.05,0,0,0.97,0.11,0,0,41.87,43.53,0.81,0.92,37,2,4
Daniele Casiraghi,0.06,0.03,43.1,1.03,0,0,0.59,0.5,0,0.06,0,0.72,0.28,0.19,16.66,73.73,5.13,67.8,0,0.03,0,0,0.25,0.06,0.16,0,16.67,50.43,2.19,0.66,32,2,3
Giuseppe Ambrosino,0.11,0.11,53.85,1.58,0,0,0.11,0.05,0,0.32,0,0.21,0,0.11,7.58,73.61,3.42,42.86,0,0,0,0,0.37,0,0.11,0,33.33,41.23,1.05,1.11,19,1,4
Tommaso D'Orazio,0.06,0.13,48.39,1.13,0.06,0,1.94,1.06,0,1.35,0,0.39,0,0,27.32,71.9,4.03,38.79,0,0.13,0,0,0.74,0.19,0.19,0,45.61,57.38,1.13,1.03,31,3,2
Petko Hristov,0,0,25,0.36,0,0,1.36,0.73,0.09,3.36,0,0.09,0,0,41.64,81,2.82,40.54,0,0.09,0,0,0.91,0.09,0.45,0.09,61.11,60.81,0.64,1,11,1,2
Niccolò Zanellato,0,0.04,69.57,0.57,0,0,1.11,0.68,0,0.68,0.04,0.36,0,0.04,29,80.17,6.93,57.95,0,0.07,0,0,0.79,0.21,0.18,0,65.22,62.21,1.54,1.14,28,2,3
Caleb Ekuban,0.14,0.36,56,2,0,0,0.43,0,0,0.14,0,0.07,0.14,0.14,10.43,71.92,3.93,50,0,0,0,0,0.43,0.29,0,0,65.63,50.98,0.79,0.93,14,2,4
César Falletti,0.09,0.06,59.52,1,0,0,0.44,0.09,0,0.09,0,0.22,0.19,0,18.63,82.55,6.84,71.11,0,0.03,0,0,0.81,0.09,0.06,0,7.69,48.3,0.97,0.38,32,3,4
Simone Canestrelli,0.12,0.06,0,0.41,0.12,0,1,0.76,0.06,2.59,0,0.29,0.06,0.06,26.24,77.35,0.94,44.3,0,0.06,0,0,0.71,0.18,0.18,0,67.27,61.05,0.24,0.76,17,1,2
Ben Lhassine Kone,0.11,0,63.16,1.11,0,0,1.32,0.95,0,0.74,0,0.74,0.05,0,21.26,82.67,4.79,51.22,0,0.16,0,0,0.26,0,0.26,0,33.33,48.69,2,1.74,19,1,3
Aleandro Rosi,0,0,100,0.33,0,0,1,1.53,0,2.07,0,0.07,0,0.13,18.6,72.04,2.73,32.81,0,0.07,0,0,0.4,0.2,0.27,0.07,67.44,61.36,0.53,1.27,15,3,2
Alessandro Selvini,0,0,100,0,0,0,0,0,0,0,0,1,0,1,8,75,4,0,0,0,0,0,0,0,0,0,0,50,0,0,1,1,4
Alexis Ferrante,0,0,0,1,0,0,0,0,0,1,0,0,0,0,3,100,1,0,0,0,0,0,0,0,0,0,50,16.67,0,3,1,2,4
Federico Santander,0,0,0,2,0,0,0,0,0,0,0,0,0,0,3.33,60,0.67,0,0,0,0,0,0,0,0,0,80,66.67,0,0,3,3,4
Mauro Zárate,0,0,50,2.33,0,0,1,0.33,0,0,0,0.33,0.33,0,12.33,81.08,5.67,100,0,0,0,0,0.33,0.33,0,0,0,40.91,1,0.33,3,3,4
Bruno Bertinato,0,0,0,0,0,0,0,0,0,1.33,0,0,0,0,18.33,76.36,0.33,50,3,0,0.67,0,1,0.33,0,0,100,100,0,0,3,2,1
Sebastien De Maio,0,0,0,0.6,0,0,0.4,1,0,4,0,0.2,0,0,26.4,82.95,1,37.21,0,0,0,0,0.7,0.1,0.2,0,67.65,60.78,0.4,0.7,10,3,2
Idrissa Touré,0.1,0.03,38.98,0.9,0,0,1.52,1,0,0.97,0,0.69,0.1,0.07,23.1,70.6,5.93,34.38,0,0.14,0,0,0.62,0.1,0.1,0,59.78,51.28,0.83,0.93,29,2,3
Valerio Mastrantonio,0.04,0.04,25,0.68,0,0,1.56,0.92,0,0.48,0.04,0.32,0.04,0.04,15,71.2,3.88,39.22,0,0,0,0,0.8,0,0.24,0,41.67,54.92,0.6,0.84,25,1,3
Woyo Coulibaly,0.06,0.06,68.18,0.5,0,0,1.22,0.83,0,0.61,0,0.17,0.06,0.06,19.78,87.64,4.22,44.44,0,0.06,0,0,0.33,0,0.33,0,57.89,56.99,0.28,0.78,18,1,2
Alberto Paleari,0,0,0,0.03,0,0,0.03,0.03,0,0.94,0.03,0,0,0,24.36,60.82,1.09,36.14,2.39,0.15,0.18,0.06,1.03,0.18,0.03,0,88.89,91.67,0.12,0,33,3,1
Giuseppe Sibilli,0.09,0,55.07,1.59,0.03,0,0.78,0.44,0,0.28,0,0.47,0.06,0,16.81,74.91,5.63,67.11,0,0,0,0,0.63,0.13,0.19,0,31.48,43.12,1.22,1.34,32,2,4
Michael Venturi,0,0.12,60,0.47,0,0,1.82,1,0,3.24,0,0.53,0,0.06,31.18,78.68,2.12,45.92,0,0.12,0,0,1.24,0.06,0.29,0,47.06,57.6,1.12,1.18,17,1,2
Luca Fiordilino,0,0,60,0.13,0,0,1.6,0.67,0,0.6,0,0.6,0,0,27.2,82.35,4.6,48.45,0,0.03,0,0,0.6,0.17,0.2,0,52.94,58.29,1,0.83,30,2,3
Christos Kourfalidis,0.05,0,50,1.1,0,0,1.14,0.57,0,0.71,0,0.76,0.1,0.14,25.33,75.19,6.38,46.55,0,0.05,0,0,0.52,0.05,0.05,0,43.18,45.75,0.81,1,21,1,3
Adrian Benedyczak,0.25,0.06,30,0.88,0.06,0,0.28,0.06,0,0.59,0,0.13,0.03,0.03,11.44,66.94,3.78,27.27,0,0,0,0,0.47,0.03,0.06,0,50,43.27,0.41,0.78,32,1,3
Michele Marconi,0,0,100,0.5,0,0,0,0.13,0,0.25,0,0,0,0.13,5.38,55.81,0.38,0,0,0,0,0,0.25,0,0.13,0,46.67,54.35,1.13,0.63,8,3,4
Gennaro Tutino,0.14,0.14,55.1,1.17,0,0,0.17,0.11,0,0.26,0,0.23,0.06,0.06,13.69,78.08,5.11,81.25,0,0,0,0,0.46,0.03,0.06,0,35.19,44.33,1.09,0.66,35,2,4
Domenico Frare,0,0.04,100,0.29,0,0,1.25,1.5,0,2.68,0,0.18,0.04,0,34.54,78.39,1.46,45.7,0,0.21,0,0,1.18,0.07,0.18,0,52.46,55.83,0.46,0.89,28,2,2
Mirco Antenucci,0.28,0.13,34.48,1.5,0.03,3.13,0.16,0.16,0,0.38,0,0.25,0.19,0.06,16.47,80.46,6.41,45.45,0,0,0,0,0.44,0.16,0.09,0,36,40.48,0.84,0.41,32,3,4
Edoardo Corvi,0,0,0,0,0,0,0,0,0,0.6,0,0,0,0,25.6,60.94,0.8,35.9,1.8,0.4,0,0,0.8,0,0,0,0,0,0,0,5,1,1
Giacomo Olzer,0.21,0,50,0.57,0,0,1.14,0.5,0,0.64,0.07,0.21,0,0,11.29,54.43,2.36,14.29,0,0,0,0,0.43,0.07,0.21,0,46.15,45.24,0.71,1.64,14,1,3
Gaetano Masucci,0.26,0.04,100,0.87,0.04,0,0.35,0.13,0.04,0.13,0,0.09,0,0.09,5.52,61.42,1.22,22.22,0,0,0,0,0.48,0.09,0.17,0,28.99,34.48,0.48,1,23,3,4
Leonardo Mancuso,0.19,0.13,42.11,1.22,0.03,0,0.34,0.09,0,0.47,0,0.38,0.09,0.09,8.44,71.85,2.69,70.59,0,0,0,0,0.66,0.16,0.13,0,38.33,41.21,0.81,0.69,32,3,4
Elias Cobbaut,0,0,0,0.22,0,0,0.44,0.89,0,2.56,0,0.44,0,0.11,40.89,81.25,3.78,50.63,0,0.22,0,0,0.44,0,0.11,0.11,66.67,59.09,0.44,0.56,9,2,2
Michaël Cuisance,0.15,0,64.29,0.92,0,0,1.08,0.23,0,0.31,0,1,0,0.15,25.54,79.52,5.85,51.52,0,0,0,0,0.77,0.15,0,0,28.57,42.4,1.31,1.38,13,1,3
Mikael Ellertsson,0.13,0.13,66.67,1.06,0,0,1.25,0.44,0,0.31,0,0.88,0.06,0.06,15.38,82.52,4.75,37.5,0,0.13,0,0,0.63,0.06,0.19,0,50,53.7,1.13,0.88,16,1,3
Giacomo Ricci,0.05,0,48.65,0.9,0,0,2.35,0.65,0.05,1.75,0,1.35,0.1,0.1,42,77.02,8.15,40,0,0.25,0,0,0.7,0.2,0.15,0.05,45,48.92,0.85,1.55,20,2,2
Pietro Martino,0,0,50,0.18,0,0,1.25,1.07,0.04,2.29,0,0.43,0.14,0.04,27.36,75.33,4.18,55.63,0,0.11,0,0,0.86,0.04,0.14,0.04,53.45,54.38,1.25,1.04,28,2,2
Matthieu Huard,0,0,62.5,0.23,0,0,1.08,1,0.08,1.92,0,0.38,0.23,0.04,38.08,75.96,6.19,38.89,0,0.12,0,0,1.08,0.12,0.19,0,46.3,54.34,0.81,0.81,26,2,2
Federico Dionisi,0.15,0.06,36.36,1.76,0,0,0.58,0.06,0,0.18,0,0.3,0.06,0.09,11.48,69.66,3.67,52.94,0,0.03,0,0,0.58,0.03,0.12,0,32.93,38.99,1.39,1.03,33,3,4
Davide Diaw,0.34,0.34,42.62,2.34,0.14,0,0.55,0.03,0,0.69,0,0.48,0,0.03,10.21,56.42,3.21,40,0,0,0,0,0.72,0.1,0.28,0.03,45.83,39.83,1.52,2.66,29,3,4
Samuele Damiani,0,0,75,0.33,0,0,1.41,0.33,0,0.48,0,0.41,0.04,0.04,22.74,83.39,4.19,52.56,0,0.04,0,0,0.33,0.04,0.04,0,44.44,55.93,0.37,0.44,27,2,3
Giannis Fetfatzidis,0.08,0,50,1.54,0,0,0.62,0.31,0,0.08,0,0.62,0.08,0.08,14.69,85.86,5.62,81.82,0,0,0,0,0.77,0.15,0.15,0,0,47.06,0.92,0.15,13,3,3
Ridgeciano Haps,0.04,0,40,0.83,0,0,1.04,1.21,0,0.63,0,0.25,0.13,0.04,28.21,76.96,5.46,50,0,0.13,0,0,0.75,0.21,0.29,0.04,66.67,62.5,1.46,0.88,24,2,3
Marcin Listkowski,0.08,0,63.16,0.92,0,0,0.67,0.58,0,0.17,0,0.5,0.08,0,17,74.02,5.08,50,0,0,0,0,0.75,0,0.33,0,30,51.9,1.5,1.08,12,2,3
Vincenzo Garofalo,0,0,0,0.33,0,0,2,0.33,0,0.67,0,0,0,0,7,61.9,1,50,0,0,0,0,0,0,0.33,0,75,60,0,1.33,3,1,3
Lorenzo Crisetig,0.03,0,52.94,0.31,0,0,0.9,1.21,0,1.03,0,0.45,0.03,0,31.79,84.49,5.55,62.65,0,0.1,0,0,0.86,0.07,0.17,0,59.09,57.56,1.31,0.93,29,2,3
Claudio Gomes,0,0,75,0.23,0,0,1.62,0.77,0.04,1,0,0.38,0,0.04,37.62,83.33,7,51.14,0,0.15,0,0,1.04,0.15,0.27,0,51.22,58.6,0.85,1.04,26,1,3
Francesco Lisi,0.12,0,30.95,1.5,0,0,0.88,0.62,0.04,0.31,0,0.58,0.08,0.19,18.88,69.45,5.85,30.88,0,0.08,0,0,0.5,0.27,0.35,0.04,42.31,40,0.88,1.38,26,3,3
Davide Bettella,0,0,25,0.42,0,0,1.16,1.37,0,2,0,0.37,0,0,28.32,79.18,2.42,28.05,0,0.11,0,0,0.74,0.11,0.16,0.05,55.1,61.54,1.16,0.58,19,1,2
Mauro Coppolaro,0,0,77.78,0.24,0,0,1.18,1.12,0.06,2.35,0,0.24,0,0,29.06,81.78,6.41,52.24,0,0.06,0,0,1,0.12,0.18,0,47.83,61.18,0.82,0.71,17,2,2
Mattia Viviani,0,0,64.29,0.57,0,0,2.24,0.62,0,0.76,0,0.52,0,0,26.05,79.52,5.57,38.6,0,0.1,0,0,0.67,0,0.29,0.1,69.57,61.88,1.29,1.24,21,1,3
Emanuele Ndoj,0.07,0.04,53.85,1.21,0,0.51,1.68,0.39,0,0.57,0,0.64,0.04,0.11,22,77.44,6.14,64.21,0,0,0,0,0.79,0.14,0.29,0.04,28.21,51.01,2.36,1.68,28,2,3
Raffaele Celia,0.14,0,43.33,0.61,0,0,1.18,0.79,0,1.14,0,0.54,0.11,0,27.71,80.8,4.82,50.5,0,0.07,0,0,1.04,0.18,0.14,0,33.33,50.82,0.89,0.57,28,1,3
Pedro Mendes,0.13,0.2,33.33,1.53,0,0,0.23,0.07,0,0.33,0,0.13,0,0.03,14.2,56.1,2.73,23.81,0,0,0,0,0.73,0,0,0,53.7,51.03,0.93,0.73,30,1,4
Alessandro Di Pardo,0,0,71.43,0.25,0,0,1.13,0.75,0,1.63,0,0.38,0,0,34.13,80.22,7.19,42.11,0,0.13,0,0,0.63,0.06,0.06,0.06,60,64,0.5,0.44,16,1,2
Tommaso Cassandro,0,0.06,54.55,0.89,0,0,1.83,1.17,0,1.56,0,0.5,0,0,36.61,72.69,6.39,31.25,0,0.28,0,0,0.89,0.11,0.28,0,43.48,55.77,1.56,1.28,18,1,2
Matteo Arena,0,0,80,0.61,0,0,1.56,1.06,0.06,3.06,0,0.56,0,0,43.39,81.43,2.89,53.78,0,0,0,0,0.94,0.22,0.28,0.06,67.57,58.23,0.56,1.56,18,1,2
Alexander Jallow,0.05,0,35.29,0.86,0,0,1.86,0.95,0,1.9,0,0.57,0.14,0.05,34.95,75.75,5.48,32.41,0,0.14,0,0,1.29,0,0.1,0,56.41,55.32,0.52,0.81,21,2,2
Alessandro Celli,0,0,53.85,0.52,0,0,0.61,0.7,0.09,1.57,0,0.17,0,0,23.96,74.95,4,33.68,0,0.3,0,0,0.48,0.09,0.22,0,51.85,52.63,0.65,0.74,23,2,2
Abdoulaye Touré,0,0,0,0,0,0,0.67,0,0,1,0,0,0,0,5.33,87.5,3.33,100,0,0,0,0,0.33,0,0,0,50,71.43,0.33,0,3,2,3
Federico Pace,0,0,100,0.25,0,0,1,0.5,0,0,0,0,0,0,12,70.83,2.75,50,0,0,0,0,0.25,0,0,0,100,87.5,0,0,4,1,2
Franco Zuculini,0,0,0,0,0,0,0.75,0.5,0,0.25,0,0.25,0,0,3.25,61.54,0.5,100,0,0,0,0,0,0,0.5,0,50,55.56,0.25,0.5,4,3,3
Simone Romagnoli,0,0,0,0.33,0,0,1.5,1,0,2.67,0.17,0,0,0,50.83,79.34,2.67,35.56,0,0.33,0,0,1.17,0.17,0,0,76.19,71.43,0,0.5,6,3,2
Daniele Donnarumma,0,0,74.07,0.6,0,0,1.75,1.05,0,1.55,0,0.45,0.05,0,32,66.09,5.15,36.31,0,0.25,0,0,0.95,0.1,0.25,0,50,57.04,0.55,1.25,20,3,2
Mirko Antonucci,0.3,0.14,39.42,1.81,0,0,0.78,0.38,0,0.16,0,0.46,0.03,0.03,18.65,69.71,7.32,25,0,0.03,0,0,0.86,0.08,0.14,0,33.33,42.12,1.32,0.95,37,1,3
Aurélien Scheidler,0.16,0.16,57.89,1.21,0,0,0.42,0.05,0,0.63,0,0.11,0.05,0.11,10.21,60.31,2.47,80,0,0,0,0,0.58,0.21,0.11,0,57.58,46.76,0.42,1.26,19,2,4
Karlo Lulić,0,0,75,0.55,0,0,0.55,0.25,0,0.15,0,0.3,0.1,0.15,22.1,79.86,6,45.45,0,0.05,0,0,0.25,0,0.1,0,54.55,34.43,0.05,1,20,2,3
Žan Žužek,0,0,50,0.07,0,0,0.67,1.2,0,3,0,0.07,0,0,25.27,89.71,1.53,54.9,0,0.07,0,0,0.67,0.13,0,0,50,53.23,0.2,0.33,15,2,2
Vassilis Zagaritis,0,0.08,42.86,0.15,0,0,1.38,0.46,0,0.77,0,0.23,0.15,0,16.62,76.85,5.38,23.81,0,0,0,0,0.23,0.08,0.23,0,42.86,54.02,0.62,0.46,13,1,2
Michele Camporese,0,0.04,0,0.27,0,0,0.5,0.62,0.04,3.88,0.04,0.04,0,0,28.81,83.31,1.27,54.17,0,0.15,0,0,0.81,0.12,0.15,0,65.56,69.11,0.5,0.27,26,3,2
Alessandro Tripaldelli,0,0,31.82,0.14,0,0,1.27,0.82,0.09,1.64,0,0.27,0.09,0.09,21.23,73.45,3.32,23.33,0,0.18,0,0,0.73,0.05,0.27,0,33.33,50.28,1.55,0.64,22,1,2
Marco Brescianini,0.08,0,64.44,0.89,0,0,1.35,0.62,0,0.95,0,0.54,0.08,0.03,24.27,79.06,4.78,39.6,0,0.14,0,0,0.97,0.14,0.16,0,46.77,43.68,0.35,1.51,37,1,3
Eddie Salcedo,0.17,0.09,33.33,1.26,0.04,0,0.61,0.17,0,0.17,0,0.22,0.04,0.04,9.57,81.82,4.22,100,0,0,0,0,0.35,0.13,0.09,0,44.74,44.85,0.91,0.7,23,1,4
Lorenzo Andrenacci,0,0,0,0,0,0,0,0,0,0.73,0,0.09,0,0,22.68,57.11,0.86,33.33,2.77,0.18,0.18,0,1.45,0.05,0.09,0,100,77.78,0.14,0,22,2,1
Nicolas Galazzi,0.07,0.07,48.28,0.93,0,0,0.59,0.22,0,0.19,0,0.85,0.19,0.15,17.52,75.69,4.74,52.94,0,0,0,0,0.81,0.07,0.07,0,19.44,40.56,1.33,0.81,27,1,3
Daam Foulon,0.06,0,42.5,0.77,0,0,1.16,0.87,0.06,1.35,0,0.65,0.1,0.03,22.1,72.41,4.55,37.38,0,0,0,0,0.74,0.13,0.26,0,55.07,53.33,1.19,1.13,31,1,2
Giuseppe Rossi,0,0,75,1,0,0,0.2,0.2,0,0.4,0,0.4,0,0,8.8,75,2.4,40,0,0,0,0,0.4,0,0,0,50,54.55,0.2,0,5,3,4
Rigoberto Rivas,0.08,0.16,40,1.03,0,0,0.74,0.26,0,0.66,0,0.37,0.08,0.05,16.61,72.27,5.63,57.58,0,0.03,0,0,0.63,0.13,0.03,0,42.62,40.67,0.61,0.89,38,2,4
Jakub Łabojko,0,0,44.44,0.5,0,0,1.3,0.43,0,0.87,0,0.83,0.07,0.07,24.57,79.92,4.9,55.68,0,0.03,0,0,0.8,0.03,0.1,0,37.5,42,0.23,0.87,30,2,3
Luca Vido,0.04,0.04,69.23,0.84,0,0,0.32,0.04,0,0.2,0,0.16,0.08,0,6.52,70.55,1.76,66.67,0,0,0,0,0.12,0,0.04,0,39.39,45.68,0.28,0.36,25,2,4
Luca Moro,0.18,0.18,32,1.29,0.06,0,0.38,0.12,0,0.53,0,0.09,0.03,0,9.38,67.71,2.79,75,0,0,0,0,0.35,0.09,0.06,0,32.06,40.14,1.62,1.06,34,1,4
Marco Capuano,0,0.09,100,0.45,0,0,1.36,1.36,0,3.09,0.09,0.18,0,0,33.55,78.05,1.45,32.08,0,0.18,0,0,0.82,0.27,0.18,0,57.5,64.06,0.18,0.36,11,3,2
Adrian Rus,0,0,0,0.69,0,0,0.81,0.88,0.06,2.63,0,0.19,0,0,36.63,82.76,1.94,48.39,0,0.13,0,0,0.81,0.06,0.13,0.06,49.09,48.91,0.31,0.88,16,2,2
Valentin Mihăilă,0.13,0.2,50,1.8,0,1.33,0.27,0.07,0,0.13,0,0.27,0,0.2,11.87,74.72,4.4,66.67,0,0,0,0,0.4,0.13,0.13,0,50,42.65,0.4,0.67,15,1,4
Matteo Stoppa,0,0,0,0.33,0,0,0,0.33,0,0,0,0,0.33,0,3.33,80,1.67,0,0,0,0,0,0,0,0,0,0,60,1,0.33,3,1,4
Gabriele Piccinini,0,0,100,0.33,0,0,0,0,0,0.67,0,0,0.33,0,5,73.33,1.33,25,0,0,0,0,0,0,0,0,0,50,0.33,0,3,1,4
Marco Modolo,0,0.2,0,0.4,0,0,0.3,0.4,0,1.8,0,0.3,0,0,40,89.75,2.5,68.25,0,0,0,0,0.8,0.1,0.2,0,78.57,66.67,0.3,0.4,10,3,2
Francesco Forte,0.18,0.15,45,1.68,0.03,0,0.44,0.26,0,0.53,0,0.24,0.03,0.06,10.44,66.2,3.21,50,0,0.15,0,0,0.76,0.03,0.18,0,39.78,37.95,0.85,1.29,34,2,4
Francesco Gelli,0,0,75,0.3,0,0,0.9,0.2,0,0.8,0,0.1,0,0.1,43.4,86.41,9,50,0,0.1,0,0,0.6,0.2,0,0,48,50.79,0.5,0.8,10,2,3
Luca Valzania,0,0.05,18.75,0.9,0,0,1.71,0.76,0.05,1.29,0,0.76,0.14,0.1,24.81,81.57,6.86,64.1,0,0.14,0,0,0.81,0,0.19,0,57.14,53.21,1.33,1,21,2,3
Idriz Voca,0,0.03,45.45,0.36,0,0,1.91,1.27,0,1.33,0,0.94,0.03,0.03,32.03,83.44,5.21,49.02,0,0.09,0,0,1.03,0.15,0.27,0,30.34,45.67,0.97,1.09,33,2,3
Luigi Canotto,0.16,0.16,43.75,1.57,0,0,0.22,0.08,0,0.05,0,0.11,0.19,0.08,10.43,79.27,3.62,60.71,0,0,0,0,0.57,0.08,0.11,0,28.57,39.78,0.86,0.49,37,2,4
Zito Luvumbo,0.08,0.03,46.15,1.28,0,0,0.61,0.03,0,0.08,0,0.36,0.11,0.06,8.75,73.97,2.81,54.55,0,0.03,0,0,0.42,0.03,0.11,0,10.34,44.96,1.69,1.06,36,1,4
Ignacio Lores Varela,0,0.04,45.45,1.04,0,0,1.04,0.39,0,0.18,0,0.43,0.07,0.04,12.39,59.37,3.5,48.28,0,0,0,0,0.71,0,0.18,0,35.96,44.28,1.25,1.04,28,3,4
Gianluca Busio,0,0,25,0.57,0,0,1.21,0.61,0,0.71,0,0.71,0,0,29.61,87.45,5.11,64,0,0.04,0,0,0.61,0.04,0.07,0,51.28,51.35,0.71,0.68,28,1,3
Matteo Tramoni,0.16,0.13,46.55,1.22,0,0,1.09,0.31,0,0.25,0,0.59,0.06,0.03,13.25,76.42,4.78,57.14,0,0,0,0,0.41,0.03,0.03,0,46,42.62,0.5,0.97,32,1,3
Giacomo Beretta,0.17,0.17,60,1.17,0,0,0.42,0,0,0.33,0,0.25,0.08,0.17,8.08,68.04,2.33,40,0,0,0,0,0.67,0.08,0.17,0,28.26,36.05,0.83,1.17,12,3,4
Moutir Chajia,0.08,0,55.56,1.25,0,0,0.58,0,0,0,0,0.33,0,0.17,8.25,89.9,3.25,80,0,0,0,0,0.25,0.08,0.17,0,0,50,0.75,0.33,12,2,3
Mamadou Coulibaly,0.11,0.04,62.07,0.71,0.04,0,1.32,0.86,0.04,0.57,0,0.57,0,0.04,22.54,77.5,5.11,56.41,0,0.11,0,0,0.71,0.14,0.11,0,47.14,50.95,0.71,0.71,28,1,3
Hamza El Kaouakibi,0,0.08,63.64,0.38,0,0,1.15,0.92,0,1.62,0,0.85,0,0,32.38,78.86,6,42.86,0,0.08,0,0,0.54,0.08,0.23,0.08,52.63,45.45,0.23,0.77,13,2,2
Christian D'Urso,0.11,0.06,53.57,0.47,0.06,0,0.81,0.28,0,0.25,0,0.67,0.17,0.14,18.47,83.31,5.83,63.27,0,0,0,0,0.92,0.08,0.06,0,21.05,43.41,0.72,0.56,36,2,3
Edoardo Soleri,0.14,0.1,21.05,1.17,0.1,0,0.52,0.03,0,0.45,0,0.14,0.1,0.07,8.59,63.45,2.48,40,0,0.03,0,0,0.41,0.07,0.1,0,38.98,40.57,0.72,0.9,29,2,4
Tommaso Milanese,0.1,0.2,60,1.2,0,0,0.8,0.2,0,0.7,0,0.5,0,0,21.5,82.33,6.2,50,0,0,0,0,0.7,0.2,0.1,0,27.27,48.48,0.9,0.4,10,1,3
Gianmarco Cangiano,0,0,100,0.33,0,0,0.5,0,0,0.17,0,0,0,0,5.33,87.5,3,0,0,0,0,0,0.17,0,0.17,0,50,66.67,0.83,0.5,6,1,4
Mattia Proietti,0,0,100,0.69,0,0,1.13,0.56,0,0.63,0,0.5,0,0,22.38,84.36,6.75,78.57,0,0,0,0,0.75,0.06,0.06,0.06,52.38,60.26,0.88,0.56,16,3,3
Luca Belardinelli,0.07,0.04,37.5,0.93,0.07,0,1.7,0.85,0,1.3,0,1.22,0.04,0.07,24.52,74.77,5.04,56.76,0,0.19,0,0,0.59,0.11,0.26,0,50.52,44.59,1.07,1.85,27,1,3
Nermin Karić,0,0.03,59.52,1.09,0,0,1.52,0.48,0,0.33,0,0.52,0.03,0.03,32.03,82.21,8.58,56,0,0.21,0,0,0.73,0.15,0.24,0,57.58,50.66,0.64,0.94,33,1,3
Niccolò Corrado,0.03,0.03,61.82,0.43,0,0,0.69,1.09,0,1.29,0,0.51,0.14,0.03,25.09,78.25,5.09,51.76,0,0.11,0,0,0.83,0.17,0.06,0,43.59,52.46,0.6,0.2,35,1,3
Filippo Berra,0,0.05,36.36,0.42,0,0,1.21,1.11,0,1.89,0,0.37,0.05,0,15.47,61.56,2.16,30.59,0,0.05,0,0,0.47,0.16,0.21,0,40,54.55,0.68,0.68,19,2,2
Marius Marin,0.03,0.03,34.21,0.55,0,0,2.27,1.24,0.03,1.36,0,1.48,0.03,0,28.09,75.08,6.48,49.62,0,0.18,0,0,0.94,0.12,0.42,0.03,39.74,47.38,1.61,1.85,33,2,3
Enrico Celeghin,0,0,0,0.14,0,0,1.71,0.43,0,1.29,0,0.57,0,0,11.29,68.35,1.71,58.33,0,0,0,0,0.29,0.29,0.14,0,50,56.1,0.43,0.71,7,1,3
Samuel Di Carmine,0.14,0.31,16.67,1.66,0.03,0,0.24,0,0.03,0.72,0,0.17,0.03,0.03,11.45,64.46,3.72,69.23,0,0.03,0,0,0.72,0.17,0.07,0,51.61,41.03,0.83,1.52,29,3,4
Simon Sohm,0,0.07,42.11,0.48,0,0,0.93,0.19,0,0.26,0,0.3,0.15,0.11,21.7,83.62,7.7,80,0,0.07,0,0,0.56,0.04,0.19,0,34.88,42.36,0.48,0.89,27,1,3
Alessandro Salvi,0,0,66.67,0.48,0,0,1.33,1.33,0,1.43,0,0.67,0.19,0.05,32.1,70.62,5.86,37.97,0,0.14,0,0,1,0,0.38,0.05,57.45,53.75,1,1.57,21,3,2
Joaquín Larrivey,0.12,0.06,40,0.45,0.06,0,0.42,0.18,0,0.85,0,0.15,0.03,0,14.18,63.03,2.82,32,0,0.03,0,0,0.64,0.09,0.09,0,48.03,46.58,0.45,0.7,33,3,4
Nik Prelec,0,0.17,37.5,0.67,0,0,0.25,0.08,0,0.08,0,0.25,0.08,0.17,11.92,65.03,3.17,75,0,0,0,0,0.25,0,0,0,41.3,40.66,1.17,0.92,12,1,4
Salvatore Molina,0,0,60,0,0,0,1.15,0.15,0,0.38,0,0.69,0.15,0.15,15,83.08,2.92,58.82,0,0.08,0,0,0.38,0.15,0,0,33.33,54.17,0.38,0.08,13,3,3
Giuseppe Mastinu,0,0.04,54.55,1.08,0,0,0.88,0.5,0,0.62,0,0.58,0,0,16.92,69.77,3.77,38.67,0,0,0,0,0.58,0.08,0.27,0,50,43,0.12,0.77,26,3,3
Stanko Jurić,0,0,38.89,0.47,0,0,1.47,0.6,0,0.97,0,0.57,0.1,0,33.6,81.94,5.73,60,0,0.13,0,0,0.8,0.03,0.23,0,55.65,49.19,0.23,1.03,30,2,3
Marco Curto,0.06,0,40,0.32,0,0,1.53,1.03,0,2.15,0,0.62,0,0,25.21,73.86,3.65,40.41,0,0.18,0,0,0.53,0.12,0.12,0.06,43.75,49.73,0.38,0.82,34,1,2
Andrea Papetti,0,0.1,57.14,0.15,0,0,1.4,1.55,0.05,3.4,0.05,0.35,0,0,45.45,84.16,2.15,36.84,0,0.1,0,0,1.5,0.1,0.25,0.05,42.17,52.57,1.25,1.1,20,1,2
Mario Gargiulo,0.04,0.08,41.67,0.96,0,0,1.17,0.5,0.04,0.79,0,0.54,0.08,0,23.17,75.18,6.13,38.71,0,0.04,0,0,0.75,0.08,0.08,0,52.08,50,0.71,1.13,24,2,3
Tommaso Silvestri,0,0,66.67,0.28,0,0,0.45,1.38,0,2.72,0,0.1,0,0,27.52,79.57,1.28,34.68,0,0.24,0,0,1.1,0.07,0.24,0,66.04,59.76,0.55,0.97,29,3,2
Alessandro Gabrielloni,0.14,0.1,27.27,1.17,0.07,0,0.38,0.03,0,0.38,0,0.1,0.07,0.03,6.52,65.61,2.28,57.14,0,0,0,0,0.21,0.07,0.1,0,33.33,37.57,0.86,0.86,29,2,4
Jacopo Segre,0.12,0.06,50,0.91,0.06,0,0.68,0.41,0,0.41,0,0.53,0,0,18.29,81.03,5.56,50,0,0.12,0,0,0.74,0.15,0.18,0,44.74,47.88,1.12,1,34,2,3
Raúl Asencio,0.12,0.29,50,1.47,0,0,0.41,0.18,0,0.47,0,0.24,0.12,0.06,11.47,56.41,3.53,66.67,0,0,0,0,0.65,0.12,0.12,0.06,49.56,45.41,1,1.24,17,2,4
Edoardo Masciangelo,0,0,54.55,0.53,0,0,0.63,0.74,0.05,0.79,0,0.32,0.05,0.11,20.89,76.32,4.79,44.83,0,0,0,0,0.42,0.11,0.16,0,66.67,55.41,0.79,0.63,19,2,2
Luca Lipani,0,0,0,0,0,0,0.5,0,0,0,0,0,0,0.5,3,100,1,100,0,0,0,0,0,0,0,0,0,25,0,0.5,2,1,3
Anthony Fontana,0,0,0,0,0,0,1,0,0,0,0,0,0,0,0,0,0,0,0,0,0,0,0,0,0,0,0,100,0,0,1,1,3
Fabio Parravicini,0,0,0,1,0,0,0,1,0,0,0,0,0,0,5,60,0,100,0,0,0,0,0,0,0,0,0,0,0,0,1,1,3
Dario Sits,0,0,100,0.5,0,0,1,0,0,0,0,0,0,0,3.5,28.57,0,0,0,0,0,0,0,0,0,0,66.67,75,0.5,0,2,1,4
Elvis Kabashi,0,0,100,0,0,0,1.5,0,0,0.5,0,0,0,0,6.5,61.54,0.5,50,0,0,0,0,0.5,0.5,0,0,100,72.73,1.5,1.5,2,2,3
Noam Baumann,0,0,0,0,0,0,0,0,0,1,0,0,0,0,31.5,82.54,0,45,2.5,0,0,0,1.5,0,0,0,0,100,0.5,0,2,2,1
Luca Maniero,0,0,0,0,0,0,0,0,0,2,0,0,0,0,25.5,62.75,3,50,2,0.5,0.5,0,1.5,0,0.5,0,0,0,0,0,2,2,1
Christian Capone,0,0,0,0.75,0,0,0.25,0.25,0,0.25,0,0.25,0,0,11,84.09,4,80,0,0,0,0,0.5,0,0,0,50,30,0.25,0.75,4,1,3
Mauro Vigorito,0,0,100,0,0,0,0,0,0,0.75,0,0,0,0,19.25,68.83,1,52.94,2,0.5,0,0,1.5,0,0,0,0,100,0.5,0,4,3,1
Kevin Vinetot,0,0,0,0.17,0,0,0.33,0.83,0,3.5,0,0.67,0,0,26.17,90.45,1.33,60,0,0.17,0,0,1,0.17,0,0,46.15,39.13,0.17,0.5,6,3,2
Nicholas Bonfanti,0.23,0.17,50,1.6,0.07,0,0.2,0.03,0.03,0.3,0,0.03,0.03,0.03,6.7,62.19,2.07,42.86,0,0.03,0,0,0.5,0.07,0.03,0,36.67,36.11,0.43,0.8,30,1,4
Edoardo Duca,0,0,44.44,0.67,0,0,0.95,0.67,0,0.38,0,0.43,0.1,0,15.48,81.23,5.29,30,0,0,0,0,0.62,0.1,0.1,0,60,51.77,1.19,0.9,21,2,3
Georgi Tunjov,0,0,52,0.74,0,0,0.48,0.22,0,0.39,0,0.48,0.13,0.04,11.43,74.14,3.57,65.22,0,0,0,0,0.3,0.04,0.09,0,52.63,41,0.3,0.65,23,1,3
Luca Magnino,0.11,0.11,37.5,0.72,0,0,1.47,1.03,0.03,1.06,0,1.06,0.06,0.06,29.94,79.5,8.44,50,0,0.19,0,0,1.11,0.17,0.14,0,47.57,46.18,1.31,1.53,36,2,3
Gianluigi Buffon,0,0,100,0,0,0,0.06,0,0.06,0.82,0,0.06,0,0,25.29,63.26,0.59,34.03,2.24,0.24,0.18,0,1.18,0.12,0,0,100,80,0.06,0.06,17,3,1
Marco Olivieri,0.08,0.2,54.29,1.52,0,0,0.32,0.08,0,0.04,0,0.24,0.04,0,9.76,69.26,4.52,50,0,0,0,0,0.68,0.2,0.24,0,20,39.01,0.88,0.88,25,1,4
Luca Lezzerini,0,0,0,0,0,0,0,0,0,0.81,0,0,0,0,21.81,67.62,0.5,42.35,2.5,0.19,0.13,0.06,1.25,0.25,0,0.06,100,100,0.38,0,16,2,1
Federico Proia,0,0.05,54.55,1.23,0,0,1.32,0.77,0,0.27,0,0.68,0.05,0,16.73,79.35,3.41,55.56,0,0,0,0,0.64,0.09,0.18,0,39.47,42.76,0.55,1.05,22,2,3
Dennis Johnsen,0.09,0.21,34.07,0.82,0,0,0.48,0.21,0,0.15,0,0.48,0.18,0.15,14.67,66.94,4.76,48.89,0,0,0,0,0.61,0.12,0.15,0,38.81,35.41,0.55,0.76,33,2,4
Claud Adjapong,0.04,0,37.04,0.67,0,0,1.46,0.83,0,0.92,0,0.54,0,0,15.79,71.24,2.58,39.29,0,0.08,0,0,0.75,0.04,0.13,0,45.83,56.55,1.08,0.42,24,2,2
Massimiliano Mangraviti,0.07,0.03,100,0.28,0.03,0,0.72,0.38,0,2.48,0,0.28,0.03,0,41.83,82.36,4.34,47.17,0,0.14,0,0,1.17,0.1,0.21,0.03,59.21,56.62,0.34,0.62,29,2,2
Emanuele Cicerelli,0,0.03,43.48,0.45,0,0,0.59,0.1,0,0.34,0,0.41,0.1,0.03,9.17,77.44,3.41,58.33,0,0,0,0,0.24,0,0.03,0,45,45.67,0.79,0.55,29,2,4
Gabriele Gori,0.09,0.06,33.33,0.97,0.03,0,0.44,0.03,0,0.21,0,0.26,0.06,0.03,8.18,62.23,2.29,14.29,0,0,0,0,0.41,0.09,0.03,0,49.15,44.39,0.56,0.62,34,1,4
John Björkengren,0,0,46.67,0.35,0,0,0.82,0.59,0,1.06,0,0.47,0.18,0.12,26.94,81.22,5.24,44.83,0,0.06,0,0,1.24,0.06,0.18,0,45.65,45.61,0.59,1.06,17,2,3
Federico Giraudo,0,0,61.11,0.21,0,0,1.18,0.93,0.04,1.57,0,0.82,0.07,0.04,28,78.57,6,47.52,0,0.14,0,0,0.71,0.07,0.11,0.04,60.61,54.38,1.21,1.14,28,2,2
Miloš Bočić,0,0,37.5,0.25,0,0,0.17,0.17,0,0.08,0,0,0.17,0.08,5.58,74.63,2.17,66.67,0,0,0,0,0.25,0,0.08,0,66.67,54.55,0.92,0.58,12,1,4
Giuseppe Di Serio,0.19,0.19,33.33,1.11,0.04,0,0.37,0.07,0,0.26,0,0.19,0.04,0.07,8.15,67.27,2.63,41.67,0,0.04,0,0,0.78,0.19,0.19,0,31.25,36.02,1.11,1.19,27,1,4
Hjörtur Hermannsson,0,0,100,0.11,0,0,1.15,0.89,0,2.41,0,0.33,0,0,39.3,77.38,3.41,41.78,0,0.3,0,0,0.89,0.07,0.15,0.04,57.58,54.05,0.37,1.07,27,2,2
David Strelec,0.2,0.2,40.91,1.2,0,0,0.73,0.27,0,0.4,0,0.4,0.07,0.07,11.07,66.87,2.93,66.67,0,0,0,0,0.87,0.07,0,0,25.35,33.78,0.8,1,15,1,4
Simone Panada,0,0,25,0.4,0,0,0.6,0.4,0,0.4,0,0.2,0.1,0.1,15.2,78.29,3.7,60.98,0,0,0,0,0.5,0,0.3,0,100,50,0.1,0.4,10,1,3
Giovanni Fabbian,0.22,0.17,50,1.22,0.11,0,0.78,0.67,0,0.78,0,0.64,0.06,0.03,16.39,66.61,3.72,40.38,0,0.17,0,0,0.89,0.11,0.19,0.03,42.17,44.54,1.64,1.61,36,1,3
Giuseppe Aurelio,0.11,0.11,78.95,0.22,0.11,0,0.89,0.67,0,1.33,0,0.22,0,0,30.56,69.09,5.11,27.03,0,0.11,0,0,1,0.22,0.11,0,53.33,57.41,0,0.44,9,1,2
Andrea Beghetto,0,0,0,0.22,0,0,0.67,0.22,0,1.44,0,0.11,0,0,13.67,55.28,3,27.66,0,0,0,0,0.56,0,0,0,0,40,0.22,0.22,9,2,2
Christian Kouan,0.06,0,45.71,1.26,0.03,0,1.71,0.42,0,0.32,0,0.87,0.06,0.03,15.1,66.45,3.87,34.18,0,0.03,0,0,0.68,0.19,0.23,0,34.83,44.56,1,1.32,31,1,4
Filippo De Col,0.03,0,35.71,0.28,0.03,0,0.72,0.53,0,1.53,0,0.36,0.03,0.06,21.75,69.86,4,34.76,0,0.22,0,0,0.58,0.14,0.08,0,39.68,42.67,0.22,0.67,36,2,2
Alessandro Lombardi,0.25,0,0,0.75,0.25,0,0.5,0,0,0.75,0,0.25,0,0,2.25,88.89,0.5,0,0,0,0,0,0.5,0,0,0,14.29,31.25,0.5,0.5,4,1,3
Tom Van De Looi,0.03,0,75,0.66,0,0,0.97,0.47,0.03,1.59,0,0.28,0,0,34.47,76.79,5.53,38.78,0,0.13,0,0,0.88,0.09,0.16,0,46.91,52.43,0.63,0.91,32,1,3
Andrea D'Errico,0,0,66.67,0.7,0,0,0.4,0.2,0,0.1,0,0.2,0.1,0.1,7.8,79.49,2.7,50,0,0,0,0,0.4,0.1,0.3,0,0,44,0.3,0.5,10,3,4
Enrico Guarna,0,0,0,0,0,0,0,0,0,0.58,0.08,0,0,0,30.75,55.28,1.92,39.47,2,0.25,0.17,0,1.17,0,0,0,66.67,75,0.08,0,12,3,1
Vittorio Parigini,0,0.15,52.94,0.85,0,0,1,0.37,0,0.33,0,0.7,0,0.04,13.3,71.03,3.26,32.61,0,0,0,0,0.37,0.15,0.19,0,60.87,53.23,1.15,0.63,27,2,3
Ange-Yoan Bonny,0.04,0,56.76,0.42,0,0,0.67,0.04,0,0.13,0,0.33,0.04,0.04,8.38,84.08,3.58,71.43,0,0,0,0,0.25,0,0.17,0,28,48.41,0.71,0.63,24,1,4
Alessandro De Vitis,0,0,100,0.4,0,0,0.8,0.8,0,1.8,0,0.27,0.07,0.07,12.4,67.74,1.47,40,0,0,0,0,0.47,0.07,0,0,59.26,58.62,0.33,0.53,15,3,3
Silvan Hefti,0.04,0,22.22,0.19,0,0,1.69,0.77,0,0.73,0,0.69,0,0,29.77,78.81,6.46,36.9,0,0.23,0,0,0.38,0.19,0.23,0,36,41.1,0.12,1,26,2,2
Mirko Eramo,0,0,50,0.35,0,0,0.96,0.69,0,0.81,0.04,0.42,0,0,17.42,79.03,3.08,61.4,0,0.04,0,0,0.58,0,0.15,0,77.78,56.48,0.5,0.81,26,3,3
Domen Črnigoj,0.17,0,40.63,1.44,0,0,0.83,0.61,0.06,0.5,0,0.28,0,0.06,27.06,74.95,8.28,46.15,0,0,0,0,0.89,0.22,0.11,0,46.43,47.66,1.11,0.78,18,2,3
Andrea Schiavone,0,0,100,0.2,0,0,0.8,0.93,0,0.93,0,0.93,0.07,0,7.73,65.52,1.53,33.33,0,0,0,0,0,0.13,0,0,40,43.75,0.27,0.33,15,2,3
Riccardo Improta,0.06,0.11,41.38,1.03,0,0,1.4,0.66,0,0.63,0,0.71,0,0.03,21.2,70.49,6.17,17.65,0,0.09,0,0,0.8,0.2,0.06,0.03,45.21,49.29,1.29,0.94,35,2,3
Daniele Liotti,0.03,0,50,0.52,0,0,0.55,0.45,0,0.52,0,0.21,0.14,0.03,9.48,66.18,2.28,29.41,0,0,0,0,0.34,0.03,0.03,0,47.37,48,0.34,0.52,29,2,2
Davide Marsura,0.17,0,43.75,0.35,0,0,0.52,0.04,0,0.17,0,0.3,0.04,0.04,8.91,80,3.74,85.71,0,0,0,0,0.7,0,0.17,0,34.62,39.47,0.74,0.96,23,2,4
Riccardo Ciervo,0,0.05,46.15,0.58,0,0,0.21,0.05,0,0.11,0,0.26,0.16,0.16,9.32,74.58,2.53,52.94,0,0,0,0,0.26,0.05,0.05,0,0,33.33,0.26,0.37,19,1,4
Frédéric Veseli,0,0.05,50,0.33,0,0,1.38,0.81,0.05,1.62,0.05,0.29,0.1,0.1,36.67,82.73,4.38,43.65,0,0.1,0,0,1.1,0.24,0.19,0,41.82,50,0.38,1,21,3,2
Soufiane Bidaoui,0,0,57.69,1.11,0,0,0.42,0,0,0.05,0,0.37,0,0.05,13.63,81.85,4.42,50,0,0.05,0,0,0.58,0.05,0,0,16.67,43.75,0.89,0.63,19,3,4
Ahmad Benali,0,0.04,38.1,0.52,0,0,1.48,0.8,0,0.52,0,0.64,0.04,0,26.56,84.94,5.64,58.75,0,0.04,0,0,0.32,0.2,0.24,0,48.65,47.37,0.36,0.64,25,3,3
George Pușcaș,0.16,0.2,36,1.24,0.04,0,0.08,0.04,0,0.28,0,0.04,0.16,0.04,9,67.11,3.12,60,0,0.04,0,0,0.24,0.08,0.08,0,57.89,42.77,0.64,1.28,25,2,4
Antonio Mazzotta,0,0,56.52,0.1,0,0,0.7,0.8,0.05,1.2,0,0.45,0,0,43.2,82.75,7.2,40.74,0,0.3,0,0,0.7,0.15,0.2,0,40,46.3,0.65,0.75,20,3,2
Marco Pompetti,0,0.06,25,0.59,0,0,0.94,0.35,0,0.82,0,0.76,0,0,15.88,83.7,3.65,56.52,0,0,0,0,0.53,0.12,0.24,0.06,36.36,36.51,0.12,1.06,17,1,3
Dario Šarić,0,0.03,52.94,1,0,0,1.03,0.34,0.03,0.55,0,0.62,0.03,0.03,18.93,77.96,4.24,59.18,0,0.03,0,0,0.69,0.1,0.14,0,44.83,54.34,1.69,0.97,29,2,3
Maximilian Ullmann,0,0,20,0.2,0,0,0.6,0.6,0,0.8,0,0,0,0.2,21.8,64.22,3.6,31.25,0,0,0,0,0.8,0,0,0,25,42.11,0.6,0.8,5,2,2
Gian Filippo Felicioli,0,0,60,0.17,0,0,0.17,0,0,0.33,0,0.33,0,0,8.17,69.39,3,50,0,0,0,0,0,0,0.17,0,100,63.16,1.17,0.33,6,2,2
Dario Del Fabro,0,0.1,0,0.2,0,0,1.1,1,0,4.3,0.1,0.2,0,0,33.9,71.98,2.2,40,0,0.1,0,0,1.6,0,0.2,0.1,58.02,57.27,0.5,1,10,2,2
Tomás Esteves,0,0,79.59,0.39,0,0,1.39,0.48,0.09,0.78,0,0.48,0.04,0.04,21.7,73.55,4.65,40.3,0,0.04,0,0,0.61,0.09,0.04,0,36.36,59.86,0.39,0.39,23,1,2
Luca Ghiringhelli,0.08,0,0,0.54,0.08,0,0.54,0.62,0.15,1,0,0.54,0.08,0,16.85,65.3,4.31,31.71,0,0.08,0,0,0.54,0.23,0.23,0,55,49.02,0.62,0.69,13,3,2
Aldo Florenzi,0.14,0,37.93,1.05,0,0,1.24,1.29,0,0.62,0,1.24,0.05,0,24.05,80.79,6.33,60,0,0.14,0,0,0.62,0.1,0.24,0.05,18.52,41.3,2,1.43,21,1,3
Ilias Koutsoupias,0.05,0.05,88.89,0.53,0,0,0.79,0.32,0,0.47,0,0.21,0,0,14.68,81.72,3.74,52.63,0,0,0,0,0.58,0.11,0.32,0,50,55.45,1.16,1,19,1,3
Filippo Sgarbi,0,0,52.17,0.32,0,0,1.32,1.03,0,2.59,0,0.32,0.03,0.06,29.09,67.14,3.68,36.36,0,0.29,0,0,0.94,0.24,0.09,0.03,54.69,51.44,0.97,1.71,34,2,2
Andrea Poli,0,0,53.85,0.18,0,0,0.91,0.45,0,0.09,0,0.09,0,0.09,16,86.93,4.27,66.67,0,0,0,0,0.36,0,0.18,0,33.33,48.15,0.55,1,11,3,3
Alan Matturro,0,0,0,0,0,0,1,1.5,0,0,0,0.5,0,0,23.5,87.23,0,55.56,0,0,0,0,0.5,0,0,0,33.33,42.86,0,0.5,2,1,2
Vittorio Agostinelli,0,0,0,0.5,0,0,0.5,0,0,0.5,0,1,0,0,5,80,2.5,0,0,0,0,0,0,0,0,0,0,33.33,0,0,2,1,3
Marin Šverko,0,0,0,0,0,0,0.5,0.75,0,1,0,0,0,0,14.25,82.46,2,37.5,0,0,0,0,0.5,0,0.25,0,50,50,0.25,0.75,4,2,2
Damiano Cancellieri,0,0,57.14,0.5,0,0,1,0,0,0.5,0,0.33,0,0,9.83,71.19,2.33,55.56,0,0,0,0,0.5,0.17,0.17,0,25,50,0.33,0.67,6,1,2
Alessandro Circati,0,0.07,50,0.14,0,0,0.43,0.79,0,2.5,0,0.21,0,0,28.71,83.33,1,53.49,0,0.14,0,0,0.79,0.07,0.14,0.07,61.67,53.26,0.36,1.14,14,1,2
Marco Nasti,0.16,0.12,30.77,1.04,0.08,0,0.4,0.2,0,0.2,0,0.52,0,0,10.52,79.09,2,53.33,0,0.04,0,0,0.76,0.08,0.4,0,20,29.32,1.08,1.84,25,1,4
Botond Balogh,0,0.07,100,0.13,0,0,1.07,1.2,0.13,2.87,0,0.33,0,0,28.07,85.04,1.27,40.82,0,0.13,0,0,0.8,0.07,0.27,0,42.86,49.06,0.67,1.13,15,1,2
Andrea Cagnano,0,0,62.5,0.46,0,0,1.38,0.62,0.08,1.08,0,0.38,0,0.08,23.23,73.18,4.15,40.98,0,0.08,0,0,0.77,0.08,0.31,0,31.82,48,0.46,1.08,13,2,2
Aljaž Struna,0,0,0,0.07,0,0,0.79,1.14,0,3.71,0,0.14,0,0,23.21,69.23,2.29,29.69,0,0.14,0,0,0.86,0.36,0.21,0,65,57.61,0.29,1.29,14,3,2
Roberto Inglese,0.17,0.38,50,1.88,0.04,0,0.42,0.04,0,0.13,0,0.46,0.04,0.04,10.29,67.61,3.08,56.25,0,0,0,0,0.63,0.13,0.04,0,40.48,37.56,0.92,1,24,3,4
Maxime Leverbe,0.06,0,75,0.78,0.06,0,1.06,1,0,3.56,0.11,0.44,0,0,42.83,79.9,4.28,45.65,0,0.17,0,0,1.11,0.22,0.28,0.06,64.15,54.39,0.33,1.11,18,2,2
Danilo Quaranta,0,0.06,66.67,0.22,0,0,0.67,0.72,0,2.5,0,0.17,0,0,27.33,82.52,1.61,54.1,0,0.17,0,0,0.83,0.06,0.22,0,42.11,48.84,0.67,1.17,18,2,2
Marco Armellino,0.07,0.07,46.15,1,0.04,0,1.14,0.39,0,0.96,0,0.68,0,0.04,25.39,80.31,8.54,38.64,0,0.11,0,0,1,0.11,0.14,0,51.11,51.03,0.46,0.61,28,3,3
Raúl Moro,0.08,0,44.44,0.58,0,0,0.33,0.08,0,0,0,0.17,0,0,7.17,66.28,1.75,25,0,0,0,0,0.25,0.08,0.08,0,40,50,0.5,0.33,12,1,3
Roberto Floriano,0,0.08,50,0.58,0,0,0.08,0.17,0,0,0,0.33,0.17,0.08,11.08,62.41,3.83,43.75,0,0,0,0,0.5,0.08,0.08,0,25,35.71,0.25,0.33,12,3,4
Flavio Bianchi,0.12,0,39.02,1.12,0,0,0.21,0.09,0,0.09,0,0.09,0,0,8.88,76.49,3.38,82.35,0,0,0,0,0.59,0.06,0.09,0,25,34.25,0.56,0.59,34,1,4
Nunzio Lella,0.06,0.06,60,0.67,0,0,0.83,0.78,0.06,0.72,0,0.56,0,0,12.28,77.38,3.33,47.37,0,0.06,0,0,0.28,0,0.06,0,52.38,48.81,0.67,0.83,18,1,3
Aaron Connolly,0,0,0,1.2,0,0,0,0.2,0,0.4,0,0,0.2,0,4.8,70.83,1.8,50,0,0,0,0,0.8,0,0.2,0,100,40,1.4,1,5,1,4
Diego Falcinelli,0.18,0.09,41.56,1.76,0.03,0,0.64,0.09,0,0.67,0.03,0.48,0.09,0.12,17.64,74.74,6.27,63.16,0,0.06,0,0,0.79,0.12,0.12,0,38.17,39.14,2.39,1.76,33,3,4
Simone Ghidotti,0,0,0,0,0,0,0.06,0,0,0.22,0.17,0.06,0,0,23.78,68.93,1.17,50.19,2.72,0.17,0.28,0,1.06,0.33,0.06,0,75,66.67,0,0,18,1,1
Leonardo Capezzi,0,0.08,71.43,0.62,0,0,1.38,0.69,0,0.15,0,0.62,0,0,20.62,75.75,4.92,43.33,0,0.08,0,0,0.38,0.15,0.15,0,31.25,44,0.38,1.31,13,2,3
Andrea Rispoli,0.03,0.03,26.92,0.57,0.03,0,0.73,1.13,0,1.63,0,0.23,0.03,0.03,31.73,70.48,6.33,41.28,0,0.17,0,0,1.13,0.17,0.17,0,46.94,42.76,0.33,0.8,30,3,2
Karlo Butić,0.08,0,40,0.62,0,0,0.31,0.54,0,0.46,0,0.62,0,0,7.85,72.55,2.62,100,0,0,0,0,0.85,0,0.08,0,22.73,31.75,0.69,0.46,13,2,4
Antonino La Gumina,0.11,0.11,35.71,1.44,0,0,0.19,0.07,0,0.33,0,0.22,0,0,8.3,71.43,2.52,54.55,0,0.04,0,0,0.7,0.11,0.11,0,32.05,36.51,1.07,0.89,27,2,4
Emil Kornvig,0.07,0.07,40,0.93,0,0,0.79,0.36,0,0.36,0,0.21,0,0,12.57,78.98,2.5,50,0,0,0,0,0.64,0.07,0,0,66.67,50.68,1,1.14,14,1,3
Alin Toșca,0,0.06,50,0.25,0,0,1.06,1.31,0,2.44,0,0.75,0.06,0,43.88,78.35,3.63,40.27,0,0.19,0,0,1.25,0.31,0.13,0,39.47,44.44,0.25,0.5,16,3,2
Simone Mazzocchi,0.09,0.15,28.13,1.18,0.06,0,0.48,0.21,0,0.73,0,0.45,0,0,13.82,69.08,3.27,44,0,0.03,0,0,0.55,0.12,0.12,0,37.39,38.37,0.79,0.3,33,2,4
Fabio Ponsi,0,0,68.42,0.24,0,0,1.2,1.8,0.04,1.76,0,0.6,0.04,0.04,28.88,73.27,6.88,34.02,0,0.12,0,0,1,0.2,0.12,0,44.68,45,0.32,1.12,25,1,2
Stefano Sturaro,0,0,50,0.5,0,0,0.89,0.11,0,0.44,0,0.33,0.06,0.06,13.22,68.91,3.06,38.89,0,0.06,0,0,0.11,0,0.22,0.06,45.24,46.36,0.72,0.94,18,2,3
Davide Agazzi,0,0.04,57.69,0.64,0,0,1.57,0.36,0,0.46,0,0.89,0.07,0.07,27,85.85,7.36,64.29,0,0.14,0,0,0.86,0.11,0.11,0.04,68.97,49.14,0.25,0.93,28,2,3
Vincenzo Millico,0,0,33.33,0.4,0,0,0.33,0,0,0.07,0,0.13,0.13,0.2,5.93,73.03,1.73,58.82,0,0,0,0,0.47,0,0.33,0,40,32.43,0.13,0.67,15,1,3
Lisandru Tramoni,0,0,75,0.6,0,0,0.6,0,0,0,0,0.2,0,0,6,60,2.6,0,0,0,0,0,0,0,0,0,0,68.75,1,0.4,5,1,3
Paulo Azzi,0.06,0.06,40,0.84,0,0,1.61,0.48,0.06,1.06,0,0.77,0.1,0.06,28.13,70.99,6.48,41.28,0,0.19,0,0,0.71,0,0.16,0,48.65,46,0.55,1.06,31,2,2
Giuseppe Carriero,0.06,0.03,41.67,0.76,0,0,0.82,0.3,0.03,0.42,0,0.36,0.06,0,8.45,63.44,2.03,25.81,0,0,0,0,0.52,0.06,0.24,0,45.45,45.75,0.7,0.94,33,2,3
Gabriele Capanni,0.06,0,71.43,0.47,0,0,0.24,0,0,0.06,0,0.24,0.06,0,7.82,87.22,3.29,75,0,0,0,0,0.24,0.12,0.06,0,20,48.72,0.24,0.24,17,1,4
Stipe Vulikić,0,0,0,0.33,0,0,0.33,0.83,0.17,1.83,0,0,0,0,11.33,58.82,1.5,37.5,0,0.17,0,0,0.33,0,0,0,50,52.38,0.33,0.33,6,1,2
Mladen Devetak,0,0,0,0.17,0,0,0.83,0.33,0,0.67,0,0.33,0.17,0,12.67,72.37,2.33,42.86,0,0.17,0,0,0.17,0,0.33,0,62.5,45.83,0.17,1,6,1,2
Francesco Donati,0.05,0,37.5,0.25,0,0,0.95,0.9,0,1.15,0,0.5,0,0,25.6,72.07,4.8,41.46,0,0.1,0,0,0.75,0,0.15,0,29.63,37.38,0.35,0.95,20,1,2
Álex Blanco,0.07,0.07,45.45,0.72,0,0,0.76,0.21,0,0.14,0,0.48,0.1,0.1,9.76,75.62,2.41,37.5,0,0,0,0,0.48,0.1,0.1,0,21.43,39.15,0.72,0.86,29,2,3
Marko Rog,0.05,0.1,61.11,0.76,0.05,0,1,0.33,0,0.43,0,0.67,0,0.05,24.38,84.18,6.33,72,0,0.05,0,0,0.33,0.05,0.24,0.05,28.57,46.77,1.05,1.14,21,2,3
Nicola Bellomo,0.08,0,42.31,0.68,0.04,0,0.68,0.2,0,0.36,0,0.8,0.2,0.16,14.48,76.52,4.08,43.4,0,0,0,0,0.36,0.12,0.16,0.04,25,36.23,0.72,0.88,25,3,3
Luca Zanimacchia,0.06,0.06,47.62,1.25,0,0,0.81,0.31,0,0.38,0,0.81,0.13,0.06,23.31,83.65,8.13,66.67,0,0.13,0,0,0.63,0.13,0.13,0,30.77,38.97,1,1.06,16,2,3
Mirko Carretta,0.05,0.11,43.75,0.42,0,0,0.63,0.11,0,0.26,0,0.53,0.05,0.05,6.47,58.54,1.58,16.67,0,0,0,0,0.32,0.11,0.21,0,16.67,41.49,0.95,0.79,19,3,4
Bruno Martella,0,0,37.5,0.15,0,0,0.5,0.4,0,1.1,0,0.25,0,0,19.25,69.61,3.5,38.3,0,0,0,0,0.6,0.2,0.05,0,63.16,53.7,0.2,0.4,20,3,2
Alfredo Donnarumma,0.05,0.14,62.5,0.67,0,0,0.29,0.1,0,0.05,0,0.19,0.05,0.14,4.67,61.22,1.43,75,0,0,0,0,0.43,0,0,0,15,34.12,0.57,0.38,21,3,4
Romeo Giovannini,0.05,0.05,50,0.77,0,0,0.95,0.18,0,0.14,0,0.64,0.14,0.05,13.36,73.81,5.41,57.14,0,0,0,0,0.14,0.05,0.05,0,10.53,41.18,0.95,0.64,22,1,3
Fran Karačić,0,0,48.78,0.73,0,0,1.23,1.5,0,1.91,0,0.82,0.23,0.14,37.59,69.17,6.32,39.9,0,0.18,0,0,1.14,0.23,0.36,0.05,58.33,46.27,0.82,1.73,22,2,2
Giuseppe Loiacono,0,0.15,0,0.46,0,0,0.46,0.77,0,2.31,0,0.08,0,0,26.62,78.32,1.85,45.59,0,0.08,0,0,0.77,0.08,0.15,0,54.29,47.27,0.15,0.69,13,3,2
Christian Pastina,0,0.06,75,0.31,0,0,1.25,1.25,0.06,1.56,0,0.38,0,0,31.44,85.49,3.31,58.02,0,0.06,0,0,0.94,0.13,0.31,0.06,25,43.53,0.56,1.44,16,1,2
Paolo Faragò,0,0,40,0.35,0,0,1.47,0.35,0,1.24,0,0.71,0,0,12.94,73.18,2.71,43.48,0,0.06,0,0,0.65,0.12,0.24,0,45.83,51.81,0.29,0.41,17,2,3
Facundo Zabala,0,0,50,0,0,0,1,0,0,1,0,0,0,0,30,66.67,4,50,0,0,0,0,1,0,0,0,66.67,75,2,0,1,1,2
Federico Accornero,0,0,0,0,0,0,0,0,0,0,0,0,0,0,7,100,2,0,0,0,0,0,0,0,0,0,0,100,1,0,1,1,4
Alessandro Arioli,0,0,0,0,0,0,1,1,0,0,0,0,0,0,3,66.67,0,0,0,0,0,0,0,0,0,0,0,20,0,0,1,1,4
Demba Thiam,0,0,0,0,0,0,0,0,0,0,0,0,0,0,11,81.82,0.5,50,1.5,0,0,0,0,0.5,0,0,0,0,0,0,2,2,1
Kalifa Kujabi,0,0,0,0,0,0,1,0,0,0,0,0,0,0,9,88.89,0,0,0,0,0,0,0,0,0,0,100,75,0,0,2,1,3
Harvey St Clair,0,0,0,0,0,0,1,0,0,0,0,0,0,0,4,75,0.5,0,0,0,0,0,0,0,0,0,0,100,0,0,2,2,4
Warren Bondo,0,0,100,0,0,0,0.67,0,0,0.33,0,0,0,0,4,66.67,0.67,0,0,0,0,0,0.33,0,0,0,0,66.67,0.67,0.33,3,1,3
Lennart Czyborra,0,0,0,0,0,0,2,0.67,0.33,0.33,0,0,0,0,25,72,2,30,0,0,0,0,1.33,0,0,0,83.33,93.33,1,0.33,3,1,3
Manuel Scavone,0,0,0,0,0,0,0.33,0,0,0.67,0,0,0,0,3.67,54.55,1,0,0,0,0,0,0.33,0,0,0,66.67,83.33,0.67,0,3,3,3
Pablo Galdames,0,0,0,0.5,0,0,0.75,0.25,0,0,0,0,0,0,15,68.33,3.25,40,0,0,0,0,0,0,0.25,0,0,27.27,0,1,4,2,3
Federico Ravaglia,0,0,0,0,0,0,0.25,0,0,1.5,0,0,0,0,26.75,56.07,1.5,40.51,1.25,0,0,0,0.75,0.5,0.5,0,100,100,0,0,4,1,1
Thomas Battistella,0,0,60,0.5,0,0,0.75,0,0,0.25,0,0,0,0,6.5,69.23,1.5,50,0,0,0,0,0.25,0,0,0,40,44.44,0,0.25,4,1,3
Lorenzo Carfora,0,0,44.44,1.38,0,0,0.75,0.25,0,0.13,0,0.38,0,0,9.5,75,2.88,0,0,0,0,0,1,0.13,0.13,0,19.05,32.84,1,1.5,8,1,3
Paolo Gozzi Iweru,0,0,25,0.17,0,0,1.17,0.42,0,0.67,0,0.08,0,0,13.67,73.17,1.58,33.33,0,0,0,0,0.25,0,0,0,35.71,51.92,0.5,0.42,12,1,2
Luka Bogdan,0,0.08,0,0.31,0,0,1.23,1.38,0,1.92,0.08,0.38,0,0,27.85,81.22,2.23,49.15,0,0,0,0,1.46,0.23,0.15,0,47.5,51.9,0.46,0.85,13,2,2
Simone Rabbi,0.09,0.22,55.56,0.7,0,0,0.35,0,0,0.22,0,0.13,0,0,7.09,66.87,1.91,25,0,0,0,0,0.48,0.04,0.13,0,26.67,41.01,1.17,0.96,23,1,4
Alessio Buttaro,0.06,0.18,58.33,0.47,0,0,1.06,0.94,0,1.71,0,0.18,0.06,0,23.71,67.49,4.76,22.39,0,0.18,0,0,1.18,0.24,0.12,0,30.43,53.41,0.88,0.76,17,1,2
Mattia Finotto,0.03,0.1,38.46,0.55,0,0,0.21,0.07,0,0.31,0,0.03,0.03,0.03,6.38,64.86,1.69,50,0,0.03,0,0,0.31,0.1,0.07,0,30,35.88,0.66,0.93,29,2,4
Antonio Candela,0.07,0.03,39.29,0.59,0,0,1.03,0.28,0.07,0.97,0,0.52,0.07,0.1,28.62,79.04,5.41,46.97,0,0.07,0,0,0.72,0.14,0.14,0,41.3,40.49,0.21,0.97,29,1,3
Davide Merola,0.07,0.07,42.86,1.36,0,0,0.43,0.43,0,0.64,0,0.36,0.07,0.07,11.14,78.85,3.64,68.42,0,0,0,0,0.93,0,0.07,0,7.14,37.8,1.07,0.57,14,1,3
Christophe Lungoyi,0.04,0.07,36.59,0.81,0,0,0.41,0.15,0,0,0,0.15,0,0.04,5.07,62.77,1.33,66.67,0,0,0,0,0.48,0,0.11,0,41.18,48.18,1.22,0.48,27,1,4
Emanuele Terranova,0,0,50,0.15,0,0,0.4,0.8,0,2.8,0,0,0,0,25.45,86.25,0.6,42.42,0,0.05,0,0,0.8,0.3,0.1,0,44.23,50.63,0.4,0.45,20,3,2
Ádám Nagy,0,0,55.56,0.26,0,0,1.59,1.56,0,0.94,0,1.06,0.03,0.06,33.91,77.97,6.38,44.92,0,0.24,0,0,0.71,0.12,0.21,0.03,37.29,42.73,0.47,0.94,34,2,3
Stefano Pettinari,0.12,0.24,33.33,1.16,0.04,0,0.32,0.12,0,0.36,0,0.16,0.04,0.04,10.76,62.83,3.24,54.55,0,0,0,0,0.68,0.08,0.08,0,42.86,40.26,0.88,0.84,25,3,4
Adryan,0.13,0.13,28.57,1,0,0,0.25,0.25,0,0.13,0,0.63,0,0,12.5,83,5.25,0,0,0,0,0,0.63,0,0,0,42.86,42.86,1,0.5,8,2,3
Mamadou Tounkara,0,0.27,33.33,1,0,0,0.4,0.07,0,0.2,0,0.07,0,0.07,8.07,56.2,3.33,0,0,0,0,0,0.53,0.07,0.27,0,35.71,34.88,0.73,1.4,15,2,4
Gabriel Lunetta,0,0.08,52.63,0.75,0,0,1,0.42,0,0.83,0,0.92,0,0,7.5,64.44,2,41.67,0,0,0,0,0,0,0.17,0.08,40,41.77,0.58,1.42,12,2,3
Emanuele Zuelli,0,0,50,0.2,0,0,1.2,0.4,0,0.2,0,1.2,0,0,15.8,74.68,2.4,26.67,0,0,0,0,0.2,0,0,0,0,50,0.6,0.4,5,1,3
Simon Graves Jensen,0,0,0,0,0,0,0.2,1.8,0,3.2,0,0.2,0,0,31.6,84.18,3.2,40,0,0,0,0,1,0,0,0,38.46,42.11,0.4,0.4,5,1,2
Marino Defendi,0,0.05,66.67,0.2,0,0,0.6,0.3,0,0.9,0,0.3,0,0.05,18.85,73.47,4.7,30.77,0,0.05,0,0,0.6,0.2,0.2,0,39.29,41.67,0.15,0.65,20,3,3
Roko Jureškin,0,0.2,50,1.3,0,0,0.8,0,0.1,1.3,0,0.6,0.1,0,16.5,64.85,3,44.12,0,0,0,0,0.9,0.2,0.1,0,36.36,41.07,0.5,0.8,10,1,3
Alessandro Murgia,0,0.06,36.36,0.39,0,0,0.94,0.72,0,1.44,0,0.94,0,0,34.67,86.06,5.78,54.55,0,0.06,0,0,0.83,0.06,0.44,0.06,70.83,48.84,1.39,1.39,18,2,3
Ivan Delić,0,0.15,23.08,0.62,0,0,0,0,0,0.08,0,0,0.15,0.15,6.54,64.71,1.62,0,0,0,0,0,0.31,0,0,0,31.43,27.42,0.23,0.23,13,2,4
Jérémie Broh,0,0,50,0.13,0,0,0.37,0.43,0,0.6,0,0.07,0.03,0,23.07,81.21,5.37,48.72,0,0.17,0,0,0.5,0.17,0.1,0,60,50,0.4,0.43,30,2,3
Andrea Magrassi,0.04,0.15,28.57,0.77,0,0,0.08,0.08,0,0.35,0,0.08,0,0.04,9.96,55.6,3.31,50,0,0.04,0,0,0.42,0,0.15,0,53.64,45.83,0.54,0.81,26,2,4
Franco Carboni,0,0,50,0.33,0,0,1,0.17,0,1.08,0,0.58,0.08,0.08,18.08,74.19,1.83,33.33,0,0,0,0,0.25,0,0.25,0,70.59,49.21,0.17,0.83,12,1,2
Edoardo Iannoni,0,0.04,45.45,0.57,0,0,1.68,0.96,0,0.5,0,0.75,0,0,15.29,67.99,3.71,48.28,0,0.04,0,0,0.61,0.25,0.14,0.04,52.83,49.04,0.43,1.18,28,1,3
Alessandro Fiordaliso,0,0.07,50,0.07,0,0,0.53,0.27,0,0.53,0,0.47,0,0,17.27,80.31,3.4,44.44,0,0,0,0,0.27,0.07,0.13,0,47.62,47.92,0.2,0.33,15,1,2
Güven Yalçın,0,0.18,44.12,1.23,0,0,0.32,0.09,0,0.23,0,0.18,0.09,0.05,9.68,73.24,3.82,62.5,0,0,0,0,0.18,0,0.14,0,43.24,36,0.32,0.86,22,1,4
Ilario Monterisi,0.09,0,14.29,0.09,0,0,0.64,0.18,0,0.82,0,0.18,0,0,29,78.37,6.27,28.95,0,0.09,0,0,0.64,0.09,0,0,50,44.83,0.55,1,11,1,2
Andrija Novakovich,0.03,0.14,47.83,0.71,0,0,0.2,0.03,0,0.29,0,0.09,0.03,0.03,6.09,66.2,2.17,60,0,0,0,0,0.4,0.06,0.11,0,53.06,42.36,0.46,0.8,35,2,4
Massimo Zilli,0,0.07,47.06,0.48,0,0,0.66,0.1,0,0.28,0,0.14,0.03,0.07,6.59,62.3,2,50,0,0,0,0,0.45,0.1,0.1,0,50.43,43.51,0.66,1.24,29,1,4
Andrey Gălăbinov,0,0,0,0.25,0,0,0,0,0,0,0,0,0,0.25,2.75,54.55,1,100,0,0,0,0,0,0,0,0,33.33,28.57,0,0.25,4,3,4
Alberto Pomini,0,0,0,0,0,0,0,0,0,0.67,0,0,0,0,33.67,72.28,1.67,42.55,2.33,0,0.33,0,1.33,0,0.67,0,0,0,0,0,3,3,1
Patrick Amiamo Nuamah,0,0,0,0.17,0,0,0.83,0,0,0,0,0,0,0,1.83,81.82,1,0,0,0,0,0,0.17,0,0,0,33.33,52.94,0.33,0.33,6,1,3
Ciro Panico,0,0,37.5,0.33,0,0,0.89,0.67,0,1.11,0,0.56,0,0,15.44,66.91,2.11,23.08,0,0,0,0,1.33,0.11,0.11,0,70,66.67,2.22,0.78,9,1,2
Enrico Brignola,0.1,0.15,39.29,0.95,0,2.5,0.5,0.15,0,0.5,0,0.5,0,0,18.1,79.56,4.9,50,0,0,0,0,0.9,0.1,0.1,0,45.45,33.96,0.5,0.95,20,1,4
Alessandro Mattioli,0,0,57.14,0.64,0,0,1,0.5,0,1,0,0.64,0,0,17.36,56.38,3.29,27.59,0,0,0,0,0.86,0.07,0.07,0,25,51.56,0.93,1,14,2,2
Fabrizio Paghera,0,0,100,0.17,0,0,0.5,0.17,0,0.25,0,0.58,0.08,0.08,11.42,81.02,2.5,41.67,0,0,0,0,0.42,0.17,0.25,0,40,35,0.17,1.08,12,3,3
Andrea Oliveri,0,0,57.14,0.25,0,0,0.63,0,0,0.25,0,0.13,0,0,7,73.21,0.75,40,0,0,0,0,0.13,0,0.13,0,62.5,60,0.5,0.25,8,1,3
Giuseppe Bellusci,0,0,100,0.28,0,0,0.89,1.06,0.06,2.61,0.06,0.39,0,0,39.94,79.97,3.22,46.58,0,0.22,0,0,1.11,0,0.39,0.11,57.14,56.76,0.94,1.11,18,3,2
Jacopo Da Riva,0.05,0,55,0.85,0.05,0,1.2,0.55,0,0.25,0,0.2,0,0,13.1,78.24,2.85,30.77,0,0,0,0,0.2,0.1,0.1,0.05,36.36,50,0.35,0.9,20,1,3
Andrea Vallocchia,0,0,50,0.36,0,0,1.09,0.09,0,0.73,0,1.18,0.09,0.09,10.82,60.5,2.27,31.03,0,0.09,0,0,0.64,0.09,0,0.09,50,47.69,0.82,0.64,11,2,3
Antoine Hainaut,0,0,41.67,0.46,0,0,0.69,0.85,0,0.54,0,0.38,0.08,0,10.62,74.64,2.38,36.36,0,0,0,0,0.31,0,0.15,0.08,60,46.88,0.54,0.92,13,1,3
Krzysztof Kubica,0,0.07,0,0.21,0,0,0.79,0.07,0,0.21,0,0.29,0,0,8.07,69.91,1.93,12.5,0,0,0,0,0.29,0.07,0.21,0,50,52.94,0.64,0.57,14,1,3
Ryder Matos,0,0,54.55,0.33,0,0,0.2,0,0,0,0,0.13,0,0.07,6.2,74.19,3.33,100,0,0,0,0,0.07,0.07,0.13,0,17.65,39.06,0.87,0.67,15,2,4
Artur Ioniță,0.04,0.04,31.58,0.77,0.04,0,1.08,0.23,0,0.27,0,0.46,0,0.04,13.62,78.25,3.27,41.67,0,0,0,0,0.65,0.19,0.08,0.04,46.88,43.2,0.38,1.19,26,3,3
Alessandro Cortinovis,0,0,66.67,0.17,0,0,0.92,0.17,0,0.08,0,0.25,0.17,0.08,11.17,77.61,2.5,66.67,0,0,0,0,0.42,0.08,0.08,0.08,14.29,44,0.42,0.5,12,1,3
Niki Mäenpää,0,0,0,0,0,0,0,0,0,0.5,0,0,0,0,37,79.73,0,46.43,1.5,0,0,0,1,0,0,0,0,0,0,0,2,3,1
Federico Mazzarani,0,0,75,0.5,0,0,2,0.5,0,0,0,0,0,0,16.5,72.73,0.5,33.33,0,0,0,0,1,0.5,0,0,33.33,60,0.5,1.5,2,1,2
Cristian Galano,0,0,60,1,0,0,0.25,0,0,0,0,0,0,0,10.5,90.48,3.25,50,0,0,0,0,0,0,0,0,0,42.86,0.5,0.5,4,3,4
Nikita Contini,0,0,100,0,0,0,0,0,0,1.13,0,0,0,0,26.25,61.43,1.25,38.46,1.88,0.13,0.38,0.13,1.38,0.13,0,0,100,100,0.25,0,8,2,1
Nicola Rauti,0,0.12,23.08,1,0,0,0.82,0.24,0,0.35,0,0.29,0,0,6.06,78.64,2,75,0,0,0,0,0.53,0.12,0.12,0,35.29,42.31,0.59,0.88,17,1,4
Mateusz Praszelik,0,0,37.5,0.67,0,0,0.22,0.44,0,0.78,0,0.44,0,0,12.89,81.03,2.56,50,0,0,0,0,0.33,0.11,0,0,29.41,39.02,0.67,0.44,9,1,3
Roberto Crivello,0,0,0,0.33,0,0,0.33,0.83,0,1.17,0,0,0,0,19.5,74.36,3.83,33.33,0,0,0,0,1,0.17,0.17,0,40,55.56,1,0.67,6,3,2
Alessandro Mallamo,0,0.04,30.77,0.44,0,0,0.67,0.81,0,0.07,0,0.37,0,0,12.44,88.39,2.44,45,0,0,0,0,0.48,0.07,0.15,0,16.67,46.08,0.85,0.63,27,1,3
Simone Giordano,0,0,47.37,0.5,0,0,0.67,0.44,0,0.78,0,0.22,0,0,27.61,79.07,4.67,41.89,0,0.06,0,0,1.06,0,0.06,0,40,53.01,0.83,0.33,18,1,2
Antonio Barreca,0,0,36.36,0.09,0,0,0.59,0.27,0,0.5,0,0.18,0,0,15.95,80.06,3.09,34.78,0,0,0,0,0.41,0.09,0.05,0,44.44,41.54,0.09,0.5,22,2,2
Francesco Cassata,0,0.04,61.9,0.41,0,0,1.33,0.26,0.04,0.22,0,0.59,0.07,0.07,17.63,70.59,4.19,42.11,0,0.07,0,0,0.52,0.19,0.3,0,45.71,45.3,1.04,1.81,27,2,3
Salvatore Dario La Vardera,0,0,40,0.38,0,0,1.5,0.88,0,1.25,0,0.38,0,0,13.38,67.29,2.13,35.29,0,0,0,0,0.5,0.25,0.5,0,46.67,47.06,0.38,0.75,8,1,2
Moustapha Cissé,0.11,0.11,42.11,0.67,0,0,0.28,0.11,0,0.22,0,0.33,0,0,5.94,65.42,2,55.56,0,0,0,0,0.33,0,0.11,0,26.19,28,0.22,0.83,18,1,4
Nicholas Siega,0,0,10,0.21,0,0,1.29,1.07,0,0.5,0,1,0.07,0.07,5.07,57.75,1.21,30,0,0,0,0,0.21,0,0.14,0,47.06,38.2,0.5,1.43,14,3,3
Simy,0,0.23,71.43,0.64,0,0,0.05,0.05,0,0.27,0,0.18,0,0,7.91,60.92,1.91,57.14,0,0,0,0,0.36,0.05,0,0,50,41.38,0.64,0.55,22,3,4
Davide Mazzocco,0,0,0,0.4,0,0,0.6,0.2,0,0.2,0,0.1,0,0,8.9,61.8,2.8,50,0,0,0,0,0.3,0,0,0,46.67,40.54,0.2,0.5,10,2,3
Nicola Mosti,0,0,10,0.53,0,0,0.47,0.06,0,0.12,0,0.12,0.06,0,11.82,84.58,4.59,33.33,0,0,0,0,0.29,0.06,0.12,0,11.11,29.82,0.41,0.94,17,2,3
Yeferson Paz,0,0,26.67,0.69,0,0,1.46,0.69,0,1.27,0,0.46,0.08,0,14.58,59.37,3.15,34.83,0,0.04,0,0,0.85,0.08,0.27,0.04,38.3,41.36,0.58,1.5,26,1,3
Pablo Rodríguez,0.2,0.27,43.18,1.33,0,0,0.47,0.07,0,0.13,0,0.73,0,0.07,13.8,68.6,4.93,85.71,0,0,0,0,1.33,0.07,0.13,0.07,19.44,36.46,2.2,1.67,15,1,3
Carlos Embalo,0,0.11,32.14,0.61,0,0,0.06,0,0,0.06,0,0.11,0.06,0,5.89,76.42,2.67,44.44,0,0,0,0,0.22,0.11,0.06,0,21.05,30.59,0.67,0.67,18,2,4
Damir Ceter,0,0.25,50,0.58,0,0,0.33,0.08,0,0.42,0,0,0,0.08,6.17,64.86,1.92,0,0,0,0,0,0.17,0.08,0.08,0,45.45,41.79,0.42,0.58,12,2,4
Isaías Delpupo,0,0,50,0,0,0,1,0,0,0,0,0,0,0,7,57.14,1,0,0,0,0,0,1,0,0,0,100,75,0,0,1,1,3
Andrea Ghion,0,0,0,0,0,0,0,0,0,0,0,0,0,0,4,50,1,0,0,0,0,0,0,0,0,0,0,50,1,1,1,1,3
Jay Enem,0,0,0,0,0,0,0,0,0,0,0,0,0,0,3,66.67,2,0,0,0,0,0,0,0,0,0,0,0,0,0,1,1,4
Filippo Puletto,0,0,0,0,0,0,0,0,0,0,0,0,0,0,4,75,0,0,0,0,0,0,0,0,1,0,100,50,0,1,1,1,3
Mattia Minesso,0,0,0,0,0,0,0,0,0,0,0,0,0,0,2,50,0,0,0,0,0,0,1,0,0,0,33.33,33.33,0,0,1,3,3
Emanuele Agnello,0,0,50,0,0,0,0,0,0,0,0,0,0,0,11,100,4,0,0,0,0,0,0,0,0,0,0,50,0,0,1,1,3
Samuele Righetti,0,0,0,0,0,0,1,0,0,1,0,0,0,0,8,37.5,0,0,0,0,0,0,1,0,0,0,50,50,0,1,1,1,2
Alassane Sidibe,0,0,100,0,0,0,0,0.5,0,0,0,0,0,0,8,87.5,0.5,100,0,0,0,0,1.5,0,0.5,0,0,75,1,0.5,2,1,3
Emmanuele Matino,0,0,0,0,0,0,0.5,0,0,1,0,0,0,0,6,100,0,100,0,0,0,0,0.5,0,0,0,0,66.67,0.5,0,2,2,2
Agostino Camigliano,0,0,0,0,0,0,0,0,0,0.5,0,0,0,0,4,37.5,0,0,0,0,0,0,0,0,0.5,0,100,50,0,0.5,2,2,2
Alberto Almici,0,0,100,0,0,0,0.4,0,0,0.4,0,0,0,0,8.8,79.55,1.8,33.33,0,0,0,0,0.4,0,0.2,0,50,55.56,0.2,0.6,5,2,2
Marcello Falzerano,0,0,40,0.32,0,0,1.18,0.27,0,0.5,0,0.41,0.05,0,18.73,72.33,4.73,33.33,0,0.09,0,0,0.64,0.05,0.05,0,27.78,40.97,0.73,1.23,22,3,3
Devid Eugene Bouah,0.11,0.11,68.42,0.67,0,0,1,0.22,0,1.22,0,0.56,0,0,15.67,75.18,2.78,40,0,0,0,0,1.22,0,0.33,0.11,37.5,48.57,0.67,1.33,9,1,2
Gabriel Charpentier,0,0.13,0,0.75,0,0,0.38,0,0,0,0,0.13,0,0,3.88,64.52,1,0,0,0,0,0,0.13,0.13,0,0,35,33.33,0.13,0.5,8,1,4
Denis Drăguş,0,0.2,20,1,0,0,0.4,0.2,0,0.2,0,0.2,0,0,4.8,95.83,2.8,100,0,0,0,0,0,0,0.2,0,16.67,26.32,0.2,0.8,5,1,4
Edoardo Pierozzi,0,0,20,0.2,0,0,0.8,0.4,0,0.6,0,0.2,0,0,12,65,2.4,66.67,0,0,0,0,0.2,0.2,0.2,0,80,47.62,0.2,0.4,5,1,3
Samuel Giovane,0,0,27.27,0,0,0,0.43,0.3,0.04,0.48,0,0.17,0.04,0.04,12.65,77.66,2.43,29.17,0,0,0,0,0.57,0.04,0.26,0.04,40.91,44.79,0.91,1.13,23,1,3
Kelvin Yeboah,0.09,0.09,8.33,0.91,0.09,0,0.18,0,0,0.09,0,0.36,0.09,0.09,4.27,63.83,1.91,0,0,0,0,0,0.27,0,0.09,0,29.41,23.08,0.64,1.18,11,1,4
Edoardo Bovolon,0,0,0,0,0,0,0,0.5,0,0,0,0.5,0,0,18.5,67.57,1.5,22.22,0,0,0,0,1,0,0,0,0,37.5,1.5,0,2,2,3
Reuven Niemeijer,0,0,25,0.4,0,0,0,0.07,0.07,0.13,0,0.2,0,0,4.27,73.44,1.27,50,0,0,0,0,0.4,0,0.13,0,20,21.95,0.27,0.53,15,2,4
Emmanuel Ekong,0,0,37.5,0.11,0,0,0.11,0.11,0,0,0,0,0,0.11,5.33,60.42,2,0,0,0,0,0,0.33,0.11,0,0,33.33,25.58,0.22,0.89,9,1,4
Samuele Spalluto,0,0,0,0,0,0,0,0,0,0,0,0,0,0,0.67,0,0,0,0,0,0,0,0,0,0.33,0,100,33.33,0,0.33,3,1,4
Pietro Rovaglia,0,0,0,0,0,0,0,0,0,0,0,0.33,0,0,2.67,62.5,0.33,0,0,0,0,0,0,0,0,0,0,0,0,1.33,3,1,4
Simone Davì,0,0,33.33,0.09,0,0,0.64,0.18,0,0.36,0,0.09,0,0,9.27,71.57,1.36,25,0,0,0,0,0.36,0.27,0.09,0,33.33,48.48,0.45,0.45,11,1,2
Joel Obi,0,0,0,0,0,0,0,0,0,0,0,0,0,0,6,100,2,0,0,0,0,0,0,0,1,0,0,0,0,1,1,3,3
Yonatan Cohen,0,0,0,0,0,0,0,0,0,0,0,0,0,0,4,50,2,50,0,0,0,0,0,0,0,0,0,100,1,0,1,2,4
Jacopo Desogus,0,0,33.33,1,0,0,0,1,0,0,0,0,0,0,18,77.78,3,0,0,0,0,0,1,0,1,0,50,36.36,1,2,1,1,4
Alexandre Coeff,0,0,0,0,0,0,2,6,1,9,0,0,0,0,33,66.67,3,50,0,0,0,0,4,0,0,0,20,37.5,0,1,1,3,2
Shaka Mawuli Eklu,0,0,0,0,0,0,0,1,0,0,0,1,0,0,3,33.33,0,0,0,0,0,0,0,0,0,0,0,0,0,0,1,2,3
Adam Griger,0,0,0,1,0,0,0,0,0,0,0,0,0,0,1,100,0,0,0,0,0,0,0,0,0,0,0,0,0,1,1,2,4
Matteo Piacentini,0,0,0,0,0,0,0,0,0,1,0,0,0,0,5,100,0,100,0,0,0,0,1,0,0,0,0,0,0,0,1,1,2
Brayan Boci,0,0,0,0.5,0,0,0.5,0.5,0,0,0,0,0,0,7.5,53.33,1.5,33.33,0,0,0,0,0.5,0,0,0,0,50,0,0,2,1,2
Edoardo Lancini,0,0,0,0,0,0,0.67,0.67,0,0,0,0.33,0,0,23,86.96,1.67,25,0,0,0,0,1,0.33,0,0,100,50,0,0.67,3,2,2
Dejan Vokić,0,0,0,0.5,0,0,0,0,0,0,0,0.5,0,0,7,78.57,3.5,0,0,0,0,0,0.5,0.5,0,0,0,14.29,0.5,0.5,2,2,3
Andrea Danzi,0,0,75,0.31,0,0,0.38,0.38,0,0.38,0,0.38,0.08,0.08,16,72.12,3.77,44.83,0,0,0,0,0.15,0,0.08,0.15,38.46,35,0.08,0.62,13,1,3
Alessandro Seghetti,0,0,0,0,0,0,0,0,0,0,0,0,0,0,2,50,1,0,0,0,0,0,0,0,0,0,0,0,0,0,1,1,4
Davide Voltan,0,0,0,0,0,0,0,0,0,0,0,0,0,0,2,100,0,0,0,0,0,0,1,0,0,0,0,0,0,0,1,2,4
Davide Bertoncini,0,0,0,0,0,0,0,0,0,1,0,0,0,0,2,100,0,0,0,0,0,0,0,1,0,0,0,0,0,0,1,3,2
Alessio Abibi,0,0,0,0,0,0,0,0,0,1,0,0,0,0,23,50,1,36.11,3,0,0,0,1.5,1,0,0,100,100,0,0,2,2,1
Jack De Vries,0,0,33.33,0,0,0,0.67,0.33,0,0,0,1,0,0,12.33,89.19,4.33,100,0,0,0,0,0.33,0,0,0,0,27.78,0.33,1,3,1,3
Leonardo Loria,0,0,0,0,0,0,0,0,0,0,0,0,0,0,32,93.75,0,66.67,1,0,0,0,2,0,0,0,0,0,0,0,1,1,1
Pape Samba Thiam,0,0,0,0,0,0,1,0,0,0,0,0,0,0,9,77.78,5,0,0,0,0,0,1,0,0,0,0,12.5,0,0,1,1,4
Renzo Orihuela,0,0,0,0,0,0,0,0,0,0,0,2,0,0,1,100,0,0,0,0,0,0,0,0,0,0,100,33.33,0,0,1,1,2
Pierluigi Frattali,0,0,0,0,0,0,0,0,0,0,0,0,0,0,23,86.96,0,57.14,4,0,1,0,2,2,0,0,0,0,0,0,1,3,1
Gabriel Brazão,0,0,0,0,0,0,0,0,0,0,0,0,0,0,6,50,0,50,1,0,0,0,2,1,0,0,0,100,1,0,1,1,1
Marco Bosisio,0,0,0,0,0,0,0,0,0,0,0,0,0,0,0,0,0,0,0,0,0,0,0,0,0,0,0,0,0,0,1,1,2
Giuseppe Agostino,0,0,0,0,0,0,0,0,0,0,0,0,0,0,1,100,0,100,0,0,0,0,0,0,0,0,0,0,0,0,1,1,1
